customer_id,tenure_months,monthly_active_days,avg_session_duration,support_ticket_count,payment_delay_count,feature_usage_score,subscription_plan,negative_sentiment_ratio,churn
CUST_1,39,27,6.130168545525603,2,2,10.092697502848457,Pro,0.518391591566125,1
CUST_2,52,4,52.05599755772619,0,0,92.66954163079961,Basic,0.24627292189897343,1
CUST_3,29,8,42.87861596973871,2,0,87.26241520222472,Pro,0.6408486227842777,1
CUST_4,15,3,84.73841692966803,2,0,30.84917169851523,Pro,0.15479113600679095,1
CUST_5,43,29,93.11822936744358,0,2,24.698781593186702,Basic,0.22987043454817602,1
CUST_6,8,9,39.970883136697644,1,0,90.53973140649157,Pro,0.5493256690120225,1
CUST_7,21,29,98.33710666115816,3,1,0.17719513209559778,Pro,0.3899835813102194,1
CUST_8,39,2,38.80042745806738,0,0,60.05775279913467,Basic,0.7452022852872185,1
CUST_9,58,2,56.32753139845454,1,1,91.60037609456705,Basic,0.5835724775416182,1
CUST_10,19,28,88.6071306066254,1,2,50.855748890635276,Pro,0.38133512760891275,1
CUST_11,23,13,84.68582636085068,2,1,0.29669595996338893,Enterprise,0.3267299348347149,1
CUST_12,11,15,118.547374315903,0,0,21.88714293851557,Basic,0.9132427819679871,1
CUST_13,11,28,30.893517784832166,0,1,92.2441593891934,Enterprise,0.04008266196064514,1
CUST_14,24,23,81.16656005705197,0,0,1.7022424179829243,Basic,0.6910310391841052,1
CUST_15,53,12,75.1134194517144,3,2,39.47797660632014,Enterprise,0.39189857889550017,1
CUST_16,36,26,110.23632226635344,3,3,78.97447263329782,Basic,0.3773576745634003,1
CUST_17,40,4,22.98164628916063,0,1,83.80909936850034,Pro,0.6518767732847808,1
CUST_18,24,26,91.4567888124973,2,2,47.760793262867004,Pro,0.8504647532438292,1
CUST_19,3,8,70.35089087090836,3,0,23.24837517328525,Enterprise,0.724412245320069,1
CUST_20,22,9,36.58657502560912,5,2,59.970471768615894,Enterprise,0.6701112682450215,1
CUST_21,53,23,59.56001512692502,3,1,26.37780315573015,Basic,0.49620245004139674,1
CUST_22,2,5,43.384308663026744,1,0,25.526425799591635,Basic,0.46917846391329987,1
CUST_23,24,24,71.621041320673,3,0,80.75997633970131,Enterprise,0.4607152754868763,1
CUST_24,44,20,107.23507024368658,2,1,15.426583529661308,Enterprise,0.14544746328463176,1
CUST_25,30,18,70.47007320740323,0,0,0.5521478401990798,Pro,0.5595029883719552,1
CUST_26,38,11,77.64807810755717,2,0,33.67752170058491,Enterprise,0.31546427807001054,1
CUST_27,2,15,64.65600241819158,4,1,49.097395499502994,Pro,0.6182278962253457,1
CUST_28,21,28,10.88403324122973,3,2,70.50803918953237,Enterprise,0.5343352476243938,1
CUST_29,33,22,31.778734040750837,2,1,78.11152576042886,Pro,0.9399241953614144,1
CUST_30,12,9,61.580198884689516,3,1,66.351921113363,Pro,0.4349301320567234,1
CUST_31,58,17,40.67705763064105,3,1,62.650888031692666,Pro,0.6643972080126179,1
CUST_32,22,27,25.902813742537337,1,0,66.5748722319435,Basic,0.592802558689901,0
CUST_33,44,26,62.97527682062041,1,1,27.152651758109904,Pro,0.6843947579040913,1
CUST_34,25,12,42.123126246502785,5,1,38.23613229645678,Enterprise,0.26697485877284854,1
CUST_35,49,7,34.68237896494269,2,1,61.643650099956446,Enterprise,0.2572489444186017,1
CUST_36,27,10,58.35832300564379,4,0,6.557066035397286,Enterprise,0.5596779562290756,1
CUST_37,59,25,20.32768967944991,4,2,29.532535006785565,Basic,0.8490615813633513,1
CUST_38,42,26,111.69075930367184,2,1,40.641894475765305,Pro,0.7200086836966931,1
CUST_39,28,25,104.78574126071248,2,0,53.3440682853936,Basic,0.48893469968210246,1
CUST_40,16,10,86.37636736016157,3,1,48.64821073609611,Pro,0.2550944331986341,1
CUST_41,15,27,17.214590172672466,4,0,71.81318781539937,Enterprise,0.7593472261010208,1
CUST_42,47,13,94.2258842640147,1,2,47.34266754164611,Pro,0.9262461976126728,1
CUST_43,51,19,97.91509273253719,2,1,90.41299838249888,Basic,0.21302032098487234,1
CUST_44,44,11,93.29293103714883,1,1,38.03183421524173,Basic,0.7990937212127304,1
CUST_45,55,13,18.106077018712732,6,1,52.53717061761564,Basic,0.17244552848224504,1
CUST_46,52,21,79.04941506279295,2,2,0.32103896020267975,Basic,0.9007829782767571,1
CUST_47,57,8,100.94735151118083,2,1,31.047795644618937,Enterprise,0.6420498938858061,1
CUST_48,3,8,71.39564114026179,1,0,86.65729773139923,Basic,0.18101000426171499,1
CUST_49,37,4,79.33684815123023,4,1,33.35763945962916,Basic,0.03625952879694627,1
CUST_50,51,15,57.71180013402521,2,1,25.318633333246197,Basic,0.6946162936184067,1
CUST_51,7,28,65.80134178666606,3,2,54.353696244222164,Enterprise,0.6061018240528465,1
CUST_52,21,11,8.9533387104484,1,1,7.873009844207246,Pro,0.6113178165067392,1
CUST_53,9,11,78.48074752692773,4,0,53.16051316503992,Enterprise,0.4822619189796783,1
CUST_54,39,1,14.366429482483307,4,1,30.36657982421883,Enterprise,0.6144431434087466,1
CUST_55,18,17,55.02667834912569,0,0,38.31028898743875,Enterprise,0.8732230924888402,1
CUST_56,4,15,38.6553362317519,8,1,79.13650043371449,Pro,0.9520015815873328,1
CUST_57,25,20,67.724214274347,3,0,66.19640186141183,Basic,0.3445079567646516,1
CUST_58,14,6,20.342878585168815,2,1,44.610609312384284,Enterprise,0.48787196814833733,1
CUST_59,50,24,84.53899122693159,3,1,57.75163130849394,Basic,0.2730278767283446,1
CUST_60,58,22,96.4263267467741,0,1,76.68587553202292,Basic,0.41158534928030976,1
CUST_61,9,28,23.785761720462997,2,1,74.57837451961883,Pro,0.7958885541380134,1
CUST_62,26,25,16.996005045466447,2,1,18.532171055117843,Pro,0.42498913841500074,1
CUST_63,53,15,21.734280520546303,1,3,30.091922199920475,Enterprise,0.39164041252783355,1
CUST_64,2,9,105.86966961832769,3,2,34.823693096602526,Pro,0.8501111039511701,1
CUST_65,20,14,65.74176510198096,2,0,18.754229000500445,Pro,0.0012723616947949434,1
CUST_66,28,18,58.7350145408628,2,1,1.2161454006304195,Pro,0.8521880762556571,1
CUST_67,47,26,17.27185919677074,2,0,17.396726878881218,Basic,0.18140796607857912,0
CUST_68,7,17,79.69894077705061,3,1,80.82443270814872,Pro,0.27451197504263425,1
CUST_69,44,18,104.81995306793534,3,1,54.59204513924711,Enterprise,0.36160906853429176,1
CUST_70,8,5,100.2413749721971,3,1,34.16580269871808,Pro,0.8806522308535101,1
CUST_71,47,20,76.99629153279214,1,1,60.83444456294648,Enterprise,0.9086815408438214,1
CUST_72,35,20,13.657052414942466,2,2,73.98341253467918,Enterprise,0.6611785572983386,1
CUST_73,14,9,17.92565812524149,3,1,35.44277830208627,Pro,0.43944286456261283,1
CUST_74,17,11,10.670533517629838,0,0,46.607484153497445,Basic,0.5161278103248965,1
CUST_75,36,24,34.61010989663397,3,0,6.42132166701156,Enterprise,0.5804016092280032,1
CUST_76,50,22,20.60106872344344,1,0,59.70905362124792,Enterprise,0.9539908045434351,1
CUST_77,40,1,34.9055246290299,1,3,35.640709555218464,Enterprise,0.9691672001558919,1
CUST_78,4,18,49.28167640768059,0,3,43.352364760078764,Pro,0.8473329279468584,1
CUST_79,2,6,113.4430201681806,2,0,42.26006179469247,Enterprise,0.5837287066688582,1
CUST_80,6,27,75.19324687489458,3,1,63.24092887425428,Pro,0.39073447424494145,1
CUST_81,54,2,101.02198535354067,2,1,57.246534895448086,Enterprise,0.230279916685876,1
CUST_82,42,15,86.6904225819182,4,2,42.210604777656805,Basic,0.5344558603387405,1
CUST_83,4,29,17.937860010562652,1,0,1.6955021490728694,Enterprise,0.3456308929806182,1
CUST_84,54,26,89.63084673300412,2,1,62.09626146313793,Pro,0.07274449764112145,1
CUST_85,29,21,36.636371379299305,1,0,87.9577474034327,Pro,0.4762207583847561,1
CUST_86,18,14,78.49740240439122,2,0,76.95515715938977,Enterprise,0.5710861833102606,1
CUST_87,26,5,44.21062696894368,4,0,98.16156322500822,Pro,0.6113151439732911,1
CUST_88,44,6,119.73231027543581,0,2,13.907533802071336,Basic,0.073813880977052,1
CUST_89,34,6,35.30842014212945,3,2,22.25200527878537,Pro,0.48311018215620016,1
CUST_90,10,22,37.10000413904101,1,1,53.92674652219791,Enterprise,0.655913050249275,0
CUST_91,36,18,112.0273093896758,2,1,23.588170234380645,Basic,0.9610640697581181,1
CUST_92,14,14,7.834106533177107,1,0,3.454978128168984,Pro,0.02504580848846072,1
CUST_93,31,10,85.11923360541765,2,0,40.22882761639461,Enterprise,0.6762823014464379,0
CUST_94,48,14,88.41253493462598,3,0,28.76447341539825,Pro,0.06233741000264459,0
CUST_95,15,13,101.18353640219593,3,1,26.37608456588828,Enterprise,0.15884348722397534,1
CUST_96,8,3,117.06052072342466,1,1,95.31728170242486,Pro,0.17330797166973888,1
CUST_97,14,6,117.19422070301502,1,2,23.845411626544955,Pro,0.3288724369550854,1
CUST_98,23,29,12.506827120143349,3,0,12.943257118739782,Basic,0.8312990345058597,1
CUST_99,57,8,99.51152211658379,5,1,12.531925790785115,Basic,0.8562372549386442,1
CUST_100,40,12,79.32564237059886,1,0,80.63240734885292,Pro,0.37495191265119165,1
CUST_101,21,13,79.44434545290548,3,3,71.48480745267403,Enterprise,0.43130282725174185,1
CUST_102,16,11,19.760241560689902,1,2,12.94861955670622,Enterprise,0.21703071210647085,1
CUST_103,45,12,79.77152414125014,1,2,21.97531188607863,Pro,0.4325137910573118,1
CUST_104,18,1,117.9854967691435,2,0,74.73430084435303,Pro,0.2748344323517806,1
CUST_105,47,17,109.8591354970364,0,1,27.46163978346141,Basic,0.17488264524401242,1
CUST_106,53,16,55.50002599255781,2,1,98.15420751573521,Pro,0.15846806957417792,1
CUST_107,24,11,9.59401692790085,2,2,54.05700666209088,Pro,0.7756471513849146,1
CUST_108,26,13,46.66375135002355,1,1,19.200797041008823,Enterprise,0.11694639054891898,0
CUST_109,25,18,100.03488583406384,4,2,85.88084545127332,Basic,0.6160344716189553,1
CUST_110,45,11,85.67239666849409,5,0,31.947554589723516,Basic,0.16748201330053758,1
CUST_111,41,28,57.82452039330499,2,1,28.880735506437784,Pro,0.8378394191050323,0
CUST_112,29,12,11.336676543265575,1,0,32.744123345149845,Basic,0.27446706813679367,1
CUST_113,15,6,54.0928936996798,2,1,76.81972482230377,Enterprise,0.04489348352419931,0
CUST_114,45,9,58.9378680675566,3,5,17.321294971594813,Pro,0.45207315865391295,1
CUST_115,1,16,111.78388628282563,0,0,38.1785780260938,Pro,0.9997971128119623,1
CUST_116,25,4,78.72490191194834,1,1,3.0832772784410434,Enterprise,0.8131371022768445,1
CUST_117,7,3,40.84008541528462,5,1,82.66266173496078,Basic,0.5702624925532435,1
CUST_118,9,28,65.41160041183295,3,0,34.07187663070053,Basic,0.18943880846842087,0
CUST_119,24,16,12.59636039954841,0,0,24.817291980837442,Enterprise,0.117505037668585,1
CUST_120,1,24,116.84534709971973,4,0,57.98932423754992,Enterprise,0.8385505394349294,1
CUST_121,44,27,46.40688872203349,2,0,70.49918837513754,Enterprise,0.7877074054259167,1
CUST_122,8,26,59.95474581501062,2,2,81.28960371829432,Enterprise,0.4621885651704658,1
CUST_123,24,25,45.8576570372461,1,2,34.77849454990679,Basic,0.4214096868121544,1
CUST_124,11,12,83.48884896336301,4,0,81.23008501490696,Basic,0.7486727892752474,1
CUST_125,51,11,81.1566982079032,1,0,46.48810003714582,Enterprise,0.5360376491716871,1
CUST_126,17,5,87.26206571085059,1,1,10.114226754522493,Enterprise,0.40416925168776907,1
CUST_127,8,25,35.836471405370894,3,1,84.63074827157793,Pro,0.2517208560478261,1
CUST_128,35,18,41.301875333867585,2,2,54.763478210461436,Pro,0.12256350490508461,1
CUST_129,35,19,19.403891576063913,2,0,60.24695719473855,Basic,0.594793471672893,1
CUST_130,33,23,80.38364676230294,1,0,93.74912696947354,Pro,0.8260488477124824,1
CUST_131,59,23,9.576669643600043,2,2,55.91514849392553,Pro,0.7461831125691109,1
CUST_132,5,6,73.7334685851978,2,3,0.5583530677989001,Pro,0.6963184524661629,1
CUST_133,42,22,105.01502675793789,1,1,87.06158410031026,Basic,0.9288521091834304,1
CUST_134,39,18,107.44569705330785,2,3,28.475108032345997,Pro,0.3945167426762749,1
CUST_135,58,26,56.63934244254559,1,0,50.17669207840038,Enterprise,0.13721756713666433,0
CUST_136,41,6,57.81992414450348,3,1,20.488660256142023,Basic,0.101949103177291,1
CUST_137,28,4,13.851456045921996,0,1,29.698356845497344,Pro,0.9550120761488852,1
CUST_138,7,12,82.13797792594912,1,1,68.66488480670338,Basic,0.5889642158457398,1
CUST_139,9,19,99.44483334287723,2,0,42.957335103791394,Pro,0.8107932416018524,1
CUST_140,8,29,33.135331279542,3,0,62.71306305813871,Basic,0.535559854175416,1
CUST_141,12,27,53.449601387836935,3,4,82.3575691312951,Enterprise,0.398494396485491,1
CUST_142,34,29,101.4665237280061,0,0,34.082202218634514,Pro,0.20026965086698434,1
CUST_143,33,2,105.86885378116312,1,1,56.8340038326041,Pro,0.856408344943118,1
CUST_144,48,17,32.96569773038598,2,1,77.75878933731363,Basic,0.06351523729229747,1
CUST_145,55,11,68.31562297225689,0,0,71.51231927693746,Enterprise,0.9002328725887059,1
CUST_146,23,11,27.13671232312011,2,1,53.98434359818509,Pro,0.20501277887948854,0
CUST_147,24,21,16.716057876049003,3,0,38.33835107273551,Enterprise,0.009531045923136694,1
CUST_148,37,16,109.77885766007512,2,1,40.75019812330175,Pro,0.10389711512903321,0
CUST_149,35,2,99.35836298669255,4,0,43.31352119962656,Enterprise,0.8835087122482668,1
CUST_150,44,2,92.404013707365,2,2,34.88455289461518,Pro,0.07370717719159192,1
CUST_151,40,23,10.608126663511149,2,2,69.9075634889698,Basic,0.35524058674460635,1
CUST_152,22,8,102.02881116167961,0,0,12.54152522718297,Basic,0.2503165710072536,1
CUST_153,27,13,55.37506872911913,0,2,96.74541207172767,Enterprise,0.03685465208499017,0
CUST_154,35,10,44.37543917902386,2,0,77.89855019715401,Pro,0.531466853959481,1
CUST_155,1,8,67.84478151791829,1,0,29.816305216677385,Pro,0.9983329122213577,1
CUST_156,35,4,15.50562291320892,1,0,4.254756927063563,Enterprise,0.8530074800795212,1
CUST_157,37,15,92.01435317552587,3,0,71.13031723789261,Pro,0.16889262189216891,1
CUST_158,47,1,71.98003384215403,2,1,73.43590449698331,Basic,0.884316008731641,1
CUST_159,14,11,26.457861140414266,4,3,96.36226105275766,Pro,0.45179348112181417,1
CUST_160,3,7,26.64670297344024,3,0,25.3705557575165,Basic,0.27325054671107196,1
CUST_161,1,17,26.188594930857537,2,2,8.27250902042238,Enterprise,0.6403058729006902,1
CUST_162,5,27,11.55527456847241,1,0,91.51347577184326,Pro,0.21669481653859501,0
CUST_163,26,20,72.59682167774375,1,0,25.86490346127752,Enterprise,0.8796517867203983,1
CUST_164,55,24,101.64004042267844,2,1,72.15314473238818,Basic,0.6241841920313103,1
CUST_165,14,18,7.01229460854969,5,0,6.065963782767792,Enterprise,0.13602188177069485,1
CUST_166,39,22,10.635534171696458,4,0,76.0584804976167,Enterprise,0.5706488729494684,1
CUST_167,27,29,70.86858181899876,1,1,12.70258971371404,Pro,0.5103710424092065,1
CUST_168,9,22,99.24200381939602,0,1,69.55863480416035,Enterprise,0.47145553085113545,1
CUST_169,15,12,42.574972415392864,0,1,53.234304785340484,Enterprise,0.36497592151303593,1
CUST_170,15,9,45.20565586288805,5,1,95.54881304672604,Pro,0.4742055221730602,1
CUST_171,26,5,73.57984721212924,4,1,3.691764307734302,Enterprise,0.5860114836597305,1
CUST_172,42,10,36.534482249276905,2,0,29.204874580005814,Basic,0.7335693162007988,1
CUST_173,13,4,8.059962098933674,2,0,6.95089173342438,Pro,0.9178755811186461,1
CUST_174,51,5,89.55127958168354,4,0,87.9197635239719,Basic,0.04438409532151255,1
CUST_175,32,28,76.94973998826711,3,0,59.39011536611078,Pro,0.5693440187580908,1
CUST_176,39,28,71.78693989140079,6,0,53.4969612357899,Enterprise,0.751973977703274,1
CUST_177,49,10,90.29367483405966,0,1,13.145789211630976,Basic,0.11555413336658282,1
CUST_178,52,11,82.6515463196343,3,1,48.90322573130509,Basic,0.9114977934554581,1
CUST_179,32,21,28.676428640506934,1,5,39.87036551758154,Basic,0.24498976186645272,1
CUST_180,4,24,45.53532039848538,1,2,31.575186813902324,Enterprise,0.8333319192094832,1
CUST_181,30,10,19.502666293041877,1,1,77.21889554985944,Basic,0.6620066651158971,1
CUST_182,37,28,19.93355654305632,5,2,6.127603983344477,Basic,0.5595465936915738,1
CUST_183,23,8,82.76251083100202,6,1,64.66857273622017,Enterprise,0.8692423729151905,1
CUST_184,39,2,103.73901230298729,1,2,82.29930312022118,Enterprise,0.9692344896756502,1
CUST_185,45,23,115.71424714403099,2,0,90.73072828603243,Enterprise,0.9971308659545336,1
CUST_186,15,8,77.25991851818611,0,0,74.59165947554102,Basic,0.6832810150588804,1
CUST_187,43,16,26.17165218651005,0,2,28.245567885821554,Basic,0.3391310906337279,1
CUST_188,29,27,17.14978972662703,4,0,60.05074605237034,Basic,0.874699247919733,1
CUST_189,36,22,98.47786172672714,2,2,14.140361091435526,Pro,0.6543483089809873,0
CUST_190,13,5,71.55699478139992,1,0,11.7060623744776,Basic,0.32332919840956365,1
CUST_191,32,27,76.10277741657778,2,3,63.86241421385146,Basic,0.932364634469886,1
CUST_192,7,25,94.86814020679157,0,1,85.11076545842027,Pro,0.747650397960598,1
CUST_193,59,29,85.87688118923194,0,2,6.724812569961891,Pro,0.452827803960858,1
CUST_194,51,3,100.96269907845111,2,0,10.600373213329872,Basic,0.4544905931658204,1
CUST_195,22,12,11.464599127886025,2,2,56.5607307429357,Pro,0.9959285705532426,1
CUST_196,28,13,90.96487322584805,0,1,21.82118610193402,Basic,0.373709104506431,1
CUST_197,2,13,102.84806709204098,2,0,61.18181227776478,Enterprise,0.09408067789640939,1
CUST_198,42,10,37.90552988270615,1,0,21.454382525533987,Enterprise,0.5385615201977919,1
CUST_199,45,4,78.65143650922408,3,2,11.648197430605943,Enterprise,0.8848540505632171,1
CUST_200,57,9,41.12863734125179,4,2,54.557498216482735,Enterprise,0.5845197860481635,1
CUST_201,53,22,115.16667264548221,4,0,86.21951380326188,Pro,0.7930874727337991,1
CUST_202,6,24,8.843710830082932,2,0,68.51219721505299,Basic,0.054864699256108374,0
CUST_203,28,23,71.67617704078982,4,0,81.87251375359646,Pro,0.6733947415301921,0
CUST_204,28,27,24.147907910694236,4,1,26.633517439004827,Enterprise,0.07919411656948816,1
CUST_205,44,2,86.90532359537325,2,0,88.59786512970257,Enterprise,0.5563566806997877,1
CUST_206,44,19,25.22738259314614,2,1,37.70391745762707,Basic,0.4977674357076157,1
CUST_207,20,1,32.06907511831112,0,1,85.24476678569935,Pro,0.9456044253384063,1
CUST_208,30,25,61.85264327026218,4,0,47.11755901487261,Enterprise,0.1324644006731912,1
CUST_209,11,29,110.20601924964097,3,0,26.78576473604962,Pro,0.00949140857979891,0
CUST_210,58,7,29.347152797016648,2,0,26.02588310267929,Basic,0.13735475365797978,1
CUST_211,55,17,21.587602428581906,3,0,56.76678843646529,Basic,0.17070614154151065,1
CUST_212,28,3,92.28233566321353,3,2,7.901027020684581,Pro,0.2509114675291503,1
CUST_213,25,20,62.57124621840206,2,1,93.00561945885086,Basic,0.8150887567925408,1
CUST_214,39,20,109.85528792390372,6,0,27.146349569853566,Pro,0.3768808345397897,1
CUST_215,33,21,21.860674073381862,1,0,33.56248178458553,Pro,0.8407575879898589,1
CUST_216,1,3,79.28170769764952,2,1,23.330155374123272,Pro,0.27193385991240526,1
CUST_217,57,3,31.78110180745873,2,2,0.300796056072139,Enterprise,0.8605411182168008,1
CUST_218,27,17,23.02744929493852,2,1,69.25502368087977,Enterprise,0.008090443048970997,1
CUST_219,57,7,83.59438274308611,3,2,59.05529010342235,Pro,0.9345354705248288,1
CUST_220,52,27,73.27373128950433,2,0,80.96445401971157,Basic,0.7460492211241815,1
CUST_221,13,26,91.80515771166809,3,0,4.101077345098048,Basic,0.4127304797661895,1
CUST_222,41,14,40.58819629131097,1,0,92.86556447333203,Enterprise,0.5773350192838075,1
CUST_223,3,17,56.51674048395184,1,0,33.088694006036555,Pro,0.933016774192637,1
CUST_224,39,18,51.62924277799812,0,2,91.30698625057939,Enterprise,0.582560318655875,1
CUST_225,6,13,118.17028835614913,6,0,10.713148206753953,Pro,0.22856852364983715,1
CUST_226,8,20,38.608630025029605,2,0,74.39205814696412,Basic,0.5728739026185466,1
CUST_227,27,29,38.90398240987819,6,0,57.93582314323265,Basic,0.8714472937396257,1
CUST_228,9,20,45.77304401528985,2,0,35.8191215252584,Enterprise,0.9874499784439112,1
CUST_229,37,21,69.92831934838698,1,1,7.9142395933019305,Basic,0.5840832689146458,1
CUST_230,33,27,34.017115590330704,1,2,60.47365098467405,Pro,0.15564517480596263,1
CUST_231,51,18,110.2583431436165,0,0,2.6439883073913095,Basic,0.7717524411548266,1
CUST_232,42,4,35.553839959620305,2,1,50.12820991460075,Basic,0.9969113439068895,1
CUST_233,44,1,108.0188091294224,2,0,60.420857579365496,Enterprise,0.47363594474171355,1
CUST_234,24,18,16.899632319357234,5,0,73.2523747287522,Pro,0.3837327670297389,1
CUST_235,15,1,80.50471077596002,1,1,99.1334634224846,Enterprise,0.552500645914976,1
CUST_236,59,26,109.30333462039803,1,1,26.00937135077649,Enterprise,0.16476617984682929,0
CUST_237,54,26,24.406185415796397,2,0,32.238982137347506,Basic,0.9712833845035886,1
CUST_238,32,13,116.35760041141432,2,0,34.1145346808992,Pro,0.8383346857415752,1
CUST_239,32,20,57.08158644778384,2,0,73.1582711858835,Pro,0.11299071087377177,1
CUST_240,24,20,113.75723747071781,0,1,93.18192682561138,Enterprise,0.9450814973291476,1
CUST_241,41,23,82.8343050174554,3,2,97.43237495815588,Enterprise,0.9428194575381595,1
CUST_242,52,10,39.68249003545843,3,2,94.58113665581291,Basic,0.3163547497584157,1
CUST_243,49,27,26.65479036546724,3,2,87.93830077152434,Pro,0.6191420630983665,1
CUST_244,49,11,39.92953031588643,1,1,99.0977373820631,Pro,0.11075428535604293,1
CUST_245,58,9,15.697002065207624,3,1,37.59457268344969,Basic,0.08419140040241757,1
CUST_246,52,9,21.544816129482925,1,2,94.83213199987064,Enterprise,0.5017945609470471,1
CUST_247,12,5,17.035950639845332,2,3,76.10199623959116,Pro,0.049678069025066884,1
CUST_248,39,26,53.63850753027914,2,2,16.845985952797825,Basic,0.8748916099766108,1
CUST_249,2,1,96.49151326962244,1,1,4.546518787720233,Enterprise,0.9280953808775784,1
CUST_250,3,17,21.25910873487912,5,0,21.448395787032226,Basic,0.06730641142330596,1
CUST_251,49,22,19.986849814818626,1,2,77.87511242876262,Pro,0.0472847226704195,0
CUST_252,37,2,78.99432919449303,2,1,63.16968812258842,Enterprise,0.22141782108432861,0
CUST_253,49,24,27.67604292632762,1,2,22.43562573466852,Basic,0.9299583589120383,1
CUST_254,56,13,16.225154382534036,4,2,74.19214544713593,Basic,0.7690146269693309,1
CUST_255,17,9,24.18758649364143,2,0,14.1322239438203,Basic,0.6764977872521845,1
CUST_256,59,29,111.22911052582926,1,0,82.18413938586944,Pro,0.7763472101371325,0
CUST_257,49,4,99.46919406926195,1,1,79.4160975970732,Pro,0.199476781904102,1
CUST_258,2,5,45.71742467083582,1,0,97.25759707060485,Pro,0.25658836292339626,1
CUST_259,2,11,80.41938824265017,3,0,15.027956462931813,Basic,0.3176286358848849,1
CUST_260,28,24,66.78670247182438,1,1,90.66129944146003,Pro,0.6050659135186692,1
CUST_261,54,19,82.86929030049485,1,1,34.11026637218385,Basic,0.6082200655812334,1
CUST_262,23,21,83.50718253321732,3,2,41.60598647953117,Basic,0.20860772712321185,1
CUST_263,37,3,77.3044117318992,3,0,46.844506288676946,Basic,0.43672717308071474,1
CUST_264,32,12,35.60165738179049,2,3,62.69040532025558,Enterprise,0.690019888863465,1
CUST_265,33,26,9.485738387724084,0,4,99.47633701180428,Basic,0.3096192905601367,0
CUST_266,1,19,57.390179928862516,1,1,59.99588030552332,Pro,0.07547707888481037,1
CUST_267,19,19,107.46199673943094,2,1,92.67158650404073,Basic,0.19738997908459377,0
CUST_268,2,13,70.49218472963624,1,1,25.5028202084723,Pro,0.1647356195409032,1
CUST_269,53,28,100.72496979571942,0,1,39.841166181514964,Enterprise,0.6319427891263428,1
CUST_270,44,7,119.03679944054123,0,1,50.44995294385808,Enterprise,0.06854898722288194,1
CUST_271,26,15,23.81586347590177,0,1,32.29019897866707,Basic,0.8847495753462825,1
CUST_272,32,23,84.55442850132796,2,1,97.686710296433,Pro,0.08438713865739544,1
CUST_273,6,7,82.54376097550283,0,1,72.56835538972271,Enterprise,0.5979097383123252,1
CUST_274,32,26,117.69487644620202,0,3,47.88813521825601,Enterprise,0.9295326351690807,1
CUST_275,55,8,118.34408440457204,5,0,75.13047012097938,Enterprise,0.06242292870544397,1
CUST_276,4,5,83.96804034827488,3,1,46.744249908265125,Pro,0.38310487715838504,1
CUST_277,55,21,33.01570107795234,1,1,1.7225327367926035,Basic,0.32794579296305293,1
CUST_278,11,14,96.8339213850189,0,2,54.31934078103361,Basic,0.34420877387265714,1
CUST_279,56,4,17.308350434269382,2,1,62.51852187612016,Enterprise,0.6003114654119204,1
CUST_280,59,23,94.7804199797373,0,0,98.12074187185617,Basic,0.2621030954620509,1
CUST_281,17,10,109.67255427664008,1,0,4.079284826061769,Enterprise,0.027322957284606764,1
CUST_282,38,20,49.02584039837006,1,1,51.209695745513386,Pro,0.9622750364419149,1
CUST_283,24,15,77.52305892305425,2,1,9.815475670836182,Basic,0.7487759857650342,1
CUST_284,5,18,54.46641419113502,2,0,14.899590157096043,Pro,0.13512759223567394,1
CUST_285,52,20,55.342981323634774,3,0,61.04633389684761,Basic,0.45515685350959534,0
CUST_286,34,13,40.692652247433806,2,0,23.15677122664973,Pro,0.06272173321234975,1
CUST_287,6,29,92.64490635178733,2,1,74.91741112950245,Pro,0.02785633139749466,1
CUST_288,22,8,112.6603048791481,2,3,51.419869259527275,Basic,0.04751173143431442,1
CUST_289,11,9,113.18634881196303,0,1,21.821288516573723,Enterprise,0.7557777324797097,1
CUST_290,48,16,25.09984776061739,2,1,49.379167760106505,Enterprise,0.4449239572671184,1
CUST_291,16,19,105.59551971050509,0,0,0.08817269081207169,Pro,0.8443969152012445,1
CUST_292,33,16,89.80461576411905,0,1,86.2740043657841,Pro,0.3052151040743817,0
CUST_293,9,7,34.07630107938326,4,1,1.2678377055762802,Enterprise,0.7753217379652473,1
CUST_294,59,14,12.737730485974174,2,2,0.7009892492182535,Basic,0.07793455795010207,1
CUST_295,6,28,35.81968569170347,3,2,61.150394317964704,Basic,0.6351081576216695,1
CUST_296,16,14,109.90394722987544,4,1,97.35209257900829,Pro,0.36060191357935123,1
CUST_297,29,25,77.81554761301382,4,0,85.59334843539787,Basic,0.27672492660061265,1
CUST_298,3,27,87.92128600325526,1,1,25.201891258945164,Pro,0.8151090941506259,0
CUST_299,20,4,34.57252037754603,3,2,19.66668111476857,Basic,0.051922119605774864,1
CUST_300,59,26,87.72963789110433,1,0,62.61121806334554,Pro,0.9495314606862237,1
CUST_301,36,15,8.233973221961232,3,0,82.26377470220774,Basic,0.78554556586246,1
CUST_302,19,3,48.16195476389659,1,0,36.20786709000298,Pro,0.35560927392722486,1
CUST_303,26,5,77.07663508236809,2,0,43.23545903670759,Enterprise,0.9913329914545175,1
CUST_304,3,1,21.801105037251826,3,1,11.548951367775118,Enterprise,0.20248923911770278,1
CUST_305,19,3,99.6454110613975,1,1,15.282642125535917,Enterprise,0.4024140132931634,1
CUST_306,20,15,32.028599363370645,4,2,56.83515950260208,Enterprise,0.8848795362927627,1
CUST_307,32,24,80.01232797412132,2,3,10.265614574843696,Pro,0.9968070848025267,1
CUST_308,7,27,51.597671396162916,0,2,20.2046124795901,Basic,0.23911282134456902,1
CUST_309,52,8,73.54501347992942,1,1,23.467702401188404,Pro,0.7431134063733414,1
CUST_310,41,29,17.356813552324432,0,0,44.392453321363035,Pro,0.3057293306355545,1
CUST_311,33,4,6.944971990984842,1,1,4.561196412363621,Pro,0.766472670713606,1
CUST_312,40,2,109.59990914873464,4,0,49.97709716929386,Basic,0.12528401480024576,1
CUST_313,39,29,36.00745100822602,2,1,92.86744063940814,Pro,0.33616993377456583,1
CUST_314,18,24,99.26285531975279,2,0,2.446366111907261,Enterprise,0.07499958555448338,1
CUST_315,40,24,119.92528455430302,1,1,63.09848652074653,Enterprise,0.49189692024028775,1
CUST_316,1,10,29.314594669874783,1,0,83.58423651515423,Pro,0.7015005527537481,1
CUST_317,11,4,35.4946352360859,4,0,31.246084254917715,Enterprise,0.37861608832173643,1
CUST_318,28,3,81.22887557798656,4,2,13.15185450192249,Enterprise,0.614716925002346,1
CUST_319,57,2,116.02659297907144,1,0,4.333978760926305,Basic,0.5690867622524317,1
CUST_320,25,25,110.31865004193556,4,2,64.39030594358024,Pro,0.29459651741737003,1
CUST_321,50,17,62.83068480754226,0,2,55.223438022906834,Pro,0.48677818790098815,1
CUST_322,23,23,96.43768249057334,2,0,22.92949883919976,Enterprise,0.06901904299915729,1
CUST_323,31,21,20.610773106488622,0,0,83.1617307631748,Pro,0.4599132797760336,0
CUST_324,30,24,117.40539118346142,2,0,73.55063521523434,Pro,0.4581894943125421,1
CUST_325,42,20,115.90062191413844,1,2,27.642878498678314,Enterprise,0.02871791085741615,1
CUST_326,35,23,23.82883015610466,3,1,75.33630228646338,Enterprise,0.513873248116503,1
CUST_327,7,13,39.43365935235726,3,1,24.499421350077256,Pro,0.7376936659569188,1
CUST_328,16,5,16.517824713278195,0,1,67.52674618663609,Basic,0.4522521748365933,1
CUST_329,26,21,36.24752387329067,2,0,11.854504107387942,Enterprise,0.6460255213749485,1
CUST_330,48,9,98.83491578274877,0,0,69.22394633332073,Pro,0.5324209686685818,0
CUST_331,57,25,48.50629482400484,2,0,23.877441898226024,Enterprise,0.7851787746373422,1
CUST_332,52,29,15.165651221877214,1,0,57.24693542417141,Pro,0.514455265255737,0
CUST_333,49,25,44.355935349574025,3,1,17.246386685188252,Pro,0.3316090141068949,1
CUST_334,2,28,117.85908343774722,2,1,72.59669475679523,Basic,0.8275687695768456,1
CUST_335,1,22,77.41361345480834,1,0,6.087957439305169,Enterprise,0.06762141468662097,0
CUST_336,48,6,52.85850883670814,2,2,16.54177868027188,Basic,0.28945624587508356,1
CUST_337,12,5,24.151929052186052,3,0,18.41364798708365,Enterprise,0.5914844315630368,1
CUST_338,5,25,118.4103316876249,3,1,4.1343585853998555,Basic,0.8560265169472642,1
CUST_339,37,10,99.3976360652598,0,0,74.50125161602456,Enterprise,0.07214183719663336,0
CUST_340,32,8,37.36988978185573,1,1,98.09525047399327,Basic,0.09605293274020732,1
CUST_341,59,7,13.057900007936787,4,0,77.83977884116824,Basic,0.2823850212595319,1
CUST_342,55,7,11.511939098419173,3,1,86.06319621223956,Enterprise,0.3445719541957857,1
CUST_343,9,6,18.84348719313639,1,2,0.6007660338277154,Basic,0.8435382452748685,1
CUST_344,41,21,71.78838711565848,0,0,11.786996377459324,Basic,0.9589032171746619,1
CUST_345,35,29,111.80779343863162,4,2,55.90203392948624,Enterprise,0.01722868778586395,1
CUST_346,19,20,62.12549422068822,1,0,97.78688847941675,Enterprise,0.01535611137533055,1
CUST_347,48,3,101.93873048246267,3,0,66.07129310482036,Pro,0.8648103288756872,1
CUST_348,16,19,56.2769612838779,1,1,37.413669373807764,Enterprise,0.1356169732676782,0
CUST_349,3,22,86.4871077632999,2,1,14.61493054814592,Pro,0.33933616126335575,1
CUST_350,20,15,89.1653647879476,4,2,15.283569438265076,Basic,0.27521352736545013,1
CUST_351,24,4,25.005826178883943,1,2,36.27532023167838,Enterprise,0.2818682161098506,1
CUST_352,54,28,46.539846782218355,4,0,71.38101973440072,Pro,0.328591898150581,1
CUST_353,56,12,78.28974800187275,2,1,3.1819291024910656,Enterprise,0.33604618401403075,1
CUST_354,33,6,13.130109941202111,3,1,85.21775914616386,Pro,0.6201558393885646,1
CUST_355,24,19,46.577121592740006,4,1,94.15514356898058,Pro,0.6287841089150424,1
CUST_356,52,4,66.50193862233714,5,1,88.88164605308312,Enterprise,0.5228919967181036,1
CUST_357,11,15,119.56581670013345,1,3,91.3026909396893,Basic,0.8585415758115081,1
CUST_358,49,9,59.57135970158068,2,2,1.533927941826374,Basic,0.8456718463817281,1
CUST_359,8,5,98.84652706814721,3,1,97.77923159498958,Pro,0.21721740072551055,1
CUST_360,36,13,54.68773778266104,0,1,36.63571148903488,Pro,0.54363955752049,1
CUST_361,38,23,96.58493310126653,1,0,86.92811183651747,Basic,0.7838370915413031,1
CUST_362,40,26,73.47270218631246,2,1,18.680887069961415,Enterprise,0.8668743367569005,1
CUST_363,20,18,106.95847577277581,0,1,44.65257426622369,Enterprise,0.25518577307306356,1
CUST_364,35,5,52.258393520262636,2,0,4.416438862397665,Basic,0.4941001493974684,1
CUST_365,48,25,74.49500827947007,4,0,4.0075996842827255,Basic,0.5250272835056582,1
CUST_366,25,16,77.45214827116514,3,2,94.32761007696382,Basic,0.6996383182198953,1
CUST_367,35,27,52.99903830705443,2,2,81.06066125290391,Pro,0.330259236999504,0
CUST_368,25,19,21.595885024060376,4,1,52.98260444137933,Basic,0.2934517992916946,1
CUST_369,29,14,15.75933179491859,3,0,52.54581735645378,Basic,0.705597485701357,0
CUST_370,18,25,6.9172283189578065,0,0,74.87546184761862,Basic,0.399335483601973,1
CUST_371,46,16,105.45644038819968,2,0,34.166878157049005,Basic,0.0040239474901532235,0
CUST_372,18,27,32.194614907449875,5,3,76.18692758619521,Enterprise,0.937846579004087,1
CUST_373,2,15,29.323276167403325,1,3,48.50083799932724,Enterprise,0.14964549570630803,1
CUST_374,54,22,89.64407104899753,2,0,63.791740291146496,Basic,0.1486341159556953,1
CUST_375,35,4,41.80185300505005,2,4,96.48294501031478,Pro,0.818365801537962,1
CUST_376,16,7,63.19513962736121,2,0,47.13155575202615,Pro,0.335502830981675,1
CUST_377,41,16,23.688772509207475,1,2,41.840465974645014,Enterprise,0.32817530661826433,1
CUST_378,36,24,115.37075796812647,2,1,90.57491739413585,Pro,0.6223954073802911,1
CUST_379,33,22,102.9318610019823,0,2,90.2580494916344,Pro,0.059038652941375114,0
CUST_380,4,21,104.33580664097538,0,0,99.24187018831758,Enterprise,0.23696172576521768,1
CUST_381,33,22,51.7789810857806,0,0,55.08629993083092,Basic,0.053271163413243006,1
CUST_382,14,21,92.67153957632488,2,1,34.42615410266028,Basic,0.2915096617251026,0
CUST_383,21,8,21.54575786982472,5,0,24.03900631777036,Enterprise,0.8699301584794589,1
CUST_384,48,17,5.991185298054732,3,1,3.40963569516618,Basic,0.9093325444319809,1
CUST_385,20,16,7.296887246473235,4,0,72.67286242108855,Basic,0.3094366947290019,1
CUST_386,56,27,72.45919980152445,1,0,23.347617373544672,Enterprise,0.18758669629014457,1
CUST_387,8,23,57.37041410351319,2,0,60.66408852256573,Enterprise,0.13527598822537534,1
CUST_388,7,10,64.57176512447977,3,1,91.65923653643955,Enterprise,0.3944191208134017,1
CUST_389,3,10,5.858261147980231,2,1,95.02136073945267,Pro,0.8264062847802324,1
CUST_390,17,27,53.608961260603955,3,1,0.44101339803103157,Enterprise,0.8526634336275619,1
CUST_391,33,2,87.57783853809899,5,2,31.70750313763564,Enterprise,0.045927984152292156,1
CUST_392,48,9,55.90977572625512,3,2,83.73780294652269,Enterprise,0.20922885626847765,1
CUST_393,12,17,89.20520872590556,1,3,53.644520535153525,Enterprise,0.20317025518143328,1
CUST_394,59,11,31.797180905636,2,0,80.75087334821528,Basic,0.8284301800160807,1
CUST_395,51,10,98.51133051539843,1,1,85.3323282837938,Enterprise,0.456292315878398,1
CUST_396,22,22,72.66959265214702,2,2,44.26262199413228,Enterprise,0.3683952319555742,0
CUST_397,55,25,29.237756434439216,1,1,35.898293802478555,Pro,0.9566058910713829,1
CUST_398,22,17,32.22285472319079,2,1,45.54332660505255,Pro,0.9253572974466643,1
CUST_399,46,4,77.22350342549676,1,2,65.27952026242663,Basic,0.4401066867242871,1
CUST_400,30,16,100.443053219431,3,1,36.715915288681835,Enterprise,0.1283318260029005,1
CUST_401,38,20,52.79719493335285,3,2,77.49882886977527,Enterprise,0.17100348680652788,1
CUST_402,38,15,34.7045493496731,3,1,90.39927936850223,Enterprise,0.11208391725979316,1
CUST_403,45,25,104.70633479471906,0,2,28.23112021587265,Pro,0.6805038836929093,1
CUST_404,51,27,81.96585355134602,0,1,96.49896441742395,Basic,0.5546870883953902,1
CUST_405,54,21,56.5298310375538,1,0,62.27252467253106,Pro,0.5566444773987268,1
CUST_406,8,5,61.10852245711971,1,1,87.8168771219741,Enterprise,0.09837785474676242,1
CUST_407,27,6,28.489493812685588,4,1,10.391643527210547,Pro,0.7932749560483572,1
CUST_408,27,17,77.08230245745705,1,1,25.149913705623874,Enterprise,0.5355728923983802,0
CUST_409,34,1,46.25538871243219,2,4,32.10190794325922,Enterprise,0.09096919633550105,1
CUST_410,21,25,119.49919531755016,1,0,30.28221511745133,Enterprise,0.7471307905046627,1
CUST_411,30,19,60.221104255117105,2,2,17.186115659853186,Basic,0.981298104642211,1
CUST_412,33,4,60.87684471180552,0,0,86.82009475248323,Pro,0.4411805111762418,1
CUST_413,28,17,70.07295555222727,4,3,41.861214128955005,Enterprise,0.11565462238615332,1
CUST_414,47,9,110.42694035865587,2,1,96.31302124667882,Enterprise,0.10139915464710769,0
CUST_415,33,24,97.09408148387128,0,1,58.34723667901471,Basic,0.025879528803503304,1
CUST_416,5,2,56.879958026751765,2,2,13.839463564486309,Basic,0.7703981464532869,1
CUST_417,48,8,87.65041558687153,3,1,54.59047098339571,Enterprise,0.6940009971671919,1
CUST_418,19,15,72.41708235978759,2,0,99.35451477242422,Enterprise,0.5842392897883149,1
CUST_419,4,7,61.622210600643626,2,0,56.51716870992748,Enterprise,0.7656293233752828,1
CUST_420,35,27,27.11631387020031,2,3,0.1869345129562605,Enterprise,0.9992976684291833,1
CUST_421,49,6,58.35267029731246,0,1,93.30799035904191,Basic,0.40184793753928316,1
CUST_422,17,1,33.269137507596085,0,3,23.489440612818935,Pro,0.7058102251318633,1
CUST_423,44,15,110.20684723294029,1,1,68.85290530689566,Basic,0.37716160528682297,1
CUST_424,28,23,43.5717835520799,3,0,51.50801549554427,Basic,0.3520578858331207,1
CUST_425,30,26,114.51036167133782,4,0,32.543375684088616,Pro,0.8509200969045437,1
CUST_426,29,7,66.30135836089178,2,1,28.26395236763887,Enterprise,0.5747631414847063,1
CUST_427,46,29,77.62760354775844,2,2,92.87598625071047,Enterprise,0.12061327315892001,1
CUST_428,53,25,67.43815111627269,2,1,91.19258959198372,Pro,0.403515997917005,0
CUST_429,6,17,19.8787709511706,0,1,51.313484005377916,Basic,0.7965543195275148,1
CUST_430,35,2,48.219440185913214,0,2,25.84951955351392,Enterprise,0.9399981190552432,1
CUST_431,41,27,16.40180291192675,0,1,10.234203217199777,Pro,0.6144281287220696,1
CUST_432,37,9,76.6397150810889,0,1,15.65763828590856,Pro,0.39421370937528444,1
CUST_433,24,29,56.39053244805048,1,0,52.22517257406045,Pro,0.2519823915951652,1
CUST_434,29,9,94.46827173065773,2,2,30.782996057900913,Enterprise,0.42202369814002316,1
CUST_435,49,13,30.35410531492753,3,1,4.20681422599567,Pro,0.5656544778032216,1
CUST_436,46,6,23.925096719373514,6,1,45.516738531110015,Basic,0.0044167362898773765,1
CUST_437,53,6,51.7282065608333,3,1,74.61892924643136,Basic,0.26867782140762564,1
CUST_438,31,20,111.55731907011383,2,1,89.16951159599876,Pro,0.6715159398520695,1
CUST_439,35,20,86.69850872642735,2,0,58.528404568308936,Pro,0.6732296215587162,1
CUST_440,33,21,53.17621685118565,0,0,72.3292123842446,Pro,0.653006722134765,0
CUST_441,52,3,64.4862995217457,1,1,36.407047086493236,Basic,0.9499423597382665,1
CUST_442,21,17,14.68449628536631,2,3,49.62381792169395,Enterprise,0.5685456603011939,1
CUST_443,32,17,118.226228083253,1,1,72.96268565100293,Basic,0.2697280507818587,1
CUST_444,23,12,81.63684003991568,1,2,72.76582273722944,Pro,0.8116126929887085,1
CUST_445,33,16,37.821467873293585,0,0,42.45262645695041,Enterprise,0.3893773431033768,0
CUST_446,3,15,72.3679653347531,0,1,54.366734155832276,Enterprise,0.23929052826897834,1
CUST_447,18,13,17.59047209793431,3,1,92.38553395509695,Pro,0.556749024418776,1
CUST_448,25,23,116.0712169128721,1,3,63.199760494323364,Pro,0.2890344310916896,0
CUST_449,42,1,25.100273606587084,1,1,64.25746256865897,Basic,0.3961600381129555,1
CUST_450,31,17,79.52348657634963,4,1,78.462029238536,Basic,0.6931575583743703,1
CUST_451,54,3,33.227263191977,3,0,11.522289631597282,Basic,0.9959481165917379,1
CUST_452,58,26,87.51955900458161,2,2,52.28842916487275,Pro,0.6447315938227881,1
CUST_453,3,15,94.33445723263232,5,1,95.9431736270982,Enterprise,0.2764799035560237,1
CUST_454,40,4,82.44326882481475,2,0,36.16603921760989,Basic,0.09046554050257127,1
CUST_455,46,4,75.66743792934714,1,1,29.4926146422091,Pro,0.36196763177081326,1
CUST_456,24,18,107.63394580448134,4,0,60.12079656047577,Enterprise,0.019310685553388662,1
CUST_457,50,17,14.042071763822175,4,2,22.111942456530343,Pro,0.4647547351933574,1
CUST_458,32,19,43.05519806472245,4,0,55.5945156523649,Pro,0.6599837671255581,1
CUST_459,47,11,33.553060157547286,3,1,15.565201085764057,Pro,0.5117959764625107,1
CUST_460,22,20,118.62160563752349,1,1,57.97934606979056,Basic,0.8652823020836145,1
CUST_461,23,3,49.779824661690455,3,2,60.23791836451775,Pro,0.4940500868803226,1
CUST_462,2,8,89.25046041264585,0,0,41.840047901226285,Pro,0.4623800607161175,1
CUST_463,27,14,83.74339384631553,0,0,38.27464254386885,Pro,0.30967718013612355,0
CUST_464,42,26,29.38934230989844,4,0,24.545827840044932,Basic,0.8376137039750985,1
CUST_465,2,1,32.4847332243284,5,4,33.09223078335943,Pro,0.9035986711203712,1
CUST_466,26,14,37.34772480859892,2,0,49.834596719136336,Pro,0.9779187363071488,1
CUST_467,17,2,52.27963699982861,1,0,24.765890102910106,Basic,0.9812089960939601,1
CUST_468,40,29,31.94738254981058,1,1,78.28344633718626,Pro,0.9804236260839613,1
CUST_469,33,23,7.259920515887497,1,3,70.90352413257716,Enterprise,0.7119589144237278,1
CUST_470,9,4,106.13020153282748,3,0,26.930586714599546,Pro,0.5626529021302534,1
CUST_471,43,24,116.04513060880167,0,2,9.7435163101548,Pro,0.17234446381666435,1
CUST_472,54,27,44.280594508630315,2,2,0.01800389839627936,Basic,0.7670631790430608,1
CUST_473,48,29,43.92829113392938,0,0,59.67188523814889,Basic,0.7348801466974445,1
CUST_474,39,19,5.815558469052664,2,2,21.136374645364885,Basic,0.8424021577026167,1
CUST_475,29,6,83.22882915799302,0,3,1.2582470101539123,Basic,0.4624510754956477,1
CUST_476,42,25,99.9255880110923,5,1,35.908527059202264,Enterprise,0.8924214582303691,1
CUST_477,55,1,21.859954541400363,2,2,96.19984623174334,Pro,0.718674344914115,1
CUST_478,26,17,23.361630177222334,2,2,68.99428076298173,Pro,0.17112533774880534,1
CUST_479,35,8,95.85957374671534,7,1,85.7763702922458,Enterprise,0.2069035169296971,1
CUST_480,50,19,75.87343606072663,1,0,14.473909826073006,Basic,0.8142655210353151,1
CUST_481,25,21,10.158964127187456,3,0,7.3288154619436385,Pro,0.42569340856046944,1
CUST_482,24,1,76.5929039031624,0,3,1.1529763509722457,Enterprise,0.2490129466439488,1
CUST_483,13,5,40.525538127033094,1,1,95.56622900194871,Pro,0.42257650070217934,1
CUST_484,58,27,47.40339287914728,2,1,30.020273535354846,Enterprise,0.16137773368411068,1
CUST_485,7,16,93.51911310414123,1,0,45.9504942340858,Enterprise,0.8917366795595415,1
CUST_486,57,6,98.25754715735022,2,1,39.45236236017745,Pro,0.07153941547519871,1
CUST_487,36,8,51.04101208658052,0,2,73.04569353928592,Basic,0.35324151522683733,1
CUST_488,45,13,113.9225876407308,1,2,30.996488195274306,Basic,0.5569287593059883,1
CUST_489,20,16,51.7432125644883,0,2,53.545288261405155,Enterprise,0.8736456258451214,1
CUST_490,1,3,93.76114405146264,4,1,99.55822649554675,Basic,0.7815488889399258,1
CUST_491,8,19,60.64588542488979,2,0,44.40635513442363,Pro,0.02242358404682543,0
CUST_492,46,12,108.21621755003966,1,0,55.12715406997556,Enterprise,0.8252481427293415,1
CUST_493,16,16,109.39254301977054,0,0,50.25280623108378,Pro,0.6381200658802416,0
CUST_494,14,27,15.052932905174643,8,0,80.31861581360322,Pro,0.1333483983177921,0
CUST_495,12,11,112.69673310067596,1,0,26.6839654033575,Basic,0.6174775593835032,1
CUST_496,51,10,99.9365067748478,3,1,17.043801614279698,Pro,0.817894217387527,1
CUST_497,23,25,96.00073214595669,2,0,75.4093158264862,Enterprise,0.6021118706837605,1
CUST_498,15,20,28.10480406383508,1,1,41.561818636865425,Enterprise,0.9991467456358719,1
CUST_499,28,4,97.58870900678646,1,0,91.37260089766872,Pro,0.5070034216336309,1
CUST_500,34,12,102.76526448877924,4,1,64.41592857933976,Pro,0.6731310799790988,1
CUST_501,2,23,38.25228846222736,1,0,56.43431117117426,Enterprise,0.07037351298287109,0
CUST_502,32,2,114.50990901166723,1,1,7.045705482587716,Basic,0.8131981726870983,1
CUST_503,23,24,10.733916835903889,2,2,73.0411905137798,Basic,0.6241030237307992,1
CUST_504,22,22,22.23956412342106,2,1,68.60403655129582,Basic,0.561242804020921,1
CUST_505,51,19,66.82183087592415,0,1,64.00719244871547,Pro,0.7088087109763197,1
CUST_506,25,25,71.21613417906562,2,1,26.790952357069052,Pro,0.5605097618211887,0
CUST_507,58,5,79.19225957960388,1,3,94.67393216744445,Enterprise,0.7664514151531285,1
CUST_508,22,8,6.951449871278642,3,0,32.165512703282005,Enterprise,0.5835155934724789,1
CUST_509,58,7,115.44217908154498,1,2,15.223095675393427,Enterprise,0.5200538328145387,1
CUST_510,58,14,10.127630664426558,2,3,98.72011549350138,Enterprise,0.13501948472168712,1
CUST_511,22,24,21.452124563191273,6,1,74.62462791237681,Basic,0.47183076421325076,1
CUST_512,49,23,6.611669515496553,3,2,41.47868823261813,Pro,0.5382346617357625,1
CUST_513,52,3,70.1887198288209,0,2,93.59164308887068,Pro,0.62457379843978,1
CUST_514,42,18,112.21069165091181,2,2,9.111737436619727,Basic,0.4558921633363354,1
CUST_515,6,16,81.58392409925338,4,1,8.766121642655778,Enterprise,0.146643441145776,1
CUST_516,15,23,99.60560887524915,0,2,68.24510186285855,Enterprise,0.15036262094900665,1
CUST_517,54,19,6.52733839773671,3,1,17.79720483788435,Pro,0.7209877495247443,1
CUST_518,43,19,67.33175932516849,2,0,91.71395151932842,Enterprise,0.6614472488754823,1
CUST_519,37,18,57.84974241313502,3,1,84.03591742988709,Pro,0.2594993214916389,1
CUST_520,33,20,62.3813135853912,2,0,30.636722410118644,Basic,0.4458575945775174,1
CUST_521,8,16,13.304516313546614,3,0,88.88395822693703,Pro,0.30695768250750355,1
CUST_522,53,8,83.71006652297037,1,1,4.288768700732836,Basic,0.1810228566124359,1
CUST_523,44,28,62.87034770874296,3,3,54.863785273749386,Enterprise,0.32616357824831776,1
CUST_524,44,1,92.99211773404535,1,1,93.55627737088332,Pro,0.2626890675262227,1
CUST_525,5,17,60.80842291709727,5,2,85.53829789356982,Enterprise,0.08242762007591176,1
CUST_526,39,12,22.178888166039687,0,0,35.6073323800995,Enterprise,0.5044865726723269,1
CUST_527,4,21,79.54954971894954,6,0,18.28704352346349,Enterprise,0.45088405300008705,1
CUST_528,6,11,24.824431642094115,3,0,21.054058840374456,Pro,0.714608330028399,1
CUST_529,45,5,105.32537478580372,2,2,51.45078780784053,Enterprise,0.6203056685952146,1
CUST_530,32,27,75.50836749296278,3,3,59.67729438364741,Pro,0.3433781745449256,1
CUST_531,52,12,23.078446609049738,1,1,3.281431662363643,Enterprise,0.49630420105481055,1
CUST_532,30,17,115.66887661033878,3,1,41.35515592348881,Basic,0.5360831131959095,1
CUST_533,47,6,64.61202828356187,1,1,83.03871156439045,Pro,0.9175486076365869,1
CUST_534,35,1,13.383321965240325,2,2,44.43289502357971,Basic,0.9816943422667199,1
CUST_535,55,5,77.08578400773273,2,1,16.91753909494105,Basic,0.8155428014951247,1
CUST_536,40,25,34.117874306473176,1,0,95.48602930190968,Pro,0.5621045521299611,1
CUST_537,52,28,97.42474696588978,2,1,26.627553992646668,Pro,0.9281068426342042,1
CUST_538,16,14,99.04953846011192,2,0,79.84282656340605,Pro,0.17811271846999654,0
CUST_539,13,5,117.57894592328611,2,2,19.379416633893488,Enterprise,0.6964960796411477,1
CUST_540,50,22,62.71499606781793,5,1,42.31727292215899,Enterprise,0.46046771642912454,1
CUST_541,42,24,57.32004116868977,1,0,49.04225397748119,Basic,0.1447489232429805,0
CUST_542,30,27,91.64969462634527,0,1,50.06352959482445,Pro,0.07520998716800154,1
CUST_543,19,1,20.234125479321555,4,1,51.647386810070486,Basic,0.4807418370553219,1
CUST_544,17,18,67.89528408620927,4,3,22.494754068976142,Enterprise,0.23896920396599008,1
CUST_545,56,16,67.81847401504785,3,2,51.591552196083526,Basic,0.2505062587698028,1
CUST_546,19,9,15.28940912319453,4,1,48.171275387775424,Basic,0.3202168873385821,1
CUST_547,28,19,53.06816983329506,2,1,20.871949712626325,Pro,0.7183642189142949,1
CUST_548,58,22,103.12775183522822,0,0,98.81915595037108,Pro,0.16408960155408292,1
CUST_549,55,5,103.45766652938593,0,1,86.55633927865502,Basic,0.7175558856577388,1
CUST_550,26,27,16.412331465763316,3,1,88.7576351022483,Enterprise,0.7827099270346383,1
CUST_551,37,2,15.432901516000548,4,1,68.55710503828949,Basic,0.594480096346186,1
CUST_552,26,15,35.20997985522256,2,0,15.989703069175654,Enterprise,0.247557528619063,1
CUST_553,53,7,105.59809719370925,0,1,56.80920638997489,Basic,0.051532528234196184,1
CUST_554,23,4,19.82379728345238,0,2,82.14396316273861,Basic,0.40794511159995006,1
CUST_555,9,1,87.79963230215633,1,1,3.873648868866253,Pro,0.8474452208990104,1
CUST_556,12,13,16.63404625550687,1,0,49.58431032876197,Basic,0.10187026709559421,1
CUST_557,53,20,76.66085318099992,2,0,39.61228799949181,Enterprise,0.7448307712388369,1
CUST_558,1,22,45.94773939870165,0,1,21.212472965930363,Basic,0.4678898079862134,1
CUST_559,58,7,95.72510574107471,0,2,37.82500037653177,Basic,0.8988330745377751,1
CUST_560,58,15,31.874401614916813,1,2,98.34975108694528,Enterprise,0.3561980987075799,1
CUST_561,1,23,78.50821037984538,2,0,72.32433263617776,Basic,0.7047488322642134,1
CUST_562,47,14,32.103491476226765,1,1,29.95370800149414,Basic,0.7401193764538141,1
CUST_563,34,23,87.07093255789769,4,1,60.535505148082954,Basic,0.19874171297620125,0
CUST_564,32,19,105.47297397448611,2,0,24.66562402856798,Basic,0.15814692574283662,1
CUST_565,54,22,19.582206899577404,3,1,61.08439090242739,Enterprise,0.09273114720716924,0
CUST_566,48,29,104.65850418848291,2,1,89.61666894849317,Enterprise,0.7015823433276677,1
CUST_567,25,24,73.26115425764426,3,2,55.687679994255234,Enterprise,0.5481504546801809,1
CUST_568,40,20,19.617706449707757,0,0,73.33399754526828,Enterprise,0.0867187725435723,1
CUST_569,45,29,54.16731336636688,4,1,45.33389987162968,Basic,0.3083341509002835,1
CUST_570,53,24,23.498933750786257,2,1,52.41239176639966,Enterprise,0.14234641938217918,0
CUST_571,1,18,85.5400072196555,2,0,69.50750787548786,Basic,0.09268102308636728,1
CUST_572,16,10,92.26983545806421,1,0,81.24050050513972,Pro,0.2987711646042345,1
CUST_573,39,9,17.16659983137188,2,2,65.94513865254497,Basic,0.09629601201627203,0
CUST_574,5,25,63.2060830598841,1,2,97.7491993890093,Basic,0.26018600127837666,1
CUST_575,22,8,98.68188144298047,1,0,81.98225877982827,Enterprise,0.5527191665234982,1
CUST_576,29,26,112.6587497783646,0,0,77.71602046078752,Enterprise,0.560904206736423,1
CUST_577,55,29,64.05455467530355,3,3,84.51015789810255,Enterprise,0.1680023008633803,1
CUST_578,3,10,114.28211071531182,5,2,28.121093542434906,Pro,0.19101351924154886,1
CUST_579,12,17,66.60423160244343,2,0,43.20471539483807,Basic,0.8549715679886872,1
CUST_580,26,2,50.331906878989415,1,2,56.44629183945907,Pro,0.1669348987269328,1
CUST_581,16,6,102.54335978358299,0,2,46.23863184426856,Basic,0.04574146676801183,1
CUST_582,51,26,61.693011702680245,1,2,84.74578182240798,Basic,0.24482085016718724,1
CUST_583,37,5,59.26878871492015,2,0,2.706851767923202,Pro,0.5764264018611255,1
CUST_584,22,28,61.38593628213025,0,1,20.917541723282085,Pro,0.007224464694527866,1
CUST_585,57,9,102.38027521502072,2,2,88.17065410018549,Basic,0.9849870694213776,1
CUST_586,29,5,100.673277294126,1,1,5.91001376769672,Pro,0.23038961052147644,1
CUST_587,14,18,51.40479913062429,1,0,22.698830360879807,Enterprise,0.23811752839589562,0
CUST_588,28,26,43.32948388511038,5,2,35.12503303764862,Basic,0.7386174997068664,1
CUST_589,5,20,61.57172276449987,0,1,75.07405608116909,Enterprise,0.2481790868147754,1
CUST_590,47,9,70.86883861976754,2,0,56.01806961668484,Pro,0.3961513757431375,1
CUST_591,49,17,32.40877922221965,0,0,95.4604702780331,Enterprise,0.5439186886472361,1
CUST_592,30,27,96.30483474229293,0,1,22.787501507297346,Pro,0.021872471853927822,0
CUST_593,46,17,60.94551805922863,0,0,87.21204049887294,Enterprise,0.8372926261517838,1
CUST_594,52,12,43.41523806829535,3,1,28.29134897492488,Pro,0.5120507784795998,1
CUST_595,5,7,17.284414190858918,4,0,24.54982591265602,Basic,0.31291897897888465,1
CUST_596,12,27,32.4671934464148,4,1,49.837519809935074,Basic,0.39978662791044095,1
CUST_597,16,3,114.16733475193813,1,1,7.120450525649369,Basic,0.055824722247675096,1
CUST_598,26,10,40.08646398424556,2,1,38.43070129932832,Basic,0.717981103246209,1
CUST_599,26,2,24.418818277209063,2,3,35.567596810974365,Pro,0.5395043989142319,1
CUST_600,48,25,57.977371040324215,1,1,16.010155570177353,Enterprise,0.9139914413211013,1
CUST_601,21,3,40.3150904864286,3,2,86.07948452749106,Basic,0.46418683992998266,1
CUST_602,39,16,9.043313781187328,3,3,38.58896437093833,Pro,0.8284015316940652,1
CUST_603,36,2,42.161699987132984,2,0,98.19201795136824,Pro,0.1883285443001378,1
CUST_604,33,28,67.57249175303889,1,0,89.97079490377743,Basic,0.05650936534773732,1
CUST_605,30,24,68.4469227822962,3,1,19.48106995699255,Basic,0.9484401237644428,1
CUST_606,37,10,46.0042759353422,0,1,50.51221723379384,Pro,0.25695808716760293,1
CUST_607,23,6,56.439816969049076,3,0,60.18041383665529,Enterprise,0.833583724899347,1
CUST_608,58,22,116.03456059699813,2,2,81.89605029436211,Pro,0.2573337201392044,1
CUST_609,10,26,48.39507488148583,1,1,88.56427496513948,Basic,0.15584169511843293,1
CUST_610,54,11,34.69608352489804,3,0,62.40180211554899,Basic,0.7325308946541129,1
CUST_611,5,23,32.998710067677415,3,3,3.513420314221538,Basic,0.7784061300900463,1
CUST_612,36,7,57.64293046097543,2,1,48.12764495181293,Enterprise,0.8436127355903988,1
CUST_613,34,27,92.34481710244857,3,0,88.48035361863323,Enterprise,0.8648686826442626,1
CUST_614,52,29,28.688641181674416,2,0,71.40896025442599,Enterprise,0.48313119423677775,1
CUST_615,31,15,86.56905462118833,1,1,87.01419414094578,Pro,0.4002168914981544,1
CUST_616,10,6,7.432229685182873,3,0,67.40797897227073,Pro,0.750968966339995,1
CUST_617,58,20,53.177292468153794,1,1,4.403500981497266,Enterprise,0.569386311822036,1
CUST_618,19,27,94.22448249832048,2,0,96.80066562066106,Enterprise,0.9652841479552208,1
CUST_619,58,9,43.954289914059615,2,0,91.80185405696787,Basic,0.37583601131923916,1
CUST_620,32,22,69.82976666622093,4,0,12.657953991262328,Basic,0.04287553085702667,0
CUST_621,1,20,28.57261177497974,1,2,11.26911668437488,Pro,0.5893045727254594,1
CUST_622,56,12,90.32946997950981,1,0,53.90785004770201,Enterprise,0.3534695989991382,1
CUST_623,5,19,11.012096875907357,2,2,75.70508345568832,Enterprise,0.34267367359470424,1
CUST_624,45,20,103.04240416068254,3,1,38.21732119382537,Pro,0.5645190782981103,1
CUST_625,4,3,27.792584438491836,1,2,13.638216354324207,Enterprise,0.9217812915786588,1
CUST_626,16,15,105.55577364645804,1,1,51.055609878135456,Basic,0.26695828054685034,1
CUST_627,24,2,45.540862749559494,2,0,33.756613621897245,Enterprise,0.37959337452747277,1
CUST_628,16,21,88.10861106456596,1,2,35.17719555513247,Pro,0.8912496502376168,1
CUST_629,55,2,41.71090924541167,2,0,64.49855368403821,Pro,0.89521913570646,1
CUST_630,2,22,109.17984219198446,2,1,88.56080992295038,Enterprise,0.23458906979362826,1
CUST_631,49,3,19.56326943461305,1,2,55.85917308556443,Pro,0.7063305872191632,1
CUST_632,28,6,25.529775766348852,1,3,68.76025108296356,Basic,0.41556094321591375,1
CUST_633,32,15,61.69846439326226,2,1,65.99469915212414,Basic,0.9360005533062015,1
CUST_634,27,27,14.422920489386804,1,0,55.114619255693,Basic,0.7322453114372593,1
CUST_635,20,10,27.537721240702624,2,0,31.07581455831301,Enterprise,0.49435327534116646,1
CUST_636,24,9,113.53313395438165,2,1,37.779418491023876,Pro,0.8174113488016427,1
CUST_637,12,1,117.29631103200703,3,2,31.57037984904162,Basic,0.9978785389353247,1
CUST_638,50,16,48.269822872998525,3,3,91.74980964820548,Pro,0.4470433057963775,1
CUST_639,35,6,111.1778924166026,2,2,82.66186705104431,Pro,0.37351240706644906,1
CUST_640,33,9,67.65483770244465,4,0,57.934737285122075,Pro,0.6070360988048664,1
CUST_641,33,27,36.02038357548321,4,2,91.22434709742006,Basic,0.6830824700903476,1
CUST_642,51,4,85.77585292426885,1,0,88.6408693147978,Pro,0.704448524095522,1
CUST_643,43,27,80.77370775610858,3,1,92.76943997518352,Basic,0.4735828996422903,0
CUST_644,37,28,118.74941169750434,1,1,22.177385765553293,Basic,0.33229278188714084,1
CUST_645,12,2,35.48043805206758,0,1,71.75030377638947,Basic,0.8219247471818465,1
CUST_646,3,29,82.28684280609957,3,4,60.92244999235018,Enterprise,0.9582603084118109,1
CUST_647,1,4,10.982731828386392,3,0,73.38306378346071,Pro,0.8639818533042556,1
CUST_648,33,1,18.069294450122733,0,1,26.33793639182872,Enterprise,0.6823542265609349,1
CUST_649,40,19,5.450613119375725,0,1,69.48090714382977,Enterprise,0.3601501171011591,1
CUST_650,10,26,119.9379783218624,4,2,40.982851525438704,Enterprise,0.6224831257831033,1
CUST_651,43,25,97.26147517195994,1,1,83.40917963063002,Enterprise,0.1011600635049158,1
CUST_652,44,10,95.47314669435718,4,1,79.5365725161773,Basic,0.5339129727920272,1
CUST_653,29,21,63.618498658140666,2,0,21.135761085891712,Basic,0.7812172004230677,1
CUST_654,13,15,39.50771453412559,2,0,18.385527640330302,Pro,0.2510591468036706,1
CUST_655,12,27,22.39539271320773,3,2,71.7731721284866,Pro,0.5015342689658624,1
CUST_656,31,22,37.73759496734332,2,3,55.047489472816046,Basic,0.0732742464147873,1
CUST_657,46,19,48.236690521850996,2,1,55.7205910682049,Pro,0.8384969703289348,1
CUST_658,2,16,91.97566115273382,0,0,75.25153234593546,Pro,0.3502319704395954,1
CUST_659,51,21,67.06110572386252,3,1,85.497079302179,Enterprise,0.5822078684269565,1
CUST_660,50,27,13.91061705388051,2,0,23.896390060871674,Enterprise,0.3785348400495605,1
CUST_661,35,24,7.073336030274907,2,0,55.55395467905502,Enterprise,0.5976003664322449,0
CUST_662,23,22,16.768200646417263,1,1,82.89547094920772,Enterprise,0.7441979604087234,1
CUST_663,17,4,52.20735207519862,1,0,87.27941711950025,Enterprise,0.32681460238063054,1
CUST_664,26,2,112.3171854606371,1,1,28.740938833851658,Basic,0.5192613744459877,1
CUST_665,8,25,78.30128533906048,3,2,10.415385659751253,Enterprise,0.794874536542234,1
CUST_666,29,13,97.20997848568423,1,1,23.28232538777799,Enterprise,0.6878513994096138,1
CUST_667,26,28,58.633078368023085,4,2,94.54995140145273,Basic,0.05707296116975691,1
CUST_668,10,1,46.591599567429924,2,1,46.24797124352143,Enterprise,0.568758828353115,1
CUST_669,26,17,17.466042862411612,1,1,41.857379055602486,Pro,0.37633367323025013,1
CUST_670,34,13,105.73229755141357,1,0,1.308434873421016,Basic,0.7087801467756539,1
CUST_671,51,4,95.06340333820883,3,1,5.101468292135114,Pro,0.016667840588354355,1
CUST_672,41,7,24.33358122373839,2,1,66.86959294747237,Pro,0.3305968060660487,1
CUST_673,7,17,63.909964845769956,0,1,58.98270687249965,Basic,0.08649307579282084,1
CUST_674,4,9,61.048102910943165,3,1,57.55282984954037,Basic,0.920491907900272,1
CUST_675,58,4,76.8855285589508,1,0,11.032287602447155,Enterprise,0.8764995684121752,1
CUST_676,53,19,113.81149280899504,0,1,35.20611695653535,Basic,0.9680886802497263,1
CUST_677,50,1,71.67371580268515,6,2,81.2358138640148,Basic,0.6434682950503603,1
CUST_678,45,10,67.12498567954114,1,1,17.491122391663726,Enterprise,0.8070488636570325,1
CUST_679,11,4,10.787137287486352,4,1,88.26872509824364,Enterprise,0.6118687519995043,1
CUST_680,29,9,12.234359742072751,3,1,12.147830034890317,Basic,0.4920438056006362,1
CUST_681,56,13,26.544881002580723,3,0,16.914933012398812,Enterprise,0.8338204532066811,1
CUST_682,36,14,8.734138744551052,3,1,47.77499611537285,Enterprise,0.7761662163144551,1
CUST_683,25,10,90.48558299055142,3,2,94.52999044485374,Enterprise,0.7332768082904179,1
CUST_684,21,6,88.18298495930576,1,1,32.954767814542365,Pro,0.893910922393944,1
CUST_685,57,16,20.64646695963894,0,0,65.82179935580488,Enterprise,0.9287441756202127,1
CUST_686,36,6,101.14907359145731,1,1,58.86712559890762,Pro,0.4452873014895792,1
CUST_687,10,17,22.800394007302877,1,0,14.962263650055752,Basic,0.28282130675125805,1
CUST_688,37,10,39.63519250469626,0,5,24.81669013941633,Pro,0.5117855493880601,1
CUST_689,9,18,33.63234340355697,1,1,93.0152772643822,Pro,0.0930661983159724,0
CUST_690,24,27,47.8153163359005,3,0,18.48296236530995,Pro,0.9381604615250636,1
CUST_691,35,22,34.28633307734562,0,2,69.50098897551132,Pro,0.9838533219242174,1
CUST_692,49,18,61.22935654042199,0,0,96.46944826003045,Pro,0.6527048609117444,1
CUST_693,35,3,51.85190635578882,2,0,11.950599220227808,Pro,0.7461616949731174,1
CUST_694,48,20,118.45549143962255,1,2,39.91819901873145,Basic,0.32367205557896706,1
CUST_695,36,27,11.431530264745952,4,1,22.393214444273724,Basic,0.8662674576752957,0
CUST_696,18,21,21.350858284545435,0,5,22.156151740454288,Basic,0.9003025371841313,1
CUST_697,49,25,11.074977799489286,2,2,11.898584399968081,Pro,0.07690225163483966,1
CUST_698,39,28,76.97173742297322,4,3,64.95511839914658,Enterprise,0.13144386805974007,1
CUST_699,32,15,11.268566902577753,2,0,74.63435099107117,Pro,0.2608529359715447,1
CUST_700,24,15,101.19056979825419,4,0,67.67939100230562,Basic,0.7036744728524127,1
CUST_701,23,4,63.872942528421696,1,1,92.46564576191528,Pro,0.18336467277358992,1
CUST_702,32,29,65.60587682687637,2,1,14.567880871805416,Basic,0.2200800990865227,1
CUST_703,37,27,69.58336838690234,0,3,31.98453733850062,Enterprise,0.38186355954836726,1
CUST_704,12,9,24.643576225214233,2,2,34.4572809702456,Enterprise,0.611636357304159,1
CUST_705,49,27,27.734384858166067,2,0,23.208210384690464,Basic,0.9763093647956137,0
CUST_706,55,26,41.66399213039554,4,3,14.22049441569666,Basic,0.7838946939079172,1
CUST_707,13,19,73.25208781951291,1,1,48.67034759262637,Pro,0.5583035167299095,1
CUST_708,23,24,29.16354423312467,5,0,83.44396280474284,Pro,0.049386217414897016,1
CUST_709,25,28,18.378148620325042,1,1,95.4539725603318,Pro,0.5168399137804304,1
CUST_710,35,17,116.5634419381197,0,1,12.934063221849767,Enterprise,0.20408518963322542,0
CUST_711,41,11,7.527908703106635,3,3,82.3157228072736,Enterprise,0.300069050659736,1
CUST_712,30,25,97.31020161364249,1,1,82.45811229652749,Enterprise,0.2508606874727689,0
CUST_713,17,9,95.62404220112754,3,0,38.897812155256695,Pro,0.3474481254036219,1
CUST_714,49,10,39.17962309218604,4,1,11.002962414545415,Basic,0.06225978056286907,1
CUST_715,20,18,20.597060840841042,0,4,99.0008006756898,Basic,0.576837805044646,1
CUST_716,48,20,21.747294371123694,1,1,65.55930305288187,Pro,0.04575304459023222,1
CUST_717,25,13,85.20463598227714,2,0,98.21956950415804,Pro,0.6605835423911273,1
CUST_718,22,8,78.92275797490997,1,0,48.36555156846585,Basic,0.7308023317788476,1
CUST_719,13,7,95.01575253890948,4,3,39.519299993672874,Basic,0.48606404151400173,1
CUST_720,59,17,112.81033482589703,1,1,24.718547597045383,Enterprise,0.781257114218247,1
CUST_721,19,21,84.57164677565808,4,1,98.35720017720195,Pro,0.9673906990494845,1
CUST_722,49,23,22.922926703415996,0,0,25.325726946227366,Enterprise,0.34005261083145755,1
CUST_723,36,15,32.99590092802222,0,4,2.376275621805035,Enterprise,0.618906924126166,1
CUST_724,12,20,101.85227905040817,2,0,51.24684135884778,Basic,0.3237317430568837,1
CUST_725,41,15,29.070198720933984,4,3,37.70504930509154,Pro,0.4433855850288695,1
CUST_726,19,1,13.340066449765363,4,1,26.13825034292645,Basic,0.020825523039357363,1
CUST_727,12,25,85.8772062148588,1,1,63.46081164811734,Enterprise,0.07434988155754207,1
CUST_728,9,14,51.29053088136634,3,3,36.426861489782226,Pro,0.797528729527409,1
CUST_729,7,5,110.80460604277891,1,1,40.22508883168728,Enterprise,0.13990778115764857,1
CUST_730,28,11,79.77933317577107,1,0,2.304560389404431,Enterprise,0.6991514276722666,1
CUST_731,14,16,15.398182446040986,1,1,58.907092855305756,Basic,0.7088670325777829,1
CUST_732,31,2,114.00350523417099,2,1,12.207102984704276,Pro,0.9962259659715483,1
CUST_733,52,8,34.734085318628274,3,1,21.38048588954218,Pro,0.6955960060287876,1
CUST_734,19,11,43.779436396722865,3,1,71.71178206126382,Pro,0.12874568927064367,0
CUST_735,58,29,51.259947573607334,0,1,31.324272618391102,Pro,0.6265416529444576,1
CUST_736,47,18,10.890794086496024,0,0,16.321019743838093,Enterprise,0.5241428203430285,1
CUST_737,16,3,62.099273556519556,0,2,57.74241470624808,Basic,0.9173907575248961,1
CUST_738,53,26,19.18162647365861,1,2,21.49044949379406,Pro,0.6901500662855947,1
CUST_739,5,1,51.11158756916045,2,0,27.097821395870504,Enterprise,0.5184786016660874,1
CUST_740,35,11,45.33162561908969,3,1,62.13393099778738,Basic,0.6242138922214201,1
CUST_741,12,16,93.87660959404788,2,0,73.98617813639149,Basic,0.4434599526654799,1
CUST_742,25,18,97.36460883776408,3,2,73.9659685195577,Basic,0.5084072893807,1
CUST_743,52,16,22.64248147474512,3,2,48.22434118708304,Pro,0.7223449636975477,1
CUST_744,59,23,47.15338654861101,4,1,45.42969110094355,Enterprise,0.07834627242715597,1
CUST_745,21,10,47.935613518660645,2,0,78.76451842312574,Basic,0.6153355753465969,0
CUST_746,36,18,22.41220105264978,1,0,19.303472511251705,Basic,0.08821746794519436,1
CUST_747,53,6,96.8221530808869,2,0,15.220244752845923,Basic,0.8550767859520608,1
CUST_748,23,19,86.33125775857367,2,0,66.46950660295097,Enterprise,0.9424633806659213,1
CUST_749,16,4,26.893905424158994,2,0,40.95069343892553,Enterprise,0.7802025519094672,1
CUST_750,57,27,47.17301948828689,1,2,70.99984605701809,Pro,0.7180317221732379,1
CUST_751,39,13,17.167577858499136,1,1,25.660022346323597,Pro,0.9437473365149652,1
CUST_752,45,24,77.24375866570006,0,0,32.48718810667669,Enterprise,0.21852831477646306,1
CUST_753,53,14,18.95777132309126,0,0,89.66776491853906,Pro,0.22883294558177336,1
CUST_754,42,3,118.38242939186554,2,2,42.165652682158814,Enterprise,0.4810153654187581,1
CUST_755,58,10,94.77843858910417,1,1,59.09534697203844,Pro,0.007463019032974194,1
CUST_756,39,6,49.87743320215943,7,0,10.668219411830949,Pro,0.9650698911104829,1
CUST_757,14,1,71.53485221212576,1,1,17.882917219275875,Enterprise,0.032252448759601315,1
CUST_758,31,23,109.804308864887,1,1,3.588772882264424,Basic,0.5961119735434631,1
CUST_759,58,24,68.72141724552,1,2,42.43708117616666,Basic,0.35397389804473844,1
CUST_760,5,27,25.067325935764845,2,1,98.89200044950239,Pro,0.10296594582245111,1
CUST_761,35,14,48.55088589183332,4,0,87.3873152651466,Basic,0.024614935978468422,1
CUST_762,23,8,101.96165947842071,2,1,63.2908914940507,Basic,0.2624185456984893,1
CUST_763,29,19,79.08449683880606,1,0,86.10964919574661,Pro,0.10668403490895306,1
CUST_764,43,14,79.83330419838704,1,0,59.41693563524231,Basic,0.940328581976468,1
CUST_765,11,10,104.68447085417625,1,1,36.87688803341377,Enterprise,0.2447612877152916,1
CUST_766,18,17,107.80690160818804,0,0,17.35464011011153,Enterprise,0.09413193018564925,0
CUST_767,47,9,110.77614575463518,4,1,65.30487417602242,Basic,0.7696820347037485,1
CUST_768,12,29,15.907657224112953,1,1,19.305127639074538,Enterprise,0.41425209304157085,1
CUST_769,9,6,67.5744902257566,3,2,41.74284172000602,Enterprise,0.8436660070830773,1
CUST_770,10,11,90.15859494010664,3,0,82.58018421552632,Basic,0.8384309686224799,1
CUST_771,58,25,92.04658718960658,3,2,12.92293025617285,Enterprise,0.9923807524150745,1
CUST_772,44,7,74.77236322655044,2,0,12.90214190567951,Pro,0.8038279316053402,1
CUST_773,17,17,24.18054354612253,2,0,22.440241559159734,Pro,0.21415184260312592,1
CUST_774,38,28,96.7033637032914,3,2,55.191730712229905,Pro,0.5864483879209305,1
CUST_775,7,28,87.81280335421876,2,0,25.172347825991302,Basic,0.5262500786233664,0
CUST_776,46,1,14.905613728139173,0,0,50.31979372550007,Enterprise,0.5081896293700727,1
CUST_777,13,22,58.33812983755327,3,0,30.198261105968715,Basic,0.29680744678577275,1
CUST_778,40,5,25.00740094500741,2,2,50.62422049084056,Basic,0.21014083027681096,1
CUST_779,42,9,43.80986025699177,4,1,27.76314490017302,Enterprise,0.716894934746571,1
CUST_780,9,18,7.079325603653825,2,2,98.00123756085652,Enterprise,0.1017617298969562,1
CUST_781,50,24,51.0379348672372,1,1,49.271790114196776,Enterprise,0.0496159960050222,1
CUST_782,27,27,68.2358459329642,3,2,74.364343410824,Basic,0.3812436315040959,1
CUST_783,58,21,76.25199817511499,2,3,70.05465588982051,Basic,0.7439254752592964,1
CUST_784,2,2,81.30138968980165,2,0,49.05593748143612,Pro,0.8685330047653967,1
CUST_785,5,29,101.1735010067829,0,2,23.886206166792523,Basic,0.5401269262002246,1
CUST_786,29,26,29.778234336708955,0,1,51.07182779128648,Enterprise,0.8399324227014959,0
CUST_787,37,11,18.855409580423814,4,0,68.09716237204346,Basic,0.025291216567591812,1
CUST_788,38,27,102.92677476826145,1,2,45.99192705632118,Pro,0.4553694785366438,1
CUST_789,19,28,23.010473712654736,2,7,8.192510736274162,Enterprise,0.13338853684640606,1
CUST_790,8,6,117.09740935366246,1,0,1.7983229558083957,Pro,0.5827175204032217,1
CUST_791,48,26,101.89189638084325,1,0,32.78768084678385,Basic,0.9209882494094404,1
CUST_792,45,8,62.6008096773039,1,0,15.022392609331192,Basic,0.007190463265145941,1
CUST_793,1,4,117.8634638660329,2,0,90.61902459259956,Pro,0.6682210878849604,1
CUST_794,22,18,16.198323847420482,3,2,17.583267008492488,Pro,0.7923497183459971,1
CUST_795,52,28,39.85256253513669,2,2,39.428271401156614,Enterprise,0.7444812735630405,1
CUST_796,17,11,78.39580772967031,1,1,71.20775120714814,Enterprise,0.019769091198093003,1
CUST_797,7,5,45.25078987441555,1,1,81.54216600160609,Pro,0.1738835743538768,1
CUST_798,25,15,111.76284347779107,2,2,47.77131531781309,Enterprise,0.09439932257561257,1
CUST_799,45,28,12.54700014044902,1,1,18.11350096083921,Pro,0.08545419892897432,1
CUST_800,4,18,68.18236068701093,3,3,27.089522357585306,Pro,0.7301841326554536,1
CUST_801,36,2,72.94962075043817,2,0,41.89684476411472,Basic,0.424789356068057,1
CUST_802,6,22,80.06373423438077,1,1,36.4594589325583,Pro,0.724821419883509,1
CUST_803,31,11,34.40161568315866,3,2,34.86727571696565,Enterprise,0.3607524170196005,1
CUST_804,19,26,46.92513916478441,3,0,13.185380175666428,Pro,0.11704930828660676,1
CUST_805,44,25,102.02326091147243,4,2,91.33102521709498,Basic,0.7184521017486318,1
CUST_806,54,13,27.41841843156838,0,1,2.975660641771505,Enterprise,0.6260572037476198,1
CUST_807,39,4,100.08980242493664,4,0,44.00021278757512,Pro,0.11297615671327721,1
CUST_808,27,22,69.70537363381537,2,0,98.03214925030866,Basic,0.92436441157343,1
CUST_809,10,7,92.65156378731945,2,1,65.9723938824102,Enterprise,0.30892081478912115,1
CUST_810,26,29,87.06484712029923,0,2,35.541066373308325,Basic,0.654730056247233,1
CUST_811,19,11,28.863821969261085,1,0,14.60975844531699,Basic,0.0319809182311086,1
CUST_812,39,22,70.41346468989538,4,2,96.3872605645761,Enterprise,0.443042432544864,1
CUST_813,3,24,104.78816257258562,2,0,1.3986361873149722,Basic,0.9643641995136569,1
CUST_814,45,4,54.693367232221874,3,1,68.13875706131435,Basic,0.8865085864860799,1
CUST_815,13,28,116.15793857568143,2,0,88.01374714453273,Basic,0.2213472541913033,0
CUST_816,50,15,57.00473651169758,7,0,2.51604898862422,Enterprise,0.8791303358484057,1
CUST_817,28,1,21.42034821680674,2,0,72.51748640905011,Basic,0.2930701678995915,1
CUST_818,58,23,49.784988208932425,3,2,99.88377612547349,Pro,0.8522344335877081,1
CUST_819,20,3,114.44577673491177,0,3,63.96424685733494,Basic,0.7292269300776125,1
CUST_820,28,14,41.76789767408324,2,1,41.467894784339876,Pro,0.3520526026091,1
CUST_821,8,6,104.83128838471222,3,1,87.4400719356282,Basic,0.9107908934747353,1
CUST_822,41,18,106.34382839341733,3,0,55.417924642262825,Pro,0.4852792945951758,1
CUST_823,39,25,45.27145029817552,3,0,74.944084678994,Enterprise,0.3176940713742138,1
CUST_824,1,1,14.574630675822695,3,1,58.77789918185049,Basic,0.2796858572827946,1
CUST_825,3,6,88.3241595532641,1,1,3.8291092487949263,Pro,0.939067114980401,1
CUST_826,13,6,40.823914386608394,2,1,21.314498820534755,Enterprise,0.7585809906092731,1
CUST_827,28,21,95.03621563962082,2,0,7.87635739867496,Basic,0.34989909684202203,1
CUST_828,57,16,55.90530754994981,1,1,10.668776238322298,Basic,0.25416844467198063,1
CUST_829,49,29,60.80567536940148,1,2,1.5405493588071972,Basic,0.21161704237345402,1
CUST_830,25,5,94.45958177608173,3,0,42.11649790141529,Enterprise,0.24449263103218766,1
CUST_831,56,17,48.971783072087206,4,2,17.86516317541651,Enterprise,0.11097939143697577,1
CUST_832,33,10,55.95964471213517,1,1,85.56965204939718,Pro,0.48473495860502114,1
CUST_833,38,28,48.26190390850655,0,1,75.00375375406604,Basic,0.04107216152698079,0
CUST_834,53,21,47.244159256887194,2,1,57.3176994815496,Pro,0.011514646389925054,1
CUST_835,6,18,65.48385634366784,1,1,48.90213453503954,Pro,0.6180725931369327,1
CUST_836,58,7,98.01193611763233,2,1,25.58686405759758,Pro,0.08847931864856373,1
CUST_837,44,3,46.603355871095076,3,0,47.495146587498546,Pro,0.8452096129230864,1
CUST_838,45,13,65.28929286183973,2,2,64.12292758644108,Pro,0.1067287785141845,1
CUST_839,32,15,82.1336424258991,0,0,78.22288601927755,Basic,0.5426689999411398,1
CUST_840,45,20,35.98553632492033,1,0,8.168206625959339,Enterprise,0.6755036423379481,1
CUST_841,47,19,36.91512256377514,1,0,70.846468874555,Pro,0.22915550671735319,0
CUST_842,21,3,112.34250960769731,0,1,74.27298767612854,Enterprise,0.8882641562790223,1
CUST_843,16,4,88.2064759330752,4,1,55.89722009248565,Pro,0.4813869019154886,1
CUST_844,54,5,71.37646776568052,1,1,21.431919570320122,Basic,0.31531909511873213,1
CUST_845,21,1,79.48780625837038,2,2,53.9184587501175,Pro,0.9011286080737317,1
CUST_846,11,4,8.369435956893112,0,1,50.270488181531036,Pro,0.8583402435184225,1
CUST_847,37,12,76.08184103959513,4,1,47.57100963867962,Pro,0.7096274016212872,1
CUST_848,36,28,63.59352042078322,0,1,46.063991546718405,Basic,0.29048245071539947,0
CUST_849,35,27,67.7612131746351,1,0,11.082556629151973,Pro,0.39020633965258744,1
CUST_850,19,24,46.333740085543965,2,2,18.289248485736476,Basic,0.6897333625746018,1
CUST_851,20,10,14.369498236988317,3,0,9.733208845134234,Enterprise,0.185284324386508,1
CUST_852,57,23,27.234011865386,1,0,24.247782766798444,Enterprise,0.4951124719175576,1
CUST_853,18,25,114.33564201945725,2,1,26.3476782730673,Enterprise,0.7377222626714501,1
CUST_854,47,21,52.000449661157404,4,1,24.50758614930454,Basic,0.6577129270708777,1
CUST_855,41,29,58.66856292054938,6,0,21.09290681856034,Pro,0.7199330836827226,1
CUST_856,49,26,11.061625833145484,0,4,73.54220454847889,Enterprise,0.8919192299448033,1
CUST_857,14,20,9.320116397557769,1,2,81.8565399598118,Enterprise,0.9682866515208812,1
CUST_858,15,24,87.47586641037714,1,1,32.71092165725699,Pro,0.45838351271470545,1
CUST_859,31,25,66.88088637392781,2,1,30.51288916844489,Enterprise,0.05998184600908085,1
CUST_860,1,13,63.50118818487067,0,0,84.4032349752508,Enterprise,0.8343503233624188,1
CUST_861,53,23,32.9593209986069,3,0,62.392390166579105,Pro,0.11796593323903559,0
CUST_862,54,14,90.64633413744106,5,0,29.343832478905753,Basic,0.21944437888809953,0
CUST_863,54,23,24.347206597476568,1,0,71.36122925865823,Basic,0.6531674536874537,1
CUST_864,3,5,26.842495521017305,4,2,34.459281023316734,Enterprise,0.7457352440930346,1
CUST_865,16,4,57.98189970505168,2,2,58.655561434217304,Enterprise,0.6946472486671068,1
CUST_866,23,14,37.922184142873206,2,0,99.26340299878015,Basic,0.4384921942489016,1
CUST_867,57,10,33.45824284181183,3,1,30.159437521603326,Enterprise,0.9180670585142787,1
CUST_868,11,17,79.20232912363313,2,0,93.05260007083331,Basic,0.8321962691979968,1
CUST_869,12,10,79.86175070013262,4,0,32.06524142846982,Enterprise,0.6636825901989144,1
CUST_870,10,26,99.81946302699185,2,2,54.02867043748234,Enterprise,0.44107568240575024,1
CUST_871,32,7,53.036485201892226,7,0,45.998378959903995,Basic,0.4638259331926593,1
CUST_872,16,16,13.404785468007278,1,2,78.31595623439361,Pro,0.17596664244556415,0
CUST_873,8,1,36.47163426596764,2,2,6.109269948199481,Enterprise,0.7797049970997142,1
CUST_874,38,17,117.70062826763395,3,1,62.71223040686639,Enterprise,0.8659633824867724,1
CUST_875,12,21,73.56973615176074,1,1,76.0666944348823,Pro,0.8272816609247188,1
CUST_876,24,29,86.61976475211733,1,0,47.21448513821193,Enterprise,0.5470979479765166,1
CUST_877,28,9,5.846150406922671,3,2,10.529260653780536,Pro,0.837941141532066,1
CUST_878,53,6,64.59365920098989,2,0,24.480501348481308,Pro,0.7904088334576224,1
CUST_879,8,19,9.31579561615736,1,0,67.96723701008636,Basic,0.8323593130701649,1
CUST_880,58,13,70.46147439051651,4,2,89.54373855003152,Pro,0.9819333307686103,1
CUST_881,28,3,110.88864770814867,2,2,42.160860700048865,Basic,0.8100000343736475,1
CUST_882,36,7,116.3682000075469,1,1,56.04120350782592,Basic,0.27068996571521375,1
CUST_883,26,22,67.16355766972629,2,1,22.838503672686205,Basic,0.8208629162927702,1
CUST_884,8,9,57.693552604004836,3,0,41.221331403687145,Enterprise,0.3756351059883871,1
CUST_885,58,22,113.6769658385768,1,0,33.67898077704915,Enterprise,0.5161922176836633,1
CUST_886,50,5,82.46513067961993,0,1,65.55255479715237,Pro,0.7963995271302734,1
CUST_887,28,10,12.463417146917088,1,0,98.4698951675111,Basic,0.3167188326709982,0
CUST_888,28,23,58.55844143176222,0,3,81.33034519856862,Enterprise,0.026083144269060665,1
CUST_889,37,17,32.62817712339495,1,1,19.216458492618514,Enterprise,0.7181445230451247,1
CUST_890,41,12,59.02749696659838,2,0,57.767859330676686,Pro,0.9021741197954015,1
CUST_891,36,23,57.3785407807316,1,1,6.641171494840159,Enterprise,0.9278884482945541,1
CUST_892,27,16,71.94665232369533,4,0,24.69154868426355,Enterprise,0.7989101833400933,1
CUST_893,54,3,46.028606390163894,1,2,17.22176760603904,Enterprise,0.935142858093965,1
CUST_894,17,25,23.89110168743173,2,0,33.554553763946295,Enterprise,0.8206560923693148,1
CUST_895,9,22,62.92773497784497,0,0,67.88139690442135,Enterprise,0.03009904861318935,0
CUST_896,33,9,100.47333169976264,0,1,49.939331691682675,Enterprise,0.34965542545288675,1
CUST_897,53,29,81.36140622777427,5,1,93.29092598292176,Pro,0.3361063273756265,1
CUST_898,20,15,43.91230458139982,0,1,21.274883984850867,Basic,0.21916434846020372,1
CUST_899,13,5,112.58514761726859,0,1,36.42091462539402,Enterprise,0.7979370300909038,1
CUST_900,28,23,109.90387069365595,1,1,32.98525767924695,Basic,0.5200898455211013,1
CUST_901,48,13,29.07506592917136,0,1,23.596362595992993,Pro,0.8362893841101748,1
CUST_902,29,14,9.533022288841742,1,2,99.31707691262446,Pro,0.6013492901338772,1
CUST_903,13,20,90.25050146033766,1,1,38.722554544305446,Basic,0.5906093456327969,1
CUST_904,46,15,100.17518005515262,3,0,94.05089804995984,Basic,0.38414845329572944,1
CUST_905,35,16,116.30442508440586,1,2,39.04734738529895,Pro,0.7896029208901465,1
CUST_906,6,23,107.33118532015574,1,1,20.409167874066092,Enterprise,0.6830916630660445,1
CUST_907,18,13,74.06149834373771,3,1,11.920633068271114,Basic,0.33875184819020443,1
CUST_908,51,17,65.95601900942378,2,1,85.55631931755052,Basic,0.9935733094001807,1
CUST_909,5,23,8.201720895197424,3,2,3.209764048507824,Enterprise,0.4627891984491671,1
CUST_910,47,8,33.36549138714945,1,1,96.43945883392814,Basic,0.3165901949162504,1
CUST_911,25,21,57.85569644928654,0,0,41.81912117855484,Enterprise,0.6877930561142189,1
CUST_912,2,2,77.2779485096103,0,0,24.73743510843571,Pro,0.222807430072004,1
CUST_913,10,5,69.08396083161722,1,1,61.74461322153625,Basic,0.8306440724614532,1
CUST_914,56,6,90.4031388133944,6,2,13.291299183618632,Enterprise,0.680363578287358,1
CUST_915,30,12,37.1731970520097,0,1,7.214557356635575,Enterprise,0.8700653537375099,1
CUST_916,50,18,69.96954988003442,5,1,82.7783351909567,Pro,0.3290513629202574,0
CUST_917,59,22,15.136357989941095,1,2,42.46707746253268,Basic,0.8544255629330596,1
CUST_918,45,22,52.5715352120688,3,1,51.8254912104532,Enterprise,0.5009311427704728,1
CUST_919,5,1,91.26849578977911,3,0,17.669600887506487,Basic,0.05915627664462375,1
CUST_920,55,17,84.74109814434006,2,2,6.142424452694229,Enterprise,0.194169267387849,1
CUST_921,56,11,118.92391477480058,2,0,36.77761326518467,Basic,0.21764916528912404,1
CUST_922,33,10,36.95747948859194,2,1,50.614625238008934,Basic,0.7679909763056204,1
CUST_923,54,19,62.2917694050076,2,2,76.54306218780279,Enterprise,0.20312541379448634,1
CUST_924,1,14,42.89599758400962,4,0,50.10520002354634,Enterprise,0.5619172545905672,1
CUST_925,18,26,55.66935811680509,2,0,78.25070176859029,Basic,0.65254203211269,1
CUST_926,32,10,103.54926493497963,1,1,11.543277967431386,Basic,0.7738573718317219,1
CUST_927,47,15,83.68404364667596,2,0,6.396277204395162,Pro,0.7838802179878818,1
CUST_928,49,28,106.4807370049719,3,1,15.886096414345163,Enterprise,0.7176038561249412,1
CUST_929,11,19,28.403777458166942,3,1,77.20121268887286,Basic,0.2131837954727379,1
CUST_930,21,4,105.43652855176536,1,2,75.93302308387014,Basic,0.5434693128711849,1
CUST_931,26,2,11.872661530514208,3,1,14.136780451064146,Enterprise,0.290169581562416,1
CUST_932,25,9,107.18891725027252,3,4,3.0988658250679757,Basic,0.7750975577888833,1
CUST_933,22,10,42.84348463798371,1,1,68.52819362121652,Basic,0.7480928108751377,1
CUST_934,59,28,41.177577842617644,1,0,85.52817832429774,Pro,0.22964756667447328,0
CUST_935,27,11,63.89018632034635,0,2,75.41076955101822,Pro,0.6413427217127414,1
CUST_936,49,14,113.17937158817165,1,0,20.27989806150782,Enterprise,0.05842790233986872,1
CUST_937,13,7,10.494856938361618,2,2,58.37678972253356,Enterprise,0.7685484170680571,1
CUST_938,33,23,45.50656213313571,4,0,75.73657206255412,Enterprise,0.7802020643784998,1
CUST_939,34,15,103.50577869858361,3,0,25.582870454703954,Pro,0.3470119107715821,1
CUST_940,41,22,50.54626490507867,1,0,52.7720801369453,Pro,0.806256546209415,1
CUST_941,35,19,27.903043223662706,3,2,31.44604039737703,Pro,0.8582975498735577,1
CUST_942,1,22,53.85133085311235,4,2,22.557541732702113,Basic,0.19005780447117926,1
CUST_943,21,15,49.33853767154197,2,2,96.95893267708526,Pro,0.3508951033199501,1
CUST_944,48,28,110.2728631686709,3,1,91.25819603869263,Pro,0.2610806766295951,0
CUST_945,55,24,92.62245321045616,1,0,44.566773095148704,Enterprise,0.37435832986854367,1
CUST_946,6,8,63.08828891056073,0,0,13.67780610639764,Pro,0.44690415881536216,1
CUST_947,28,11,118.66261517298068,1,0,72.79073033206487,Pro,0.5099687460470319,1
CUST_948,17,29,58.50691609673118,1,0,25.570113012822027,Basic,0.03510370196325896,1
CUST_949,5,9,11.697350544331652,3,0,16.85178058380945,Pro,0.055166349118962565,1
CUST_950,31,15,35.16154700872326,1,0,38.152901773818456,Enterprise,0.6552346332207045,1
CUST_951,5,1,55.14810522522095,4,2,52.984980916673905,Basic,0.44274138905430693,1
CUST_952,38,1,23.04380177680381,4,0,9.744032982041462,Pro,0.08973760106596862,1
CUST_953,3,19,113.96998952726494,1,1,57.174647304852655,Pro,0.38622991455456,1
CUST_954,53,3,93.18762324904391,1,1,1.534837476262152,Pro,0.47549489465567385,1
CUST_955,23,10,35.85302804919385,1,0,89.18690605930867,Basic,0.6355901030038663,0
CUST_956,37,8,72.94252135456033,3,0,92.07416892788666,Basic,0.11833006484160302,1
CUST_957,53,15,87.96665306760079,3,0,73.30707735118514,Pro,0.9948043145672312,1
CUST_958,37,10,113.24707682428176,2,0,46.654940857417756,Enterprise,0.4747055356057127,1
CUST_959,10,1,106.38806515517223,2,1,25.48962705633112,Pro,0.6807905741338767,1
CUST_960,10,29,64.24710600589458,4,2,74.41120907113965,Basic,0.9082181721708777,1
CUST_961,19,18,94.08505127619702,1,0,93.17972019520636,Basic,0.031823364071406735,1
CUST_962,17,2,69.64664669017228,2,2,15.853370489743956,Basic,0.6013589781919871,1
CUST_963,21,19,68.56094735523712,2,1,46.5821989297698,Enterprise,0.5403557414806197,1
CUST_964,14,13,18.19532520889207,2,0,31.526163603592817,Pro,0.05740680130631981,0
CUST_965,9,22,19.50583067185749,3,0,35.67417890459099,Pro,0.6930277448302254,1
CUST_966,46,1,65.8963657275826,2,0,40.57577813229325,Basic,0.22078238048233845,1
CUST_967,1,2,35.91907767258576,1,1,95.17963443713384,Pro,0.7018815867617644,1
CUST_968,51,29,7.419243782953893,3,1,25.863716786809366,Enterprise,0.3626291750370143,0
CUST_969,45,16,88.12650844852442,2,1,49.26758390935066,Enterprise,0.7701262009980901,1
CUST_970,13,15,8.73595861936897,2,1,95.14874716617904,Pro,0.941761443240162,1
CUST_971,4,13,73.45683672696627,4,0,47.60568902183173,Pro,0.860512617952342,1
CUST_972,1,16,67.00728632464116,0,0,86.35995219214534,Pro,0.4825735707541855,0
CUST_973,49,17,116.41368941644751,5,1,5.876477432528093,Pro,0.22527290409790557,1
CUST_974,40,21,60.68451102497879,1,2,95.3030418463236,Pro,0.9924235197282143,1
CUST_975,32,29,12.314165183446697,1,1,18.75311470260509,Pro,0.659498670403668,1
CUST_976,34,29,68.4441162977431,2,0,97.99350347312841,Basic,0.3959526374718245,1
CUST_977,28,7,101.72605962085166,1,0,17.557686525854844,Basic,0.481523747479205,0
CUST_978,31,24,119.6376676923656,1,1,44.43659477949742,Basic,0.12805529146516725,0
CUST_979,8,26,54.48946497424333,0,0,30.86144915725445,Enterprise,0.5052920299046455,1
CUST_980,39,17,41.834355387125385,1,0,43.32314210950441,Enterprise,0.1731645073663869,1
CUST_981,26,7,109.26512914947988,1,0,25.05247399255255,Enterprise,0.36574549447409577,1
CUST_982,58,13,26.992844843753957,1,3,96.53174124276418,Enterprise,0.49176695724236685,1
CUST_983,34,5,75.77432522878657,1,1,30.57249840730917,Basic,0.9477987391399227,1
CUST_984,54,26,51.657158780808984,0,0,65.3274912064223,Pro,0.6246930867581012,1
CUST_985,54,17,9.724471969888857,3,1,13.74474895987885,Pro,0.3718901810588937,1
CUST_986,3,3,44.93817454515524,1,1,82.43874848498838,Pro,0.11308929441574123,1
CUST_987,59,7,35.50128008780758,2,0,54.25079435095134,Enterprise,0.7471885880803485,1
CUST_988,50,26,83.90048270350098,1,2,97.94461245313158,Basic,0.46685289528157736,1
CUST_989,12,17,114.11090723457059,1,0,42.340221683343515,Pro,0.06815515565117225,1
CUST_990,1,7,35.82542654854334,1,1,19.54478749766604,Enterprise,0.6568746199734853,1
CUST_991,54,21,98.3185830024434,1,0,34.601899944098356,Enterprise,0.35010538201508823,1
CUST_992,44,1,11.366378947917095,4,0,73.69656060934943,Enterprise,0.4038912811676184,1
CUST_993,5,17,66.88391615457851,5,2,65.9106520995876,Pro,0.838853823023788,1
CUST_994,30,17,13.113257326637877,1,0,77.83474076177251,Basic,0.13730823941151915,0
CUST_995,30,11,112.41379398002353,0,0,7.347029220420909,Pro,0.3403748706200561,1
CUST_996,59,25,93.13039726409987,3,0,58.03687753447865,Basic,0.3636681463029817,1
CUST_997,57,27,80.66423978852812,4,2,93.21686770363047,Basic,0.003329358656165793,1
CUST_998,17,29,99.7480838868364,4,1,10.790191948157734,Pro,0.8453289163712301,1
CUST_999,48,3,79.46477649056877,4,2,9.43352589129789,Pro,0.8353125681895632,1
CUST_1000,47,15,116.42860567504349,3,1,71.6604364519514,Enterprise,0.6618363090087985,1
CUST_1001,23,29,87.10516400444872,2,0,31.51824558442019,Enterprise,0.8989409248328012,1
CUST_1002,15,21,111.33574010195838,0,2,65.85792103609069,Pro,0.2728866083367768,1
CUST_1003,37,11,64.47016758122336,3,2,54.538451305036,Pro,0.220630280629577,1
CUST_1004,21,26,18.462407492914203,3,0,98.60666583399056,Basic,0.06852080041553288,1
CUST_1005,14,28,65.74043796364697,2,1,88.9056416954874,Basic,0.5920128126203708,1
CUST_1006,2,16,19.59037522725573,1,1,67.80727815617117,Enterprise,0.49635545506135437,1
CUST_1007,11,25,73.13675010528658,2,0,26.167462610315052,Basic,0.8103963156930589,1
CUST_1008,51,22,60.48670196068124,1,0,26.19081621504695,Pro,0.4812870375331103,1
CUST_1009,39,28,76.5961707507699,0,1,88.22438005689459,Basic,0.2032362197951436,0
CUST_1010,38,9,6.155402821305634,4,1,58.5341065275393,Basic,0.8095969174541168,1
CUST_1011,34,24,27.40665654036687,1,1,78.92817820521023,Basic,0.45545457213274554,1
CUST_1012,38,24,61.502999669895054,4,0,44.98642065368301,Pro,0.955830220593657,1
CUST_1013,50,1,114.30790958275051,2,0,10.307363665152657,Enterprise,0.5344714174089772,1
CUST_1014,34,29,49.115039640843214,1,0,33.26864582396261,Basic,0.11673893429026339,0
CUST_1015,18,25,53.802782996167984,3,0,16.114919428836316,Pro,0.8510244440976912,1
CUST_1016,30,22,87.19005023576155,2,0,78.18328164255023,Basic,0.8784103861254161,1
CUST_1017,15,16,74.43616708790357,1,0,70.05119896570902,Basic,0.44543154203575386,0
CUST_1018,27,9,39.37650726130832,0,1,8.841292238804066,Pro,0.025993009343252882,1
CUST_1019,51,19,52.24388549025419,0,2,62.13853987618771,Basic,0.029723469842756423,1
CUST_1020,34,12,30.035476868581732,4,1,87.41355069947954,Pro,0.3511492532075905,1
CUST_1021,52,19,116.09246779997399,4,0,69.73642953999666,Enterprise,0.7162322200733133,1
CUST_1022,57,22,20.02295387909637,3,4,51.11119129844214,Basic,0.33105181435005127,1
CUST_1023,38,9,47.761230225138235,1,0,31.186328493888727,Pro,0.007729922738990314,1
CUST_1024,33,7,7.971481805301287,1,0,88.70967495858956,Basic,0.84857102930813,1
CUST_1025,24,14,30.504641572357837,4,3,42.280488214101986,Basic,0.9687324315448357,1
CUST_1026,15,29,94.75418091371782,1,0,85.53935802337854,Basic,0.34636945510123274,1
CUST_1027,30,19,28.135151713221138,3,2,78.29998382181971,Pro,0.073074722690596,1
CUST_1028,55,19,14.207291290831044,1,0,81.62269652808597,Pro,0.2914117190235471,0
CUST_1029,42,2,59.56211568212018,3,0,98.97975201616462,Pro,0.7990057756472284,1
CUST_1030,51,9,6.146461994469627,2,0,74.87585158729645,Enterprise,0.5422586074761535,1
CUST_1031,17,13,14.748107759028315,2,2,3.4040935718648413,Basic,0.3839856393789586,1
CUST_1032,5,15,97.87697499974213,3,1,20.54339349807449,Pro,0.33422690037788405,1
CUST_1033,29,3,93.71943465885474,3,0,3.5195150325164515,Basic,0.11539492142623953,1
CUST_1034,4,11,110.24096434656305,2,2,18.991356994169063,Basic,0.3395137581038129,1
CUST_1035,10,21,103.2692751297362,1,0,6.143951068611331,Basic,0.4701084363061554,1
CUST_1036,56,14,83.56518977257907,1,0,50.161704118625295,Pro,0.6731410658347505,1
CUST_1037,17,25,11.018278589576227,2,0,2.8206213133077807,Enterprise,0.2620783546540243,1
CUST_1038,10,8,95.02759106846561,2,1,47.25790996152595,Enterprise,0.8973788809763025,1
CUST_1039,17,18,102.23374324666445,3,1,89.8840907120012,Enterprise,0.4847997303615109,1
CUST_1040,20,19,96.89444676377477,0,1,74.85760125748094,Enterprise,0.4051612601777682,1
CUST_1041,24,16,63.475089060422995,4,0,94.3955923651756,Pro,0.5939537432103789,1
CUST_1042,5,2,31.78371144469039,3,2,22.664677375652044,Enterprise,0.16762374642430578,1
CUST_1043,34,8,102.21294720420357,0,1,53.10858164052937,Enterprise,0.10658540613553324,1
CUST_1044,6,22,88.62372312011593,2,3,31.85794531658388,Pro,0.34654037087841516,1
CUST_1045,53,6,117.78753505471794,0,0,49.3819795692034,Pro,0.039933391674296215,1
CUST_1046,2,12,22.904648741932284,2,2,55.707582958428844,Basic,0.3775832008180313,1
CUST_1047,13,15,30.951427050986332,1,2,3.6186130475865164,Basic,0.6714852574848699,1
CUST_1048,43,25,29.35678723637281,4,0,23.325613521498312,Enterprise,0.8121223041333847,1
CUST_1049,43,8,96.14207327645371,1,3,70.47727792439974,Basic,0.5797631088113462,1
CUST_1050,48,4,26.49433909176359,0,2,77.29280245402997,Pro,0.6913291571085084,1
CUST_1051,11,15,12.6658804296802,2,1,56.94513674875032,Basic,0.83312978693456,1
CUST_1052,51,28,119.83449275734729,2,0,27.08290279486767,Basic,0.773130098195344,1
CUST_1053,47,20,7.853979316192152,1,1,40.508411672274,Pro,0.31998191532527764,1
CUST_1054,57,25,101.05306691826955,2,0,9.603681188138458,Enterprise,0.5734226792844711,1
CUST_1055,23,17,47.01718677832507,3,0,95.31796167925917,Basic,0.2648531547096573,1
CUST_1056,55,13,101.78577787214876,2,0,86.86774712102881,Basic,0.5763337833951514,1
CUST_1057,16,18,68.78135648928168,1,0,6.560234690746336,Enterprise,0.4260013761472201,1
CUST_1058,31,2,108.68759139093142,0,1,16.64906656583305,Basic,0.37279918164022663,1
CUST_1059,11,13,111.51219343768207,2,2,58.10944411887535,Enterprise,0.18356394410504706,1
CUST_1060,54,13,6.04629084728924,2,1,23.24300741292159,Pro,0.5617530451887962,1
CUST_1061,16,22,13.672400239170651,1,0,93.44006980141283,Pro,0.729315981206815,1
CUST_1062,8,15,33.79125390064838,3,2,75.55905808710746,Enterprise,0.5712797043055348,1
CUST_1063,4,20,81.97127288180269,1,1,27.32915129110828,Pro,0.06922666823202406,1
CUST_1064,40,29,107.1513025988232,4,3,0.6101411190476136,Pro,0.9243269630426978,1
CUST_1065,4,27,57.89332439880572,3,0,79.94473912029747,Pro,0.0054910495386892855,1
CUST_1066,56,10,74.80190837154052,4,0,42.408970960106565,Pro,0.8850579136569164,1
CUST_1067,25,29,26.67748307148953,3,0,64.2377711857777,Pro,0.7660733264193533,1
CUST_1068,3,3,97.57118589639381,0,0,28.697482542129748,Pro,0.09655728404836383,1
CUST_1069,32,19,116.24273280564903,3,0,14.287325935817098,Basic,0.23656438181730943,1
CUST_1070,3,3,35.88887728517871,1,2,67.53115917857457,Basic,0.3489671895647972,1
CUST_1071,27,22,61.904984434062825,0,1,45.03245881466591,Basic,0.9103009091074646,1
CUST_1072,29,14,14.903352708232987,2,0,23.51697010699809,Pro,0.9799262135801972,1
CUST_1073,32,8,69.30071549324137,3,1,13.76279995662032,Basic,0.08716826767296737,1
CUST_1074,50,27,62.820095812368265,3,2,58.04795944416335,Enterprise,0.39693213512109904,0
CUST_1075,58,23,21.61019567783392,0,1,72.55499402075743,Enterprise,0.14928185724655085,1
CUST_1076,51,4,55.83761450857863,0,1,28.388696212311526,Enterprise,0.27843656043651277,1
CUST_1077,19,27,43.422034989954774,3,0,73.5142535347124,Basic,0.9810703008362485,1
CUST_1078,21,28,65.01055066009678,2,2,18.31221987327719,Pro,0.9844261121235593,1
CUST_1079,5,20,72.3502485743119,5,1,33.84156910951093,Enterprise,0.47213794021408695,1
CUST_1080,18,11,5.976991539829093,3,4,74.48822867999554,Basic,0.1831387339060513,1
CUST_1081,28,26,92.51568803919886,1,1,66.01435196470793,Basic,0.5470185932608793,1
CUST_1082,42,11,86.9966435641002,1,0,27.052362690391252,Pro,0.32068520757252716,1
CUST_1083,22,27,47.12293441375005,1,3,12.213500154693314,Pro,0.928830840128745,1
CUST_1084,21,11,11.087632590414099,2,0,4.247342494724194,Basic,0.8182143073214543,1
CUST_1085,6,2,91.81724207528079,0,0,83.79151799192857,Pro,0.30884066579158287,1
CUST_1086,1,17,114.84514345498523,4,1,7.514194956786002,Pro,0.01830909631970168,1
CUST_1087,5,9,32.61743354253163,0,1,11.48451522063878,Pro,0.9980486356451326,1
CUST_1088,41,28,42.205330579759355,2,1,23.77106302753337,Pro,0.6833439854989096,1
CUST_1089,12,28,26.13848229040872,2,4,44.566970423984785,Pro,0.4257275224696949,1
CUST_1090,26,2,71.34765418465656,1,0,78.9787080236496,Basic,0.28845572403124753,1
CUST_1091,46,29,22.80676038445732,1,1,24.748032594110605,Enterprise,0.004424438493902616,1
CUST_1092,34,24,45.96230349805864,3,3,54.35082483597519,Basic,0.15395940955652976,1
CUST_1093,49,15,85.15649660244024,2,0,9.03725220500431,Basic,0.005871334883965518,1
CUST_1094,14,16,69.41333804607507,5,0,46.45110051365248,Basic,0.5975844301952978,1
CUST_1095,26,25,49.44319489771255,1,0,17.763899337730827,Basic,0.6633432715473475,1
CUST_1096,45,4,53.32870420786732,4,0,21.119155889056508,Basic,0.7667961423952544,1
CUST_1097,27,8,69.6427515016714,2,1,36.68284341089294,Pro,0.18699935553083558,1
CUST_1098,9,9,5.67444370702355,2,1,76.13476987008573,Enterprise,0.09597087017696682,0
CUST_1099,26,26,14.028634872165133,2,0,74.39864299002346,Pro,0.6504591030736049,1
CUST_1100,57,26,106.34467779274634,4,0,41.497297648532005,Enterprise,0.4998941190449403,1
CUST_1101,47,5,13.956083745498438,0,0,11.867115419240859,Basic,0.8756859000741157,1
CUST_1102,57,16,86.2824135642081,1,0,28.06916200239463,Basic,0.5332660235923817,1
CUST_1103,22,13,110.80438887254105,1,0,50.53557765301382,Basic,0.4448212198021738,0
CUST_1104,47,7,36.12861449469908,3,2,86.94117786951232,Basic,0.48802780483101726,1
CUST_1105,56,26,47.60651526184414,1,1,96.82546148133304,Basic,0.7823217183378007,1
CUST_1106,30,20,70.42596167214238,1,1,63.74709350239135,Basic,0.018305199092172875,1
CUST_1107,43,17,106.39653150843723,3,0,35.06864904974013,Basic,0.9182114435034318,1
CUST_1108,48,3,113.31914253494833,2,0,69.34534536943787,Enterprise,0.7141890424788191,1
CUST_1109,17,5,90.04977353279583,6,0,33.623013582059855,Basic,0.8852897403508766,1
CUST_1110,26,19,14.961272498289814,4,3,62.547345341660645,Basic,0.9595989944430229,1
CUST_1111,36,12,81.95272788650784,1,1,24.37665716956766,Basic,0.22600368783081337,1
CUST_1112,1,29,52.184928015356135,1,2,26.698870123137798,Enterprise,0.5783407931763808,1
CUST_1113,8,27,59.13061494147208,1,2,7.522558904112309,Enterprise,0.48604372606207047,1
CUST_1114,49,7,10.65206488969536,2,0,42.014115221317496,Basic,0.5376191061516302,1
CUST_1115,35,28,26.97214602483119,2,2,61.81745200956678,Pro,0.04728918225436918,1
CUST_1116,52,9,95.90906486636949,7,1,78.87949438106212,Enterprise,0.9139857786120432,1
CUST_1117,15,28,57.205265800503874,3,1,81.03485448376937,Basic,0.9546841825153729,1
CUST_1118,47,6,39.69115778758212,1,1,99.24444495071639,Enterprise,0.6851243117099635,1
CUST_1119,56,29,49.16219350597019,1,1,8.775572583696189,Pro,0.2582776397195269,1
CUST_1120,22,26,103.25594403245323,1,2,49.31367684458288,Basic,0.7872064274524304,0
CUST_1121,14,17,91.13488700157004,1,2,52.137457540241336,Enterprise,0.7308464835363614,1
CUST_1122,26,16,36.31627067582452,2,1,80.45334263778923,Pro,0.5745902971394422,1
CUST_1123,28,23,18.51271162442293,2,0,26.635851558884703,Enterprise,0.17023949662839144,1
CUST_1124,23,3,33.979795489068245,1,2,6.9372319939467015,Enterprise,0.20117890216837753,1
CUST_1125,14,21,110.88699187129437,3,0,31.375881026841967,Basic,0.5894049348125515,1
CUST_1126,24,26,71.88271635272187,1,2,98.39278290642609,Basic,0.1288247943729165,0
CUST_1127,2,4,66.35022400565003,0,1,89.94411978245863,Enterprise,0.7239296460154007,1
CUST_1128,45,10,73.58526396463307,2,0,39.52469609466516,Pro,0.2126000831619279,1
CUST_1129,26,5,47.093250560849256,5,1,87.62719987450606,Basic,0.9104798123936516,1
CUST_1130,14,21,97.81730733674397,2,0,3.275448411665871,Enterprise,0.8997251333346634,1
CUST_1131,59,22,65.17791866952874,2,1,31.420407746420054,Enterprise,0.29360386294550445,1
CUST_1132,56,10,18.42600881841149,1,1,72.68118479875444,Basic,0.08338684600634227,1
CUST_1133,51,12,19.842489355342238,3,1,22.145225101683895,Basic,0.611415804213893,1
CUST_1134,7,10,66.73880184780111,1,1,19.839095148730667,Enterprise,0.4484144739528887,1
CUST_1135,3,29,112.70557507814651,1,0,86.18075459643734,Basic,0.14370889840394407,0
CUST_1136,47,13,40.460493992762856,2,0,61.59539610767438,Enterprise,0.5314814734527651,1
CUST_1137,23,11,104.99723441881011,3,1,98.90227183120358,Pro,0.9927242428910241,1
CUST_1138,46,22,92.87099245657112,1,1,13.46696762791485,Basic,0.06898291514464316,1
CUST_1139,43,16,33.49843093429429,4,2,35.61284072331466,Basic,0.26389538577120386,1
CUST_1140,47,8,9.179186056367882,3,3,31.121337180368446,Enterprise,0.5386142850339615,1
CUST_1141,45,8,16.712435491374016,3,2,88.01322377189096,Basic,0.7933612825586889,1
CUST_1142,18,27,88.77680239245562,2,0,25.529652004301063,Pro,0.018761119992393827,1
CUST_1143,58,25,27.96201987467437,4,2,35.346099767417,Enterprise,0.7327600068504486,1
CUST_1144,38,8,47.696155858120285,3,1,14.28338756754275,Pro,0.13988354296257022,1
CUST_1145,35,13,62.695404090738855,2,0,77.54009826491871,Pro,0.8306794770127285,1
CUST_1146,51,27,88.42883937176873,3,1,23.770328395885286,Pro,0.6921760348559155,1
CUST_1147,15,2,18.02159067479942,2,2,6.832027223221948,Pro,0.45651135799057974,1
CUST_1148,25,12,51.73213660690807,1,0,43.510873269089664,Enterprise,0.8215832746098151,1
CUST_1149,55,10,60.78338455140997,2,1,39.14581239615347,Basic,0.7330486843652821,1
CUST_1150,37,12,67.19511235672707,4,1,17.760920430537553,Pro,0.759184001030145,1
CUST_1151,28,11,99.11147376044993,3,0,13.359755989601553,Pro,0.290073737895026,1
CUST_1152,10,15,24.742992429969945,5,1,89.65572133832607,Enterprise,0.6194188520919873,1
CUST_1153,39,16,97.90061696006157,2,0,6.784448655123054,Pro,0.14110605260288656,1
CUST_1154,57,17,84.681019185115,0,0,9.931095669631995,Pro,0.8208607625402528,1
CUST_1155,17,26,68.92514363288032,1,1,24.504728113840603,Pro,0.5267421209837079,1
CUST_1156,39,2,85.44570509629577,1,2,95.28391896565022,Pro,0.8248836484314153,1
CUST_1157,22,18,52.382039979440485,0,1,8.538424951985512,Basic,0.21115688139235855,1
CUST_1158,26,12,20.915722386334323,0,1,81.60148267428822,Pro,0.1303415132561696,1
CUST_1159,44,19,81.56300263051725,4,0,89.20521533188271,Enterprise,0.688968769392661,1
CUST_1160,25,26,65.33731526884657,2,0,37.78677414508854,Basic,0.0583975266001826,1
CUST_1161,17,23,78.52810206241918,4,4,29.38943998318424,Enterprise,0.243985945550391,1
CUST_1162,13,18,43.86985981827635,1,1,67.7377728257408,Basic,0.9087136473635691,1
CUST_1163,20,17,109.28965639408112,1,1,70.26346006102229,Basic,0.1327579686797299,1
CUST_1164,25,6,72.54753488619134,1,2,77.99771628241555,Pro,0.3755558891358166,1
CUST_1165,4,25,14.82128569345049,6,2,83.05667813289257,Pro,0.9455828973600062,1
CUST_1166,10,15,56.727458931009295,2,0,26.839545601234004,Enterprise,0.020003215914057182,1
CUST_1167,3,3,91.98094629551795,2,0,68.6961601886649,Basic,0.4453151134504506,1
CUST_1168,41,6,96.32547459921132,3,0,13.490572428467551,Basic,0.7864592216128798,1
CUST_1169,45,3,61.878661067832255,6,3,51.07313315441536,Pro,0.9089804054119694,1
CUST_1170,18,29,107.89597064559962,4,0,61.28869165125944,Basic,0.7355769169571887,1
CUST_1171,47,1,35.78187027734422,2,1,16.173193667654793,Pro,0.8883917331239898,1
CUST_1172,36,13,52.21885018240066,1,2,7.65065397195408,Pro,0.034368232405588506,1
CUST_1173,47,28,108.33864471543156,2,1,19.474628627619296,Enterprise,0.09987617930167669,1
CUST_1174,22,21,108.06952239423157,2,1,42.05887478523671,Pro,0.7377265798130174,1
CUST_1175,34,26,83.8569684148383,1,2,88.78409778153747,Pro,0.7533282522493775,1
CUST_1176,47,14,103.78276291905532,0,0,53.19144245347272,Basic,0.6052714446752883,1
CUST_1177,8,13,15.208925699966757,0,0,74.84928917339906,Enterprise,0.7302765029179525,1
CUST_1178,40,27,104.47442226389428,1,0,17.414452829144654,Enterprise,0.8580531203495586,1
CUST_1179,49,4,41.871289253276075,2,1,10.597819805522546,Enterprise,0.545482510140937,1
CUST_1180,44,7,25.508123929244878,4,1,23.961735763223977,Pro,0.9473243615279998,1
CUST_1181,19,22,32.52753117933533,0,2,31.388041279035907,Enterprise,0.6942376505384633,1
CUST_1182,42,10,53.066378421597015,4,2,54.81020188221994,Pro,0.471982085242329,1
CUST_1183,41,7,33.88708052951373,5,1,88.12433203644407,Pro,0.4215181237234099,1
CUST_1184,37,21,41.86527239189739,2,0,42.60926167773654,Pro,0.7501667955614231,1
CUST_1185,6,15,20.52252589823884,1,1,51.87981878449701,Pro,0.6304692176298514,1
CUST_1186,52,15,39.06032803928483,2,1,0.4613535984920647,Enterprise,0.8174433684386494,1
CUST_1187,26,4,70.81263867233014,1,0,3.331206289128663,Enterprise,0.78098626264197,1
CUST_1188,34,23,55.81317643047235,1,1,8.376919992754761,Basic,0.5242026957555469,1
CUST_1189,59,23,44.87265754212979,2,1,69.89940854790287,Enterprise,0.9457017902949605,1
CUST_1190,56,6,90.84199481856811,0,3,48.619136877191735,Basic,0.7042572671938173,1
CUST_1191,59,24,107.75364671023156,0,1,19.29611985318581,Enterprise,0.20083958772113164,1
CUST_1192,45,20,92.03076063377566,3,0,59.259943868981914,Enterprise,0.6184871735965707,1
CUST_1193,6,26,43.180080743533104,2,0,54.46121518190361,Enterprise,0.20181305587600207,1
CUST_1194,37,5,90.61084930131868,2,1,8.879930180999573,Pro,0.5588492951996418,1
CUST_1195,57,20,22.477720984515887,0,1,64.04127727171462,Enterprise,0.7899344522937816,1
CUST_1196,33,12,19.986568630498454,1,1,76.71548726305102,Enterprise,0.8125053422853729,1
CUST_1197,53,1,44.74710925915828,0,1,28.655440770909692,Basic,0.6508250181839195,1
CUST_1198,22,28,97.88577244006656,1,3,68.74888619943076,Enterprise,0.7833061719603649,1
CUST_1199,21,8,33.330048432864714,0,0,19.9719517008784,Pro,0.4722356461911442,1
CUST_1200,6,1,12.274142023348151,2,1,75.67288137117448,Enterprise,0.5506558450723624,1
CUST_1201,6,5,20.146596548730834,3,0,91.17741691227202,Basic,0.8796069794422343,1
CUST_1202,55,22,103.75567138090172,2,1,44.18671238016471,Enterprise,0.4930806503216313,1
CUST_1203,48,6,77.88507774593808,5,0,24.462207821161787,Enterprise,0.3509290886401041,1
CUST_1204,4,29,34.11813378754732,4,1,39.91767021976999,Basic,0.7969925694251332,1
CUST_1205,30,21,68.85901991274085,2,0,25.007747265571687,Enterprise,0.05047369771076682,1
CUST_1206,11,3,65.6716565789153,1,1,0.12393757663754501,Basic,0.9583570173453824,1
CUST_1207,30,15,80.37513752067605,2,1,65.04566118044451,Basic,0.3400651911606587,1
CUST_1208,31,5,31.816568758485875,1,1,4.2526641962196905,Pro,0.6296161600247372,1
CUST_1209,24,28,104.40634352735573,2,1,21.039074021723103,Pro,0.685455252276463,1
CUST_1210,55,24,40.577384639201476,3,0,72.24495561298211,Basic,0.1370781674983208,0
CUST_1211,9,14,84.82514020726724,2,1,66.57250139157834,Pro,0.8228602467594152,1
CUST_1212,55,18,6.854334332804712,0,2,7.3328912046165655,Pro,0.5721129586925212,1
CUST_1213,3,16,47.85556993782693,3,1,66.0054741079077,Basic,0.3279286175370667,1
CUST_1214,51,6,45.446629065262954,7,3,93.05748895757826,Enterprise,0.8506858723247601,1
CUST_1215,31,25,67.50070928704667,2,2,7.450246901818314,Enterprise,0.6250803782769976,1
CUST_1216,40,24,13.364670104377597,2,1,41.568822767663626,Enterprise,0.7857781700017288,1
CUST_1217,37,14,95.86510797850245,2,0,72.94338901141414,Pro,0.9923097766576688,1
CUST_1218,36,27,30.044792203270383,2,1,66.77230031779133,Pro,0.13027640865883394,1
CUST_1219,24,24,82.85934871143117,2,1,22.65105424694983,Enterprise,0.7495964837965371,1
CUST_1220,31,8,97.36939417307072,1,0,16.306727749670635,Basic,0.7576710091182217,1
CUST_1221,6,29,69.61584996777401,1,2,78.4247004040932,Basic,0.8746896640735626,1
CUST_1222,2,7,90.20156877302833,3,0,95.62446552387966,Basic,0.4080654525047269,1
CUST_1223,20,8,81.11393590472564,3,1,76.75834675428291,Pro,0.8696513141575588,1
CUST_1224,28,13,45.88592667248088,2,0,96.32044821977502,Enterprise,0.6398832377324079,1
CUST_1225,11,6,98.01873198886001,2,0,60.499542413704276,Basic,0.06877217232389732,0
CUST_1226,4,18,38.89065753683572,2,0,92.9098860691917,Enterprise,0.031516750303436925,0
CUST_1227,15,2,70.68948554142447,0,1,69.04356945448869,Enterprise,0.4814854138077054,1
CUST_1228,6,8,90.72074000127704,3,0,90.88847502010866,Pro,0.7858320720339477,1
CUST_1229,54,11,48.57992962843837,2,1,16.158896796959077,Basic,0.3842315256268739,1
CUST_1230,49,1,39.81827487600388,2,2,81.55652157439489,Pro,0.8518321519465749,1
CUST_1231,30,22,57.824791169874615,1,1,19.674580095345252,Enterprise,0.4921220164195962,1
CUST_1232,56,29,99.06580185015267,3,1,2.742910194595727,Enterprise,0.02628847347959895,1
CUST_1233,38,6,111.94100276175145,5,1,51.75861340429629,Enterprise,0.973665060056927,1
CUST_1234,51,16,67.68459247888737,0,0,31.825178056184434,Basic,0.4896117646026492,1
CUST_1235,57,27,81.06861361221996,0,0,4.353136178801787,Basic,0.6501359770018387,1
CUST_1236,2,20,108.87646655747513,1,1,98.03043787281594,Basic,0.19928921563055702,1
CUST_1237,15,12,16.332887912488374,2,0,66.64660954899928,Enterprise,0.2973306654026733,1
CUST_1238,11,11,31.689036454608978,2,2,90.18121732155987,Enterprise,0.4842844968537162,1
CUST_1239,8,29,86.52350071893198,1,0,99.90825858719482,Basic,0.8561892028450896,1
CUST_1240,26,27,99.73061311991447,5,1,39.1966736671092,Enterprise,0.10195422499319573,1
CUST_1241,51,29,103.55833825801646,0,3,25.47370287341152,Enterprise,0.7803396941005174,1
CUST_1242,45,10,52.73732533831725,1,0,18.388439268682877,Enterprise,0.5793507862356397,1
CUST_1243,44,3,15.274088763564686,2,0,51.51871077913426,Basic,0.4996652741744029,1
CUST_1244,5,13,55.34486988945629,2,2,60.60807775021575,Pro,0.8765879090043112,1
CUST_1245,6,27,31.534477873811184,3,2,47.242273603252485,Pro,0.11812013313217573,1
CUST_1246,26,3,38.48759232461178,0,0,38.72520148456824,Pro,0.9907541439057329,1
CUST_1247,54,15,93.81076903631316,2,0,16.827256345912833,Basic,0.8546334425811698,1
CUST_1248,4,16,13.68561489297699,0,2,44.185962381062396,Enterprise,0.3257369301309938,0
CUST_1249,19,29,100.17184001028075,1,0,8.524313707906494,Pro,0.4515764535839001,1
CUST_1250,20,13,54.18194486977944,4,0,86.50477588875918,Pro,0.0250033097123169,1
CUST_1251,33,17,73.54735207656843,6,1,4.690265209795941,Basic,0.5276049968325719,1
CUST_1252,20,3,15.310006592103086,0,1,38.06460617315547,Enterprise,0.5477195713216038,1
CUST_1253,49,20,43.796294011087156,3,1,10.01378690429685,Enterprise,0.9265757314752262,1
CUST_1254,12,11,15.315605686707265,0,2,77.49804994670782,Basic,0.3879256753735103,1
CUST_1255,47,27,115.5775281313276,0,1,31.273697882792682,Pro,0.5706179535749735,1
CUST_1256,1,21,97.8350896725188,1,1,11.310561265255481,Enterprise,0.7406173444650718,1
CUST_1257,26,19,57.85776675099292,4,2,53.149129886451384,Enterprise,0.6085164381213314,1
CUST_1258,14,22,30.714293057222175,3,1,91.627700722954,Pro,0.15617387837603525,1
CUST_1259,38,11,112.347337103733,0,1,90.86448711192034,Basic,0.17181525992575675,1
CUST_1260,37,28,44.62860850860175,0,1,24.96510411327899,Pro,0.13833950180690735,1
CUST_1261,11,16,23.513209644048096,0,0,71.96596759602335,Enterprise,0.2177289615503234,1
CUST_1262,36,21,69.76390467220482,2,0,3.0284192840991264,Basic,0.32832977346412373,0
CUST_1263,13,3,113.53402383965386,4,1,13.18517965034246,Pro,0.7396673991260541,1
CUST_1264,43,22,5.440483407537096,2,0,49.94723703137795,Pro,0.060925810075946774,1
CUST_1265,3,6,32.38435697420985,3,0,22.875643448835213,Basic,0.8204449600200494,1
CUST_1266,33,14,112.92147864719688,0,0,79.8261853960138,Enterprise,0.2624624102500749,1
CUST_1267,6,24,24.674886188573634,3,0,93.10721720526612,Basic,0.6134236920339006,1
CUST_1268,50,18,18.022996938579283,5,1,0.43333164827822346,Basic,0.5527683552670033,1
CUST_1269,56,17,70.57152981697752,2,1,23.29158296009798,Enterprise,0.15402223646232427,1
CUST_1270,10,4,104.11203967890543,4,1,43.95533460762273,Pro,0.28729716842346653,1
CUST_1271,5,23,59.8676290348015,2,0,56.307928835238855,Basic,0.29592092927148994,0
CUST_1272,23,15,119.37488951872035,3,1,91.59027775921011,Basic,0.6238303473756113,1
CUST_1273,10,11,83.10474544686917,1,0,89.18834905152934,Pro,0.7885004956964199,1
CUST_1274,44,26,13.51861432920149,1,1,63.71700994679659,Enterprise,0.9962886107893335,1
CUST_1275,2,3,119.17569514342716,1,1,25.738801408388458,Pro,0.09589723387958049,1
CUST_1276,13,3,51.9078372297219,5,0,78.32878098783613,Pro,0.9386667906605295,1
CUST_1277,40,16,38.05129139223049,2,0,20.265177128723177,Basic,0.5615260916769615,1
CUST_1278,2,5,69.15610611145684,3,1,96.51723240968167,Basic,0.35676781364532706,1
CUST_1279,20,21,39.9953730593994,0,0,0.5839915733998002,Enterprise,0.2845747766359976,0
CUST_1280,1,29,14.942613318817518,1,1,56.977050390790154,Basic,0.20904050837468757,1
CUST_1281,37,10,5.164259454105323,3,1,8.839724692162775,Pro,0.5570746401228595,0
CUST_1282,9,19,56.70208558583016,2,1,40.75995301820213,Pro,0.9460169338192387,1
CUST_1283,17,25,101.23929355605812,1,1,63.49335403104172,Enterprise,0.1821559042226354,1
CUST_1284,9,4,70.8162463474588,1,1,68.95984955919164,Basic,0.4361670488923237,1
CUST_1285,11,29,119.9088393784957,1,2,78.55694696739351,Basic,0.20384813044904238,1
CUST_1286,15,29,37.987364249428,1,1,59.33277027647701,Enterprise,0.17563037775502544,1
CUST_1287,24,19,37.25233244740636,1,0,25.131935128599448,Enterprise,0.8667418558127844,1
CUST_1288,38,11,23.371187926903584,2,0,88.92532429348715,Basic,0.2619625441426562,1
CUST_1289,55,2,23.867312650513547,2,2,81.11074130136876,Enterprise,0.24797183473909978,1
CUST_1290,35,10,37.796458541155495,0,0,16.005231770685,Pro,0.9097922905449106,1
CUST_1291,30,29,96.17660520645562,1,0,82.6511184207849,Enterprise,0.38604028490604547,1
CUST_1292,31,11,109.16203092319151,1,1,97.26445159104817,Pro,0.008716676840867521,1
CUST_1293,49,25,117.13502451638335,4,1,63.72191168079176,Pro,0.7211856514527716,1
CUST_1294,5,20,31.713310221092055,1,0,28.180522311389378,Pro,0.517012005916949,0
CUST_1295,44,16,106.34921774562055,1,0,60.65938312734143,Basic,0.774131395527919,1
CUST_1296,50,19,42.74933526689376,0,1,34.2535069148299,Pro,0.5702945643198808,0
CUST_1297,14,23,17.976662619441708,0,1,67.59464706423063,Enterprise,0.3512672049190114,1
CUST_1298,53,24,105.05286643481905,1,1,54.47999594558735,Pro,0.06656428978205531,1
CUST_1299,56,11,78.15214798401614,4,2,92.94906120897512,Basic,0.865936623076563,1
CUST_1300,11,14,23.9440530493221,1,0,61.79085432008028,Basic,0.2070846545136995,1
CUST_1301,9,2,54.4305946139953,1,1,21.39816837271691,Basic,0.9713479852752108,1
CUST_1302,34,23,38.03463491086278,1,1,72.51098733418847,Basic,0.24583525498129633,1
CUST_1303,12,28,89.73137540167265,1,1,30.08783178608819,Enterprise,0.8270356011303844,1
CUST_1304,35,5,57.14286652179083,1,0,27.239095294880432,Basic,0.7887482058178414,0
CUST_1305,35,27,118.76719368723427,0,1,39.17766255745035,Enterprise,0.46274713355342556,1
CUST_1306,1,5,11.295672959853439,1,0,1.1996679062675653,Basic,0.4017038652191256,1
CUST_1307,40,19,45.82675560566837,1,0,96.91406601612803,Basic,0.7032596951132818,1
CUST_1308,22,21,60.4185192176474,3,1,53.23311113586983,Enterprise,0.5285525116065029,1
CUST_1309,29,12,62.86035879605677,5,2,77.34938938729603,Pro,0.6319581567967497,1
CUST_1310,8,18,41.33261957434823,7,1,25.78522223778783,Enterprise,0.4702154590624872,1
CUST_1311,11,4,88.86262864622032,5,1,74.66181316336255,Pro,0.557154626768712,1
CUST_1312,41,22,105.5959134512321,0,2,56.71705022781354,Enterprise,0.18915004035505645,1
CUST_1313,37,17,112.95271972745425,3,0,42.414417377950244,Pro,0.05539635562605416,1
CUST_1314,14,10,97.5857383319455,4,0,97.0669226196462,Basic,0.35592371676149426,1
CUST_1315,30,20,102.81672269025893,1,1,49.38437141464058,Pro,0.46586194975211537,1
CUST_1316,35,6,68.31270957129948,1,0,65.74585818896769,Pro,0.906029606560395,1
CUST_1317,21,25,99.97714603908368,4,2,1.5342191489879697,Basic,0.4139395139524594,1
CUST_1318,37,14,39.902949552014505,1,0,30.14552064986483,Basic,0.43391875347678577,1
CUST_1319,5,11,50.825057642559656,0,2,88.86915661600663,Pro,0.6748314094068167,1
CUST_1320,19,11,41.44499658913259,1,0,75.89590611160189,Pro,0.20678619111914698,1
CUST_1321,59,29,58.74954357651143,2,2,53.675403617564974,Enterprise,0.8716396084273672,1
CUST_1322,14,18,37.84165586744318,0,1,90.01597071132854,Basic,0.427640980435254,0
CUST_1323,26,27,115.58531585926139,3,1,48.622051320755574,Basic,0.9307869905640572,1
CUST_1324,4,23,40.97713222065184,2,1,56.65070641877756,Basic,0.27126838843122036,1
CUST_1325,25,22,16.27512188275808,5,1,38.215284719754564,Enterprise,0.4655923886716704,1
CUST_1326,45,18,65.58397409579754,3,3,62.00400367228842,Enterprise,0.7781611864947345,1
CUST_1327,42,24,11.566394021195283,3,0,31.90015309208738,Pro,0.5559267965910145,1
CUST_1328,25,23,17.71246412548676,1,3,38.54921775423572,Enterprise,0.6612454951411137,1
CUST_1329,18,11,30.229779757568323,2,0,96.63262632072687,Enterprise,0.28069630315698857,1
CUST_1330,40,21,58.400278736446296,4,0,11.130867979959014,Enterprise,0.3284591922599768,1
CUST_1331,8,12,54.823857215538204,2,3,10.525534524604097,Basic,0.5076134888352397,1
CUST_1332,39,5,96.96456413032098,1,0,4.331601945501573,Pro,0.20247984338954794,1
CUST_1333,40,23,90.03958519667304,2,1,32.00445197602676,Enterprise,0.12630617137412403,1
CUST_1334,14,9,54.02660380893065,5,1,39.822924246792425,Enterprise,0.8438023992435039,1
CUST_1335,32,27,43.37598387119744,3,1,9.451564406954628,Enterprise,0.7748543467349068,1
CUST_1336,51,25,41.393910167072335,1,1,54.913099536682964,Basic,0.9320569483919747,1
CUST_1337,38,9,94.00943503881103,4,2,58.33015290548691,Pro,0.5865518070678263,1
CUST_1338,33,22,10.988326715446021,0,0,75.1026693613328,Pro,0.42026528705575206,0
CUST_1339,23,10,6.47448969371967,2,1,97.59681166158015,Enterprise,0.10302101601769864,1
CUST_1340,15,22,96.48760507156453,2,0,61.935224729239955,Pro,0.8504674655239454,1
CUST_1341,33,19,59.87183323874067,2,2,11.16508066809454,Basic,0.4562591958179508,1
CUST_1342,25,1,20.051330933661237,5,0,8.852424324578278,Enterprise,0.5611338303179607,1
CUST_1343,17,7,32.09008247836765,1,1,77.75468636503712,Pro,0.31352333077721284,1
CUST_1344,33,4,112.237954606199,1,0,65.03341285359268,Enterprise,0.5238729393675892,1
CUST_1345,47,1,103.84284219686327,1,0,16.191439470656178,Basic,0.7817523101799436,1
CUST_1346,55,15,86.62528077575683,1,0,25.335997268353406,Enterprise,0.7122597511116283,0
CUST_1347,2,8,60.455901488792556,2,2,75.02403872925183,Basic,0.988922642073182,1
CUST_1348,14,12,64.83721701200936,3,1,56.615578180564654,Enterprise,0.49564896916515044,1
CUST_1349,53,22,117.15312155765524,3,0,58.5000062502539,Enterprise,0.5296997331599965,1
CUST_1350,40,22,116.06360104669302,2,1,21.000867128790958,Pro,0.05272602118394143,1
CUST_1351,40,18,29.755940265370942,1,1,62.90579816577115,Pro,0.3893828058518618,1
CUST_1352,51,15,98.27702512511158,1,1,77.06285954072553,Basic,0.9221043230397107,1
CUST_1353,39,17,27.68290660920693,4,0,88.5252225463847,Basic,0.3504762048027573,1
CUST_1354,51,29,29.55680995665441,2,0,73.67173248180492,Basic,0.7661118341506824,1
CUST_1355,6,14,82.75069892892633,1,0,57.63756510090161,Pro,0.9775994142196208,1
CUST_1356,6,14,51.575126337568065,1,0,67.32593072467769,Enterprise,0.12684861430386385,1
CUST_1357,3,18,112.12760681724983,5,0,48.51114625138777,Basic,0.3339930575181741,1
CUST_1358,7,20,15.236119513041015,1,5,22.68982431176225,Enterprise,0.47437419230067235,1
CUST_1359,51,18,63.8254486930917,2,2,88.22069727719354,Enterprise,0.23737499015835395,1
CUST_1360,8,16,110.62997600095895,4,0,53.26226331674253,Pro,0.012436366626882522,1
CUST_1361,42,1,108.97307095514309,2,1,59.4318311147235,Pro,0.4686041429525718,1
CUST_1362,52,23,23.00085954281024,2,0,99.01089137531827,Enterprise,0.5366161764332861,1
CUST_1363,15,27,47.16333551109249,1,0,98.50156782726404,Basic,0.6254344521952093,1
CUST_1364,47,11,76.19896100537007,1,0,58.631098499993726,Pro,0.8272150971688056,1
CUST_1365,29,15,23.33041174871125,1,0,3.3957262017466183,Enterprise,0.253042548140506,1
CUST_1366,33,12,116.32254978525995,2,1,39.61475380448434,Pro,0.061036068598514404,1
CUST_1367,52,8,110.19617280368094,2,0,93.72932800508892,Enterprise,0.08983487862435502,1
CUST_1368,30,22,24.199270588963955,0,0,28.83065923760092,Pro,0.4974094949867448,1
CUST_1369,39,20,18.932878045013325,3,2,99.9268685196316,Basic,0.9222364790528624,1
CUST_1370,27,6,14.82197552295051,3,0,8.431752685655248,Basic,0.982210817372302,1
CUST_1371,36,3,109.58602136421258,1,1,56.811418100518715,Pro,0.20505129182025983,1
CUST_1372,29,28,27.26673812647799,3,0,51.544936017469425,Pro,0.15196738936760312,1
CUST_1373,38,24,52.87276678260079,4,0,25.535291336770005,Pro,0.3534718096962648,1
CUST_1374,57,26,56.617907049980346,4,1,94.86071306451,Basic,0.4638896677929094,1
CUST_1375,33,13,73.88627008456027,2,1,61.917120999731026,Pro,0.8080652829860291,1
CUST_1376,37,13,13.24956453095387,1,0,23.022828344467616,Basic,0.7746068213449671,1
CUST_1377,27,2,31.077241001059335,0,2,38.404819783833624,Pro,0.9226660938374001,1
CUST_1378,55,5,112.1213944956765,3,2,72.12294268820627,Pro,0.858100738724364,1
CUST_1379,33,17,109.46716233588549,2,1,29.76967126963136,Enterprise,0.4387924755582864,1
CUST_1380,4,6,94.84842445165461,0,0,87.96062020611811,Basic,0.019022833155434737,0
CUST_1381,22,2,7.231143246094775,5,0,16.56738979576241,Pro,0.23658955192335485,1
CUST_1382,2,4,42.60577837705174,4,2,26.450508986484866,Basic,0.6100544340036598,1
CUST_1383,10,22,77.2152545644344,1,0,14.48986133661,Enterprise,0.5014943747938928,1
CUST_1384,5,26,36.646874353949705,4,1,10.41788387594983,Basic,0.24016023394623476,1
CUST_1385,59,11,109.60246993118439,3,1,30.03154234639268,Basic,0.13159923134454954,1
CUST_1386,10,8,77.89728811073081,4,1,99.91787463354405,Basic,0.2160121334677283,1
CUST_1387,33,12,13.269272491391245,3,1,9.43294132616681,Basic,0.2597449178029295,1
CUST_1388,54,8,109.53564271610585,1,0,21.30021918472883,Basic,0.8672906599724878,1
CUST_1389,38,11,115.14316569026559,3,2,27.161679907800206,Basic,0.7102619391145936,1
CUST_1390,13,22,13.936928115048431,2,1,61.912968447220386,Basic,0.5523324581002991,1
CUST_1391,31,20,66.22142700905121,2,1,74.53456964078525,Pro,0.020941021775305768,1
CUST_1392,47,8,39.8868924546296,2,3,75.19336748540456,Pro,0.8211963631283036,1
CUST_1393,36,29,50.176493795361274,1,2,0.8635981938831194,Basic,0.5524636317866546,1
CUST_1394,45,8,25.659890064864317,5,3,65.18504587994653,Basic,0.6273404354213493,1
CUST_1395,24,26,71.47829173142745,4,1,63.0736879367103,Pro,0.06564668255374029,1
CUST_1396,52,17,115.16762562362241,1,1,51.76546818898772,Enterprise,0.8148500486053837,1
CUST_1397,56,20,62.85334903123504,3,2,37.92085614037591,Pro,0.8320281106905885,1
CUST_1398,15,20,14.535176860365333,3,0,79.74441974612299,Enterprise,0.8833420087804066,1
CUST_1399,29,23,76.30015334990196,4,1,34.38807954333522,Basic,0.528089493001849,1
CUST_1400,8,16,44.12564436189456,1,1,23.001227210660126,Basic,0.3940444898675375,1
CUST_1401,5,14,103.43139680299925,1,0,31.009517456761294,Pro,0.07304633194216892,1
CUST_1402,29,11,54.987987056394076,2,0,43.96479171231659,Pro,0.19388506324293064,1
CUST_1403,47,7,27.176555028358244,1,1,21.405738800273955,Pro,0.22556889044896944,1
CUST_1404,4,16,26.977146609481668,1,2,60.75712462054865,Basic,0.06268996421182249,0
CUST_1405,12,13,93.40788078293345,0,0,88.42092025118957,Pro,0.15437517219464503,1
CUST_1406,45,27,35.54257380534639,2,2,59.5460124162075,Pro,0.886803522890165,1
CUST_1407,2,15,93.23184032831064,2,1,44.66683074773813,Enterprise,0.5454025650239882,1
CUST_1408,27,24,28.67704073815893,1,0,79.6868766224904,Basic,0.7644912849809122,1
CUST_1409,31,16,41.99393240065058,1,1,74.80386228745287,Basic,0.2750238300809815,1
CUST_1410,51,27,58.53100183056543,3,1,36.705812153069616,Basic,0.13459813184350233,1
CUST_1411,51,21,113.46752271474683,2,0,60.415347066536185,Pro,0.3732538312874454,1
CUST_1412,36,23,112.14911384668983,1,1,72.98428603179912,Basic,0.7929851903707067,1
CUST_1413,36,24,28.7902656735631,1,0,24.546325801944104,Pro,0.297331307580315,1
CUST_1414,26,9,46.195189742953374,1,1,36.62738790841898,Enterprise,0.20453489217495524,0
CUST_1415,43,3,22.180929672183815,2,0,10.577607054997051,Basic,0.022397109050721675,1
CUST_1416,27,19,63.64828412105217,4,1,98.76802783068334,Enterprise,0.6240111956523767,1
CUST_1417,5,20,57.966993329886655,1,2,8.587765042313578,Enterprise,0.4358217685837693,1
CUST_1418,20,5,108.58741868183422,0,1,16.860612512357743,Basic,0.2587567885517459,1
CUST_1419,11,10,111.95061844597335,1,1,47.983194966413976,Basic,0.5197541541413827,1
CUST_1420,10,17,49.11024996583859,2,0,86.52718335445392,Pro,0.7006239989244043,1
CUST_1421,40,15,61.54986344718378,0,1,35.58820229479595,Enterprise,0.24746681381654756,1
CUST_1422,38,23,108.0671686518053,3,0,76.8596147531346,Enterprise,0.6087706188941878,1
CUST_1423,6,25,97.77139789068207,1,1,67.60340733162361,Pro,0.26015286058481046,1
CUST_1424,8,8,5.420475804634667,1,0,63.86640771596789,Basic,0.9866608678846104,1
CUST_1425,23,15,41.80684988111199,7,1,84.50172509668401,Enterprise,0.7323902708380078,1
CUST_1426,47,21,53.504037822654475,1,0,1.4170289628625654,Pro,0.6026581453053574,1
CUST_1427,26,14,31.417372623571648,1,0,92.91530385603917,Enterprise,0.172330768550355,0
CUST_1428,46,20,27.950735828032958,0,0,82.92261803362932,Enterprise,0.5863938897099493,1
CUST_1429,43,28,9.345218258503163,5,0,93.78672196518272,Pro,0.8004560781564648,1
CUST_1430,12,7,78.98751838302246,1,2,79.35878838566872,Enterprise,0.7371073798200817,1
CUST_1431,26,21,35.18868340556405,2,1,87.85914074542724,Pro,0.7780251980473889,0
CUST_1432,13,23,11.019925519601006,0,0,20.30780481994792,Pro,0.31779959507683464,1
CUST_1433,40,12,31.56262071072732,2,0,31.922906687705055,Enterprise,0.32826356929255895,1
CUST_1434,18,17,97.22010457615455,2,0,31.522101347073097,Enterprise,0.5388839610168927,1
CUST_1435,25,17,102.92125588935286,4,1,10.916674587805675,Basic,0.27865804012965656,1
CUST_1436,33,10,60.552618197229805,2,1,72.95792552845907,Basic,0.11301313138978097,1
CUST_1437,47,29,52.84812709699891,2,2,13.617089268707282,Enterprise,0.4611218843770931,1
CUST_1438,40,19,117.4531747527049,2,0,5.250916607906064,Basic,0.0019241768830643435,1
CUST_1439,43,14,28.06493585262804,0,1,77.54468700550639,Basic,0.7607582987397118,0
CUST_1440,12,11,29.766317528279977,5,0,90.46631697319293,Pro,0.7496869192695261,1
CUST_1441,44,2,38.56472535918597,1,1,76.41233479651332,Enterprise,0.5519158817026072,1
CUST_1442,36,18,24.86709160232504,6,1,82.53522128319763,Basic,0.7476189943363607,1
CUST_1443,48,7,48.627043793481455,3,2,59.56216778307712,Basic,0.6245282596739404,1
CUST_1444,4,12,109.74593610382169,3,1,88.77463379147531,Basic,0.6974553126217239,1
CUST_1445,5,26,75.76500167228605,2,1,49.67034823578551,Enterprise,0.06465583415772647,1
CUST_1446,56,2,52.37385309041032,1,1,98.8322618487465,Pro,0.8812654585461153,1
CUST_1447,37,27,112.4572413756897,5,0,10.34150427694489,Enterprise,0.6439312605977421,1
CUST_1448,8,20,10.573386734719566,0,1,80.91807067013839,Pro,0.6106308152281237,0
CUST_1449,42,18,29.18176045871406,2,0,64.13894160112753,Basic,0.3872409635637706,1
CUST_1450,49,6,70.07718958670229,3,0,58.064606822119515,Enterprise,0.0281354124824158,1
CUST_1451,28,24,75.7885516672156,1,3,72.58105308611214,Pro,0.9014617338349531,0
CUST_1452,31,10,9.549113254700512,2,2,84.02915307988488,Basic,0.9856652269059185,1
CUST_1453,58,20,51.3494571593202,1,0,86.28840668405098,Basic,0.8077866436700509,1
CUST_1454,9,15,79.65270595555036,2,1,17.538096294398496,Enterprise,0.9150391636149675,1
CUST_1455,54,5,85.27811283639119,1,1,19.703592975296925,Pro,0.12095744346586845,1
CUST_1456,51,20,78.38608878937097,1,1,1.6166509513597105,Basic,0.12867520631258178,0
CUST_1457,29,3,41.864770801506324,4,0,13.184245779227277,Basic,0.8796062331144154,1
CUST_1458,14,5,15.754814213759595,3,1,26.38824928499246,Basic,0.057505923768884304,1
CUST_1459,40,25,54.11793133822342,3,1,72.10358225502829,Pro,0.09320352415092437,1
CUST_1460,41,8,19.806760297326377,1,2,47.57675090025101,Pro,0.8168474040150763,1
CUST_1461,22,8,113.97672072987672,1,1,75.79035355840173,Basic,0.5569746684173562,1
CUST_1462,11,8,59.64464959260225,3,1,48.65358478198907,Pro,0.3917270734234729,1
CUST_1463,23,12,41.48480505103977,5,1,55.55974529099683,Basic,0.5534484346107584,1
CUST_1464,1,24,93.12496817867351,1,0,11.10665865935825,Basic,0.8787476942301424,1
CUST_1465,46,23,62.26408814696035,5,1,77.65582846760324,Pro,0.7571323082983231,1
CUST_1466,37,8,40.653912761431755,1,2,75.81265321995548,Pro,0.6916073411640309,1
CUST_1467,21,11,98.3762903749422,2,0,30.75615916806196,Enterprise,0.9768855899970604,1
CUST_1468,26,14,104.72249736512903,2,0,32.85780778004019,Enterprise,0.5213067652302615,1
CUST_1469,46,8,82.39593912319785,1,3,21.96814505731355,Pro,0.006324074454095996,1
CUST_1470,36,29,10.40090857688174,2,1,81.38396760361528,Pro,0.4290328772405101,1
CUST_1471,54,24,70.1271312191512,2,1,74.70068019617804,Pro,0.09657194211786535,1
CUST_1472,23,28,92.77891487968739,2,2,60.914773818425274,Pro,0.11645378387255201,1
CUST_1473,57,10,20.69784638961195,2,2,23.882210312969743,Basic,0.25490091204083154,1
CUST_1474,1,7,31.297136409229385,3,0,17.185333261374424,Basic,0.3813672007981792,1
CUST_1475,54,28,106.4869370828357,0,3,5.02688511746131,Enterprise,0.48159958290106963,1
CUST_1476,55,17,7.3139980131035145,4,0,4.561148177851948,Pro,0.1698200655948201,1
CUST_1477,51,4,91.56362084998725,1,0,18.7136139808327,Enterprise,0.3117203791969756,1
CUST_1478,40,29,59.483928639158634,0,0,10.053253232322213,Pro,0.2765394232932564,1
CUST_1479,15,13,56.37879826655479,1,2,55.610767292244304,Pro,0.3652474518762109,1
CUST_1480,21,4,5.816101236912025,0,2,35.8090127794477,Pro,0.10799055471217323,1
CUST_1481,47,5,99.23079656114668,1,2,44.49457821681463,Basic,0.39734095653476875,1
CUST_1482,9,26,46.37986357320514,1,1,59.406718358718976,Enterprise,0.5543504872623781,1
CUST_1483,53,22,67.18804759956242,2,0,65.91017453535136,Pro,0.09694812310844259,1
CUST_1484,9,4,82.88957892860084,2,0,64.8201719882578,Enterprise,0.5207702281913356,1
CUST_1485,10,18,85.80240129036032,0,1,26.085658682083245,Enterprise,0.7559128574045882,1
CUST_1486,52,6,114.93770676499831,2,2,80.96270202961027,Basic,0.008239688510555121,1
CUST_1487,57,24,66.10409462221006,2,1,91.77096699192299,Basic,0.047528218925508625,1
CUST_1488,53,24,50.96774836205917,3,1,31.593834722319524,Pro,0.46647429032567855,1
CUST_1489,26,23,114.67591704654642,5,3,1.706541656606797,Enterprise,0.87277755520538,1
CUST_1490,41,22,78.84267702793493,2,1,89.9154186648505,Basic,0.9977887127787187,1
CUST_1491,35,2,39.2872909718039,1,1,92.3548732953476,Enterprise,0.09339381733231389,1
CUST_1492,52,23,19.54338822141068,2,0,5.094644041303353,Enterprise,0.018341958956187954,1
CUST_1493,25,11,101.89376766849585,0,2,0.4956591859212267,Pro,0.22876992209875058,1
CUST_1494,26,28,46.65088432132743,5,1,81.64047829927422,Enterprise,0.46747024117559577,1
CUST_1495,11,14,80.95401795690958,1,3,30.14633544831066,Basic,0.5717959117554243,1
CUST_1496,38,5,59.143888227078286,1,1,91.45821672959885,Pro,0.9734849118208134,1
CUST_1497,2,6,27.87692467642941,1,2,21.674357326954663,Pro,0.8884636920215218,1
CUST_1498,7,10,74.19395999135348,2,0,86.1154616126587,Pro,0.5620986972892302,0
CUST_1499,18,8,11.978552929328465,1,1,6.864426972503668,Basic,0.36171384342997326,1
CUST_1500,27,14,52.53438288518711,3,3,26.063684731397363,Pro,0.3212971185976212,1
CUST_1501,34,24,67.86071806132216,4,0,97.3128879145641,Enterprise,0.5726246721939897,1
CUST_1502,27,3,55.14540202363659,2,1,23.119665433128233,Pro,0.7213528412485309,1
CUST_1503,17,12,91.09730015386394,2,2,13.301298407504113,Basic,0.4816658234127865,1
CUST_1504,43,16,100.21136977271094,2,2,85.70546524729953,Basic,0.30439877969055995,1
CUST_1505,59,28,93.69295351381548,2,0,11.780079176147906,Pro,0.6131653579396116,1
CUST_1506,44,23,9.463488998357242,1,2,9.745610857950348,Enterprise,0.5579419816635857,1
CUST_1507,59,17,27.324808601286804,2,1,32.34251341895358,Basic,0.4273683419740071,1
CUST_1508,51,1,66.70986356533405,2,0,63.53285065969595,Basic,0.7483557882453601,1
CUST_1509,54,23,112.50453465103715,2,1,71.07463737786956,Basic,0.2822211389293021,1
CUST_1510,24,10,101.02002913099344,5,2,88.12387838273958,Pro,0.48492500156947704,1
CUST_1511,25,25,101.89146846045719,2,0,54.09115259591061,Basic,0.9403395257373787,1
CUST_1512,7,23,39.86894228236261,3,1,39.34177867609754,Basic,0.7228286873676228,1
CUST_1513,52,10,54.386508164050795,0,1,35.883376183446515,Basic,0.3879718927229525,1
CUST_1514,6,21,59.1311839413328,2,1,84.6902728477474,Pro,0.5461777326867531,1
CUST_1515,53,24,23.0977320852397,2,1,72.38153094826654,Basic,0.4054818971791124,1
CUST_1516,24,2,8.572834978112477,1,2,90.54290137251392,Basic,0.11254801678117832,1
CUST_1517,33,9,113.89383343795944,2,0,96.40354557316141,Pro,0.3349372011420817,1
CUST_1518,49,22,32.68194735130328,1,0,30.005083608380744,Pro,0.8604431350336935,1
CUST_1519,29,13,32.5941239282176,2,0,52.96741187008395,Enterprise,0.4612019957761724,0
CUST_1520,43,25,14.588591183407347,4,0,63.18208073648329,Basic,0.5846375004849556,0
CUST_1521,22,16,111.77839147353453,3,1,16.384894677645757,Pro,0.18144675934301935,1
CUST_1522,26,18,71.66976821807378,1,0,5.334703392498474,Enterprise,0.3562313256247366,1
CUST_1523,28,19,81.70923856941569,3,4,86.77639141153135,Basic,0.9292049848943202,1
CUST_1524,50,12,109.83134203525104,3,0,53.55235107553732,Pro,0.31424549539309854,1
CUST_1525,21,8,44.74631942359079,4,1,57.07742163600392,Pro,0.25056106503048803,1
CUST_1526,49,17,76.47334078087967,3,0,55.49143454279548,Basic,0.05589981688382906,1
CUST_1527,7,15,9.461937293822057,1,1,75.49607048326904,Basic,0.09723081834785641,1
CUST_1528,17,10,26.478840746579873,2,4,14.550194468204324,Enterprise,0.5847893380859058,1
CUST_1529,20,15,100.59326758534338,2,1,61.404844077153264,Basic,0.6600327987825603,1
CUST_1530,41,15,93.17836097890861,2,1,46.947951157763015,Basic,0.641580479727694,1
CUST_1531,49,23,45.32390951757189,3,2,89.69581595077243,Basic,0.5398293228683627,1
CUST_1532,20,7,48.333222194034434,2,0,51.96209378963253,Pro,0.49097129762953007,1
CUST_1533,54,13,66.35875985866164,0,0,94.29349740741657,Enterprise,0.07214091761163877,1
CUST_1534,22,17,5.027715538790473,1,1,35.325299417990664,Enterprise,0.8406953312901732,1
CUST_1535,28,9,32.743098644373205,1,2,96.68947063899905,Enterprise,0.5130807588731746,1
CUST_1536,40,8,28.94665798994466,1,1,87.51579480917677,Pro,0.13191466931715656,0
CUST_1537,49,20,33.8055388762228,1,0,58.42632897353547,Basic,0.13584945573827212,0
CUST_1538,7,26,97.67917189134576,3,2,35.370993331902454,Pro,0.5129565216986195,1
CUST_1539,1,27,37.16249350284097,0,0,37.59233574525599,Enterprise,0.24457660048572338,1
CUST_1540,32,21,27.024952035767036,2,0,77.27520864582917,Basic,0.9219649800637542,1
CUST_1541,13,18,62.990297991198624,1,0,58.063135116904455,Basic,0.49894893103261306,1
CUST_1542,30,13,104.54917918286418,2,0,40.15875854693209,Enterprise,0.9784185220555266,1
CUST_1543,23,16,32.755215941312485,1,2,63.605496141216435,Basic,0.734158701859484,1
CUST_1544,51,9,14.03166792117185,1,1,73.32333979009444,Pro,0.8106988895772245,1
CUST_1545,59,12,45.98654462271144,1,1,2.2900512558465924,Enterprise,0.3888787621678331,1
CUST_1546,56,12,90.97995982497245,2,1,8.986280111751011,Pro,0.13402077963004577,1
CUST_1547,19,6,68.32941263990138,2,0,9.448544040707919,Basic,0.6896963308244167,1
CUST_1548,32,19,98.93123750104996,2,1,23.193380526333474,Enterprise,0.4070712008570436,1
CUST_1549,30,28,115.3530969750619,2,0,42.69904392273139,Basic,0.9488818487466221,1
CUST_1550,29,7,96.15618482643596,1,0,80.36498992925544,Enterprise,0.19363224221024322,1
CUST_1551,49,25,74.43735406703163,1,1,35.10990349995574,Enterprise,0.6265034483775485,1
CUST_1552,45,3,61.734282626023756,2,2,1.7477788380604764,Enterprise,0.8660611816636423,1
CUST_1553,29,16,9.607944930050667,2,1,48.336185295172896,Enterprise,0.40282904944724807,1
CUST_1554,30,18,118.19702756361474,3,1,99.66285954246219,Enterprise,0.9536676192901543,1
CUST_1555,16,16,49.10032909612989,2,1,34.90209956549191,Basic,0.0766165832159359,1
CUST_1556,40,23,22.506244600439683,1,0,96.12545187673149,Enterprise,0.5869257489437233,1
CUST_1557,19,7,81.67151837059252,2,2,10.134513113642264,Pro,0.777386720373004,1
CUST_1558,18,4,37.693153245977825,2,0,17.30996579053048,Enterprise,0.20180691490312208,1
CUST_1559,1,27,72.36450115707048,2,0,72.41220701457082,Pro,0.05785745212701021,1
CUST_1560,14,25,72.47830940212799,2,0,50.121244897070625,Basic,0.07989761189475364,0
CUST_1561,51,8,56.25892940382995,2,1,76.51218034658861,Enterprise,0.3192292397074169,1
CUST_1562,47,13,101.1536407876799,1,1,86.355834502889,Enterprise,0.22317170312352597,1
CUST_1563,50,13,35.47121207887595,0,0,25.10848760610346,Pro,0.22389015526285794,1
CUST_1564,2,17,56.59274803603943,1,0,68.2829170439742,Enterprise,0.4585209698500522,1
CUST_1565,54,17,66.83459478796172,5,0,60.76012366337561,Basic,0.08493377925036227,1
CUST_1566,28,5,81.31684288823945,4,2,86.15350291921311,Basic,0.995500629338827,1
CUST_1567,49,6,95.15676280814279,3,4,43.01039006098827,Enterprise,0.6958076286248656,1
CUST_1568,50,19,50.40283753099945,2,1,5.187043071066,Pro,0.03029335718660453,1
CUST_1569,30,13,79.29539857110855,2,0,57.418612727251194,Basic,0.6919041704178196,1
CUST_1570,38,25,22.3202596028797,2,2,95.88783191184578,Enterprise,0.7918277825542027,1
CUST_1571,51,28,112.25453156238504,2,1,1.4631179505223413,Pro,0.19076224096456051,1
CUST_1572,4,26,49.051762738415405,0,2,24.02579884224546,Pro,0.8402767985627105,1
CUST_1573,1,14,88.89496352729041,1,1,31.606778996412,Basic,0.6117650099474096,1
CUST_1574,8,22,7.3392244164504294,1,0,76.58388878909756,Enterprise,0.8208557313740468,1
CUST_1575,29,4,28.596521434052804,0,1,32.327692246816184,Basic,0.7166936632598048,1
CUST_1576,55,28,61.01449259721147,4,1,23.90838631963139,Pro,0.7046286147155264,1
CUST_1577,39,7,105.99903378921985,2,0,64.8558014467041,Basic,0.15824104274636774,1
CUST_1578,3,8,65.63434224432787,0,3,4.64052889609996,Enterprise,0.3157968911878135,1
CUST_1579,32,25,111.93510546379609,2,4,17.059685995874695,Basic,0.5232454064782428,1
CUST_1580,10,13,60.63664310702158,0,0,40.803022866944374,Pro,0.11254660628041968,1
CUST_1581,10,27,61.40164612463424,3,0,35.55999623400311,Basic,0.4784930466289229,1
CUST_1582,19,6,18.770880677561166,2,3,34.71658191833632,Pro,0.44532015833991134,1
CUST_1583,46,6,97.30546807750528,1,1,10.855501311966176,Pro,0.2319233284253125,1
CUST_1584,34,24,33.401022433712185,1,1,36.08400194497966,Pro,0.19971779176901594,1
CUST_1585,33,28,108.45543627781623,3,1,79.79927719914028,Basic,0.24737415192243084,1
CUST_1586,23,21,109.74478533799555,3,1,41.38442017973952,Enterprise,0.6051067622703923,1
CUST_1587,55,3,113.48066286552722,3,2,58.6171184815685,Pro,0.4149523715626582,1
CUST_1588,28,28,64.82650624685536,0,0,16.35794093173175,Basic,0.413959093469244,1
CUST_1589,32,3,82.8657852501191,0,0,6.971136346857609,Pro,0.18173321095811668,1
CUST_1590,50,13,94.5293262070913,3,1,87.99560419315607,Basic,0.7873660908161284,1
CUST_1591,7,22,20.066681144803546,3,0,33.137259614595884,Pro,0.7003793886046381,1
CUST_1592,29,2,74.11007742471219,1,1,35.03372330681327,Basic,0.42907506267874107,1
CUST_1593,8,16,8.944258649880842,4,0,87.76878494788585,Pro,0.1422019192423818,1
CUST_1594,1,22,62.22009958970347,0,0,70.7771348908744,Pro,0.7147008705299736,1
CUST_1595,57,29,22.806908386326153,1,2,75.6262710987613,Pro,0.8988443420530613,1
CUST_1596,55,6,26.03613648563974,3,0,68.20034841676626,Enterprise,0.17826192839307964,1
CUST_1597,3,8,46.98047016964917,2,1,10.579224479153638,Basic,0.602660426683476,1
CUST_1598,24,23,54.73027417239785,2,2,95.79958210562278,Enterprise,0.42430880210416355,1
CUST_1599,23,8,76.66482882120154,1,1,90.91362871279276,Basic,0.0876503595091841,1
CUST_1600,59,25,13.559268120429302,4,0,23.622012683145442,Pro,0.7258270093363218,1
CUST_1601,8,6,62.92455254230613,2,2,80.39941911438413,Basic,0.07114721705810523,1
CUST_1602,54,14,26.00188997910663,2,0,40.939643149732,Basic,0.7022314894305457,1
CUST_1603,57,3,71.00714512865032,1,1,68.37669678644829,Pro,0.2811528942656982,1
CUST_1604,47,10,78.30153041003611,4,2,16.5602999813234,Pro,0.565659752596036,1
CUST_1605,37,3,69.02156450357819,5,1,53.85542506564208,Pro,0.1604538420641597,1
CUST_1606,3,27,89.90398370500539,2,0,12.661629955990605,Basic,0.3708968698633517,0
CUST_1607,51,12,43.59506308770365,2,0,53.61671653581159,Pro,0.10408948839823373,1
CUST_1608,33,17,92.98725803781005,0,0,24.35939560572128,Pro,0.46730362114046964,1
CUST_1609,28,27,54.768214396442275,3,0,45.24665287688146,Basic,0.2132907023759415,1
CUST_1610,47,29,60.681217307098635,2,2,66.79693671744307,Enterprise,0.18793047842385402,0
CUST_1611,8,5,79.53174463502322,5,5,87.70745816606188,Basic,0.1071524183301863,1
CUST_1612,34,20,7.111214159910755,6,0,16.528900308527806,Basic,0.7654340089831688,1
CUST_1613,35,25,80.20933546332856,3,2,89.32691154176983,Basic,0.6395198773026296,1
CUST_1614,32,9,76.13729214329327,3,1,39.003764792729015,Pro,0.15690396768947412,1
CUST_1615,24,21,40.63241842662719,3,1,84.3796568605881,Basic,0.4724293877184894,1
CUST_1616,14,26,14.86634276344129,2,4,51.2547918417763,Enterprise,0.6608846154417274,1
CUST_1617,32,20,15.457576739999732,3,1,86.22085717629399,Basic,0.8780686852341577,1
CUST_1618,56,7,111.17073090330129,2,1,66.28240675201997,Basic,0.059572154436064007,1
CUST_1619,46,22,84.26712194097126,0,1,50.87161406167683,Pro,0.36235493668013785,0
CUST_1620,43,4,19.616800583635147,2,1,31.25386330003288,Pro,0.6159532450038788,1
CUST_1621,16,13,46.02316447052423,2,2,96.89090876186553,Enterprise,0.015617440359646295,0
CUST_1622,4,13,73.13554429868358,2,1,80.08976576664178,Basic,0.24352643671879526,1
CUST_1623,52,10,101.0907460854246,2,1,38.118718517226135,Basic,0.7449005349657982,1
CUST_1624,37,18,10.02100680199598,1,1,16.672359305904607,Basic,0.3557365652582628,1
CUST_1625,54,17,32.21281011905102,2,0,77.95354185932938,Basic,0.0844947395846607,0
CUST_1626,21,20,107.3211338839687,5,1,98.994428781092,Basic,0.6265953244148789,1
CUST_1627,14,20,6.054038271138896,1,3,27.897495379247207,Basic,0.2500527934883937,1
CUST_1628,31,13,28.16089682129705,0,1,91.58630723349958,Pro,0.7016540931772017,1
CUST_1629,55,17,115.28778023689108,2,0,12.537070558792019,Enterprise,0.9001748717370234,0
CUST_1630,48,22,75.54121235004968,0,1,95.22062542518542,Basic,0.5278590739002429,0
CUST_1631,18,4,35.09220716331324,3,1,74.53389124430633,Basic,0.5991438591565057,1
CUST_1632,7,1,12.703975855522476,2,0,34.659622926370346,Pro,0.514405939850985,1
CUST_1633,10,1,8.242004151430548,3,0,30.463182229623385,Basic,0.8174420901314019,1
CUST_1634,7,15,33.14568415824664,4,1,64.34353539393513,Pro,0.24171463768098422,1
CUST_1635,33,13,106.3708692527247,1,1,59.35071402587,Enterprise,0.4015438344356099,1
CUST_1636,23,17,52.83007024421359,1,3,91.89367014936865,Basic,0.895031432972212,1
CUST_1637,21,24,87.8383374540892,1,0,76.62431342092142,Enterprise,0.723646022842546,1
CUST_1638,19,26,110.60277906869514,2,1,54.036487257392686,Basic,0.32008585227200825,1
CUST_1639,48,8,51.92465308432391,1,0,92.75658418396546,Enterprise,0.8326322735337919,1
CUST_1640,19,18,26.99689766930066,3,1,59.27306313332188,Enterprise,0.2388242106089229,1
CUST_1641,36,27,64.46856204854575,4,0,84.96848356606773,Basic,0.6341793526924536,1
CUST_1642,29,13,109.42962401188326,2,2,84.09426520978563,Enterprise,0.9564569574043755,1
CUST_1643,18,23,97.50305762583557,3,1,91.91948589495362,Pro,0.574710979927708,1
CUST_1644,2,14,12.570431986762685,1,0,6.760203127910458,Pro,0.7994670126871763,1
CUST_1645,1,8,84.64587200892191,1,0,58.38196679467777,Enterprise,0.7354307446002744,1
CUST_1646,47,8,70.76821508277968,4,0,46.839259117104916,Enterprise,0.8657210309006429,1
CUST_1647,5,27,109.35826527983893,3,2,49.05423834646725,Pro,0.9687641793982468,1
CUST_1648,20,26,19.085362937784183,1,1,45.991060362020285,Basic,0.022316557055525266,1
CUST_1649,11,15,66.4141530185355,3,0,83.7466689422341,Pro,0.02786977137567026,1
CUST_1650,42,27,106.13820975386761,2,0,31.84328974169388,Enterprise,0.5944222989367478,1
CUST_1651,2,13,52.152735475300446,2,3,46.275108162977844,Pro,0.9542453506031936,1
CUST_1652,3,7,60.42941553927971,4,2,20.068254290108566,Basic,0.48568307264634547,1
CUST_1653,23,5,13.102977931700204,2,1,25.17166159247347,Pro,0.8397795639430138,1
CUST_1654,55,17,36.98651865162475,2,0,66.0420083343875,Basic,0.7679077531189931,1
CUST_1655,12,28,42.318264654428944,4,0,11.693593825066195,Enterprise,0.4982522739858267,1
CUST_1656,20,25,113.689081605662,4,2,18.78218109946773,Pro,0.5131723276722193,0
CUST_1657,5,29,37.50674646223329,2,1,52.803455957131405,Pro,0.43603341259748274,1
CUST_1658,37,16,57.99990455600998,1,1,4.377302796301352,Basic,0.25219872502861507,1
CUST_1659,38,23,82.20000870989217,1,1,12.692699942039154,Pro,0.8587122684503627,1
CUST_1660,30,2,23.6510878269059,2,1,86.33529389667488,Pro,0.2095701377358422,1
CUST_1661,9,22,60.940874521315564,2,3,84.61467657949957,Basic,0.9069205500175598,1
CUST_1662,34,18,89.93198953972937,2,0,34.77761050469822,Pro,0.35972760960850403,1
CUST_1663,53,17,104.68834949811259,2,0,34.79913153111844,Basic,0.026497306484130845,1
CUST_1664,44,7,77.01981658617908,2,1,93.65154492640036,Enterprise,0.16837802741678598,1
CUST_1665,35,13,81.94115426144901,2,2,2.5841139072023234,Pro,0.887824764334916,1
CUST_1666,52,18,19.52259934722543,2,0,58.02955130852708,Basic,0.12844454218474355,1
CUST_1667,58,29,113.76429718332993,2,0,59.73905790407274,Basic,0.7387736706799569,1
CUST_1668,22,14,20.24601891071547,6,3,78.78870671816613,Pro,0.18281370887613912,1
CUST_1669,44,18,94.0873877759068,2,0,95.17505158226007,Basic,0.49893289636661287,1
CUST_1670,24,13,35.453877004506666,1,0,35.582758704334395,Enterprise,0.2052070107187398,1
CUST_1671,17,11,112.36321152564393,3,2,43.78334734560012,Enterprise,0.33316543776837293,1
CUST_1672,10,21,87.79534702749015,1,0,67.12984805201773,Pro,0.12482222440119861,1
CUST_1673,30,21,91.68857699251244,5,2,96.72716223441766,Enterprise,0.5560022761223251,1
CUST_1674,56,16,30.19180490188658,2,1,89.07923537367076,Pro,0.3658252100515266,1
CUST_1675,59,23,55.94959731304349,1,1,66.70530032700445,Pro,0.36548420087558087,1
CUST_1676,46,17,76.04851737776794,2,0,85.6723571671022,Basic,0.038574164826155055,1
CUST_1677,23,8,93.54696609375911,1,0,8.520443089143626,Basic,0.136128389138932,1
CUST_1678,32,19,16.955328229924802,0,0,37.712694285185265,Basic,0.7075304856255801,1
CUST_1679,17,20,115.67201139227076,5,1,1.3092495698847184,Basic,0.2923202796484642,1
CUST_1680,50,15,107.37537711377394,3,1,17.747223826095038,Pro,0.4420691508916018,1
CUST_1681,51,9,36.090087906992196,1,0,63.0492571202402,Basic,0.7630678613498886,1
CUST_1682,17,20,99.61742794871817,4,0,88.55616237336667,Basic,0.444757438633429,1
CUST_1683,14,10,64.6072511495797,0,2,63.27803099917955,Enterprise,0.22560903145103017,1
CUST_1684,9,12,58.10774537963214,2,1,66.41381070085667,Pro,0.5498242431331983,0
CUST_1685,40,21,41.159922168311624,0,0,10.382160525620188,Enterprise,0.8012060060520981,1
CUST_1686,2,23,71.81138746263314,4,1,66.48604909133799,Enterprise,0.5996418835390085,1
CUST_1687,45,20,88.93724853591374,4,0,45.4346717369191,Enterprise,0.42018124894025854,1
CUST_1688,25,1,52.2572840707172,2,0,65.14402315818234,Basic,0.1256245174188667,1
CUST_1689,39,25,77.36020719595359,2,1,32.617310952982734,Pro,0.24871317483108768,1
CUST_1690,9,20,85.42098593285994,3,0,58.14859416631701,Enterprise,0.946118877771917,1
CUST_1691,54,9,86.77900895675788,1,2,42.40692968309894,Enterprise,0.7718080474840895,1
CUST_1692,22,22,10.97610128508573,4,2,55.86370554350608,Pro,0.08757188763120716,1
CUST_1693,43,15,103.8709976537827,0,1,14.708951832979999,Basic,0.005514605908759407,1
CUST_1694,46,1,57.69913119798051,2,0,39.5824853617285,Enterprise,0.17541934124071845,0
CUST_1695,4,12,35.17784939506466,0,1,37.42786572568541,Pro,0.9438907382853254,1
CUST_1696,26,3,32.80291836016338,0,1,73.63945206528084,Basic,0.5800389177151538,1
CUST_1697,58,11,60.546622977054305,6,1,70.64095139680656,Basic,0.8386597542491498,1
CUST_1698,29,2,106.9856270389303,2,1,90.8858684731333,Basic,0.4652250129976818,1
CUST_1699,45,16,48.5099718935044,1,2,63.20555922831975,Basic,0.8266361526943063,1
CUST_1700,34,9,91.21846088010749,2,1,31.45471297934733,Basic,0.033916417758116935,1
CUST_1701,23,15,16.13415406353014,4,0,78.32246632353313,Pro,0.42681944701362906,1
CUST_1702,37,12,59.7465207473721,1,0,49.69976435336264,Basic,0.3775944836868921,1
CUST_1703,11,1,119.0439061451646,5,0,19.349321062907855,Enterprise,0.9815464057362451,1
CUST_1704,6,13,93.60034732111875,1,1,74.74114683271264,Pro,0.30047573232352065,0
CUST_1705,18,14,29.210776170670496,0,0,13.253139571922901,Enterprise,0.4169168484654515,1
CUST_1706,21,25,62.66576947525973,1,0,17.81533312461292,Enterprise,0.7588008485876682,1
CUST_1707,42,25,31.866847819585153,1,3,75.87559284351472,Basic,0.8807130994453903,1
CUST_1708,36,8,52.09950663518856,0,1,77.0144694071288,Basic,0.8783881742513633,1
CUST_1709,41,8,94.70966272952094,4,0,79.07812688042154,Pro,0.3945108706612479,1
CUST_1710,38,27,93.69085375839641,1,2,29.332512441711568,Pro,0.9485549530685777,0
CUST_1711,34,12,31.23154345877429,2,1,86.65874573715189,Enterprise,0.6535088762646616,1
CUST_1712,17,1,111.05568158780892,4,1,72.26681359620729,Basic,0.8511355482209931,1
CUST_1713,37,11,73.14534101795509,2,0,83.39674095513405,Basic,0.9262772274731126,1
CUST_1714,25,8,48.69129346063167,4,3,70.860548474689,Enterprise,0.23359972327822665,1
CUST_1715,38,10,62.722591789798976,2,1,57.959645874634056,Basic,0.49919848524155297,1
CUST_1716,58,19,74.58319414534053,4,0,10.939477157401933,Pro,0.5877972957793246,1
CUST_1717,12,11,69.38741116226532,4,1,71.09362119519493,Enterprise,0.8024376930482158,1
CUST_1718,23,7,60.936579086660494,3,0,69.0460775458184,Basic,0.4011656970679195,1
CUST_1719,53,11,63.06727247028101,3,1,31.24911332868604,Enterprise,0.2104491724282661,1
CUST_1720,42,17,25.28736969920691,1,1,73.58197690464262,Basic,0.7432345336012449,1
CUST_1721,22,1,98.46428399503813,1,2,55.04545534313275,Basic,0.5923344856148842,1
CUST_1722,21,26,67.30243679321677,3,0,55.940623854341496,Basic,0.8982989463567653,1
CUST_1723,27,29,20.074184096040856,2,0,36.760467878571255,Pro,0.655029980585615,0
CUST_1724,57,21,93.10806668201947,3,1,11.678504134013657,Enterprise,0.0168270007109651,1
CUST_1725,31,21,112.23105751339534,1,0,21.6928457865989,Pro,0.9666514001004415,1
CUST_1726,6,8,113.94029341225064,2,3,76.88316533360582,Pro,0.5931106936140407,1
CUST_1727,27,23,47.43703922728486,2,1,27.144155049689388,Enterprise,0.5958772651501785,1
CUST_1728,40,24,20.584440459486714,2,0,0.2253054335611515,Enterprise,0.9092613946681003,1
CUST_1729,34,6,64.6159570628025,1,2,99.701742113155,Basic,0.663808834303416,1
CUST_1730,12,22,17.95006137516038,2,2,21.068223385037086,Basic,0.4793211831888913,1
CUST_1731,45,18,112.40855312895098,2,3,65.53831488703938,Enterprise,0.10728533437430277,1
CUST_1732,57,6,26.11165714584179,1,2,92.69220045749937,Basic,0.962198781312535,1
CUST_1733,53,5,34.06807389438387,2,0,59.9712734633937,Basic,0.07848737788004334,1
CUST_1734,7,13,51.7632005917716,4,0,79.90306150844575,Enterprise,0.17029978520829636,1
CUST_1735,10,19,49.06391388429947,3,1,97.63717121488149,Pro,0.8195368624915553,1
CUST_1736,45,22,96.38623262575723,0,0,86.03634259297857,Enterprise,0.49040532838679063,1
CUST_1737,17,8,57.47643436336067,4,0,55.79040886783617,Enterprise,0.17826848329559142,1
CUST_1738,26,9,24.638349900383744,2,0,36.370293048207614,Pro,0.2861619116298517,0
CUST_1739,21,17,35.72913798089852,2,1,48.24644491639596,Basic,0.9940143940411994,1
CUST_1740,28,3,63.54803929656504,2,0,84.18261681905443,Pro,0.5840201339853648,1
CUST_1741,58,19,21.957200504005513,3,2,85.33546101506403,Pro,0.401613438166465,1
CUST_1742,46,11,75.34040269929162,0,0,84.58549223583637,Enterprise,0.8762174572647367,1
CUST_1743,2,24,70.06094025338177,1,1,59.7224402750011,Basic,0.47969684307570803,1
CUST_1744,54,17,87.19076638395963,1,1,47.695591775761294,Basic,0.30793546098894675,1
CUST_1745,43,21,112.83603076862728,1,0,31.133805609566178,Pro,0.16422238517986865,0
CUST_1746,1,19,109.9092745266329,2,0,0.3360855181929301,Enterprise,0.7444692148729439,1
CUST_1747,51,2,113.79869607791561,1,0,76.44852708609558,Pro,0.5962230929912965,1
CUST_1748,53,8,33.14229365772561,1,6,27.699828001405468,Basic,0.09235400347729328,1
CUST_1749,36,19,20.130010263525783,1,0,32.967789538533744,Basic,0.591639922942592,1
CUST_1750,51,7,39.761820557091575,3,1,84.34812248470439,Enterprise,0.15945085421954164,1
CUST_1751,26,28,107.93479486812618,0,3,5.225115712262063,Enterprise,0.9817197797860145,1
CUST_1752,29,27,116.78614958170115,1,2,92.76203314574386,Pro,0.25970910277007186,0
CUST_1753,21,17,103.82236937310475,1,2,0.13619224385064133,Enterprise,0.6960161797413283,1
CUST_1754,11,6,17.652037929667515,3,1,93.91691148254061,Pro,0.6560450697711748,1
CUST_1755,40,19,113.95421977687622,4,1,45.475849108341635,Enterprise,0.6913514576050841,1
CUST_1756,11,24,53.68617314534039,1,0,10.212262515181958,Pro,0.42999491345936813,1
CUST_1757,36,6,6.070683437670673,2,1,67.41613672411873,Basic,0.07433179866776685,1
CUST_1758,49,28,55.87528018604226,4,1,89.58564257212218,Basic,0.9800073775541361,1
CUST_1759,59,2,10.297954512678773,2,3,43.807281684762,Basic,0.19152583450715588,1
CUST_1760,39,6,67.54596093352852,0,1,69.13579040306664,Basic,0.7697202901094121,0
CUST_1761,40,23,43.933713155260904,0,0,97.93627201892939,Basic,0.13757350023214243,0
CUST_1762,35,5,59.44501736331561,2,0,24.070082371300504,Basic,0.28119701450871626,1
CUST_1763,54,19,75.51459148545845,4,1,82.04494569226881,Enterprise,0.5598866486899141,0
CUST_1764,34,20,104.91212601904934,0,1,29.523710934717663,Enterprise,0.41346936225604003,1
CUST_1765,55,4,81.1186812942718,0,1,42.63375999901599,Enterprise,0.9582665063990229,1
CUST_1766,47,22,54.91561987499078,0,1,28.176586849726082,Pro,0.847685194653833,1
CUST_1767,24,26,99.23420317209198,2,1,44.60117484341224,Enterprise,0.9217903475187846,1
CUST_1768,54,17,109.14194582091021,1,0,0.5089032428282514,Enterprise,0.6406965637520621,1
CUST_1769,22,11,18.77239613970268,3,1,30.34388473302715,Pro,0.2189157078839704,1
CUST_1770,5,4,66.17229241857102,1,0,44.52940639376958,Pro,0.5184994281006485,1
CUST_1771,56,26,37.71887537038108,3,2,63.2240183706096,Basic,0.7655333962175056,1
CUST_1772,33,13,10.412037755848951,2,0,63.73613911759088,Enterprise,0.06471822064495303,1
CUST_1773,58,20,81.88286993810831,1,0,58.37856184704928,Enterprise,0.8631170693545673,1
CUST_1774,36,26,104.21863940781094,2,1,29.30318295922969,Pro,0.6313509167731925,1
CUST_1775,47,17,23.733805264900315,2,1,94.74043159357454,Basic,0.7235714677939623,1
CUST_1776,20,9,98.42757062674856,1,1,39.196982374109936,Enterprise,0.694295440915316,1
CUST_1777,19,4,103.1405093567483,3,2,21.68939412390578,Pro,0.847762385636098,1
CUST_1778,35,23,110.1491509066456,1,0,55.45129396679873,Pro,0.08752094883823547,0
CUST_1779,52,28,35.50778524489603,1,1,74.89286698809136,Enterprise,0.3770439495934599,1
CUST_1780,43,14,108.95460249683727,1,0,1.2233572822266225,Pro,0.5026165965018025,1
CUST_1781,17,19,41.87621679468971,0,3,27.634400739554742,Pro,0.5465972121439266,1
CUST_1782,59,26,68.51887154738282,2,0,82.49778526000298,Enterprise,0.94255516231663,0
CUST_1783,45,28,10.808359145712444,2,0,50.70210933855982,Basic,0.04246384025682892,1
CUST_1784,43,3,10.046325162405514,1,1,40.848830457991404,Enterprise,0.866393380376566,0
CUST_1785,34,14,87.84291946420333,2,1,93.09012795823118,Basic,0.5519010719881802,1
CUST_1786,9,8,56.11519746744597,0,0,8.95350971228387,Pro,0.5546281692661456,1
CUST_1787,26,24,34.47362316746002,3,3,61.557020077784905,Enterprise,0.32033032118493354,1
CUST_1788,2,27,26.897552042864675,2,1,34.2188716243777,Enterprise,0.6436201907607395,1
CUST_1789,53,28,82.04465144881007,1,0,7.082339829292572,Basic,0.6464131276491918,1
CUST_1790,9,1,5.046177562914085,3,1,21.374450861082018,Pro,0.18929397406441406,1
CUST_1791,9,10,97.67748445763823,1,0,62.79332130172843,Enterprise,0.6770059461094949,1
CUST_1792,40,18,14.113704704941814,2,0,2.827693385455743,Enterprise,0.2667063213111388,1
CUST_1793,17,16,27.021305714433737,2,1,59.224881538935094,Pro,0.6887866660692468,1
CUST_1794,1,8,49.417185459395306,0,0,95.68504212173043,Basic,0.611942995919228,1
CUST_1795,25,1,60.75875506735191,6,1,79.50960623702693,Enterprise,0.7159519799542376,1
CUST_1796,43,12,45.82443831860331,2,2,34.559707933384566,Pro,0.01969979933801158,0
CUST_1797,40,8,41.8818989731938,0,1,13.820764636160831,Enterprise,0.1253656196435995,1
CUST_1798,42,24,115.85034138841667,3,1,46.50644339129786,Enterprise,0.8402006559083085,1
CUST_1799,25,16,78.78166334299034,1,2,39.29504361784054,Enterprise,0.3807232613507118,0
CUST_1800,39,18,7.694789867249644,1,1,97.1732960023852,Basic,0.836718354453056,1
CUST_1801,35,4,54.47022947109602,2,1,98.9868054508422,Pro,0.06267425882411837,1
CUST_1802,3,6,105.62600047055658,2,1,41.05846563237912,Enterprise,0.7693713544830807,1
CUST_1803,50,12,39.66746143722681,1,2,14.878398352993683,Enterprise,0.08376703435990684,0
CUST_1804,37,27,15.873979649054647,3,2,91.06095496429052,Enterprise,0.4683266427991307,1
CUST_1805,44,9,92.21424873284055,0,0,79.35422756669934,Basic,0.9375736417434563,1
CUST_1806,44,15,74.69159067264934,4,1,51.12742066556976,Enterprise,0.07767806948760181,1
CUST_1807,51,16,70.58593840004795,0,1,36.53546430151413,Pro,0.3506621295462591,1
CUST_1808,30,24,11.16130435485191,4,0,44.816582759972746,Basic,0.5183485986475137,1
CUST_1809,38,12,21.157386126484493,0,2,90.18811753051104,Pro,0.899457309943336,1
CUST_1810,34,24,76.59318056450809,0,1,18.464344776353848,Enterprise,0.332607193993098,1
CUST_1811,12,23,28.89974176776612,1,2,80.6783521123471,Enterprise,0.8070416113816773,1
CUST_1812,19,14,62.968059171068795,2,0,1.8190632827155384,Basic,0.7181730328001171,1
CUST_1813,37,13,67.66139389338025,2,0,92.0571993142085,Enterprise,0.30706737122853867,1
CUST_1814,44,25,37.60332688115803,3,0,50.02972796462058,Pro,0.34081324331015084,0
CUST_1815,59,2,114.06889288727169,3,0,22.674782634117218,Pro,0.19101218497984762,1
CUST_1816,59,3,101.88337228609115,3,1,0.2856502817182416,Pro,0.6929623681461066,1
CUST_1817,49,26,88.07295337777182,0,2,55.95464687447742,Enterprise,0.5631023893645647,1
CUST_1818,17,24,13.969294637082045,1,1,24.44878705598381,Enterprise,0.1549521069210179,0
CUST_1819,10,22,17.204952220537237,1,1,63.12643360108433,Basic,0.6200702764489872,1
CUST_1820,57,10,61.669854774469904,1,1,28.116928145204724,Basic,0.49864964500884923,1
CUST_1821,55,9,23.482035156963352,1,2,8.80240291902269,Pro,0.09258995270694603,1
CUST_1822,49,26,117.50052830588952,1,0,50.505162984355934,Pro,0.9537034333614168,1
CUST_1823,47,20,23.229826913152085,3,0,56.44857362881444,Basic,0.8347557736139711,1
CUST_1824,12,8,61.05880107835701,2,1,45.25900255395507,Basic,0.07102412791601442,1
CUST_1825,16,10,46.873921536773125,5,0,45.803555432978136,Pro,0.9312679378809365,1
CUST_1826,24,19,78.52943846722127,1,2,58.96501279000154,Basic,0.9166778276437951,1
CUST_1827,19,3,19.839187022283866,2,1,52.635350941015346,Enterprise,0.042183016733067236,1
CUST_1828,8,24,54.486389224874955,1,0,13.256753886265816,Enterprise,0.20147894580944614,0
CUST_1829,31,5,36.59107877282152,0,3,19.708564648503234,Basic,0.7024083867366493,1
CUST_1830,21,3,107.09142533724413,2,1,14.179104142905008,Basic,0.9345735750229097,1
CUST_1831,17,26,9.667356895489934,1,0,69.32955822197458,Enterprise,0.8231147217565339,0
CUST_1832,23,27,110.07866181074282,1,1,52.8598412166966,Enterprise,0.2818978539442536,0
CUST_1833,37,16,100.79432593359505,2,1,42.98551235309282,Pro,0.03343855652177041,1
CUST_1834,54,17,39.22063239069378,2,0,79.83389952728494,Basic,0.4728874144830637,0
CUST_1835,16,15,95.76842528786703,2,1,32.57946597608051,Enterprise,0.09196174460989226,0
CUST_1836,6,3,8.58955943895597,4,1,56.810666309096106,Basic,0.2452962321061939,1
CUST_1837,8,12,116.18953828374026,1,2,7.440760149019843,Enterprise,0.6400970560721851,1
CUST_1838,25,9,65.55841839782578,1,1,74.4404083825112,Enterprise,0.4950189489189254,1
CUST_1839,18,21,39.877317997526205,3,1,69.51924448155899,Basic,0.37671925710144316,1
CUST_1840,25,12,46.697069448387865,3,1,80.2379629296882,Pro,0.9299623263493364,1
CUST_1841,12,26,12.636615647957196,2,1,88.44759580165537,Enterprise,0.19296617506805513,1
CUST_1842,15,15,118.7751941148345,2,0,75.80282672954186,Basic,0.4874782431522592,0
CUST_1843,59,2,9.518573692329632,1,1,84.44898901272938,Enterprise,0.5734951798533395,1
CUST_1844,26,23,80.31431916200378,4,1,34.565459896172456,Basic,0.32194203675825794,1
CUST_1845,41,18,55.91463168624271,2,2,34.33373620149397,Basic,0.7052974391630641,1
CUST_1846,45,20,114.12536509170224,5,0,94.43008198998163,Enterprise,0.8672786758244051,1
CUST_1847,26,12,33.28997013528144,3,2,91.45745363262048,Pro,0.5414789285429898,1
CUST_1848,47,23,66.18998475287131,3,1,54.84973411052225,Enterprise,0.7813369431144388,1
CUST_1849,32,4,60.47096398701659,1,1,36.65587852726458,Enterprise,0.06096164472565491,1
CUST_1850,10,23,85.82964106576165,4,1,86.60015302588003,Pro,0.15378256297774406,1
CUST_1851,16,16,12.821176674528358,0,0,32.34111324273662,Pro,0.46202552884732784,1
CUST_1852,7,23,27.28574995268581,1,1,15.36350828944444,Basic,0.9210198558264359,1
CUST_1853,17,16,29.67495431067773,2,1,63.949267500548004,Basic,0.5315914567348103,1
CUST_1854,23,1,89.88733680679431,0,1,4.262180973296692,Pro,0.4323021176240449,1
CUST_1855,26,22,26.75095007757511,2,0,37.9101906166488,Pro,0.6001075701594233,1
CUST_1856,21,25,70.95155284746232,1,0,80.7663815694622,Enterprise,0.12446579488110399,1
CUST_1857,22,2,29.753039357609676,2,0,29.521619569283473,Pro,0.6536806328847605,1
CUST_1858,58,3,104.08686925965752,6,0,93.13154790735332,Enterprise,0.09402114460405475,1
CUST_1859,7,26,113.35132726630843,3,2,95.58246666166373,Enterprise,0.5767933163697465,1
CUST_1860,14,21,64.62669211835765,3,2,81.58163007651189,Enterprise,0.7143900411385028,1
CUST_1861,15,25,45.5155216840555,2,1,98.76433189920627,Pro,0.4115074638285504,1
CUST_1862,53,20,31.9166441270124,3,1,53.076411151143766,Pro,0.9109027268577378,1
CUST_1863,7,17,10.724815175150033,2,0,56.919955213897154,Enterprise,0.1520320446203236,0
CUST_1864,9,20,35.87750876271197,1,2,83.61668152704785,Pro,0.17095847140206055,1
CUST_1865,51,22,80.23711469371156,4,1,49.28052557880904,Basic,0.5169144094510724,1
CUST_1866,48,21,66.36594710055925,4,1,40.672000683306955,Basic,0.9316553738662452,1
CUST_1867,8,29,113.56474700230666,5,0,61.4753591174539,Enterprise,0.3906986029641758,1
CUST_1868,50,1,50.571885186545565,0,0,65.7659510848882,Pro,0.9263998777614371,1
CUST_1869,59,20,84.79428436776537,1,1,75.08958216961663,Basic,0.6934748919095439,1
CUST_1870,23,6,61.27211595963896,0,2,66.82006972600854,Enterprise,0.7825552272487136,1
CUST_1871,29,29,63.94626483128434,1,1,74.57217952633285,Basic,0.9378707044037374,1
CUST_1872,18,15,35.79404617947351,1,1,67.45596708887524,Enterprise,0.5723283372131934,1
CUST_1873,31,26,57.31933933682996,1,0,48.04452385001788,Enterprise,0.641652930378291,1
CUST_1874,30,26,59.14027465646134,0,1,13.493458433647032,Enterprise,0.5789904363468589,1
CUST_1875,52,14,86.26389000112741,3,4,78.54432289352584,Basic,0.7848585594445444,1
CUST_1876,39,20,113.1735999064031,2,1,3.0779151387683057,Enterprise,0.2734062945039303,1
CUST_1877,35,15,42.87194691048799,0,0,99.25000917613396,Enterprise,0.788047836405585,1
CUST_1878,18,14,9.85305388684932,1,2,82.84584899396799,Basic,0.7135456312693986,1
CUST_1879,59,25,62.07393943257357,2,0,67.0910607981305,Enterprise,0.6020661771356385,0
CUST_1880,42,21,67.61305319715439,7,0,96.66067718544534,Basic,0.038791744284170426,1
CUST_1881,39,24,24.370663380170253,5,0,61.24702814562093,Enterprise,0.7745439718501574,1
CUST_1882,17,25,92.45342972174767,3,1,5.643288074434805,Pro,0.13242595299475635,1
CUST_1883,14,26,118.26684747077154,0,1,55.93821740145201,Pro,0.9619719230484329,0
CUST_1884,31,5,113.76409245597301,1,0,27.72041856569428,Basic,0.08149310121282849,1
CUST_1885,24,6,27.66719446472,2,1,36.94775279844368,Enterprise,0.7202755797828518,1
CUST_1886,35,17,105.66677258858748,1,0,45.95851558500289,Basic,0.36042568366963645,1
CUST_1887,44,11,86.01676818734374,1,3,77.46007463887835,Enterprise,0.7356903921149722,1
CUST_1888,45,16,57.19235483779483,1,1,50.292921437095615,Basic,0.5189527109660246,1
CUST_1889,34,12,67.17026434734385,5,1,47.468029082507876,Pro,0.6295052308674255,1
CUST_1890,3,15,102.70402012298268,2,1,30.197213774184604,Basic,0.0754367406096591,1
CUST_1891,37,23,60.21551805841291,1,0,53.9872241852703,Pro,0.9664790923670028,1
CUST_1892,43,4,47.91884744708959,3,0,24.839085443531562,Pro,0.0038464757804941296,0
CUST_1893,40,27,61.72346169798837,5,2,26.099381540822797,Pro,0.9411594504690745,1
CUST_1894,26,18,71.59992746403064,1,0,75.72587751445205,Basic,0.5682501918887715,1
CUST_1895,55,21,26.743930184510116,3,1,34.254726450909004,Basic,0.25827014865885634,1
CUST_1896,23,28,108.60438898070393,1,0,5.139967293911186,Pro,0.6377277696685977,1
CUST_1897,44,3,82.5314991154056,3,2,34.36772858949808,Basic,0.6728971353504769,1
CUST_1898,39,22,77.82592549381123,5,1,63.8572207866619,Enterprise,0.7303316448777681,1
CUST_1899,15,8,16.442066010773388,2,1,81.39855866773223,Pro,0.016437754386725345,1
CUST_1900,56,23,74.48000288984805,1,1,96.19366813923614,Enterprise,0.982782403784324,1
CUST_1901,49,3,18.91047615742662,0,0,74.6220421474976,Pro,0.6179129346746699,1
CUST_1902,4,8,14.05023264747089,1,0,42.88516094168369,Enterprise,0.3775361978900138,0
CUST_1903,29,18,65.64075299887523,3,1,29.911927920495764,Pro,0.5706503834428029,1
CUST_1904,22,10,51.32033641534692,4,1,12.962999017088938,Pro,0.17842182264944473,1
CUST_1905,25,25,72.71318106796568,1,2,62.76864344461144,Pro,0.24726655077028548,0
CUST_1906,13,20,15.260549326582439,5,1,50.988331410900635,Basic,0.08577950303700244,1
CUST_1907,18,17,54.56305222743472,2,1,67.77015164441413,Enterprise,0.8792336472293508,1
CUST_1908,33,8,25.100472230193166,3,1,23.71331564550696,Pro,0.25160011512861635,1
CUST_1909,16,23,118.51650988127341,1,1,32.364416810994555,Basic,0.7397104699471619,1
CUST_1910,45,11,69.53227443004505,3,2,29.2095349498639,Pro,0.27419868281321513,1
CUST_1911,42,29,84.05523900819973,1,0,79.76518421744106,Enterprise,0.1459886494910363,0
CUST_1912,44,5,42.4231022784999,5,1,17.122981486334677,Pro,0.10813447061461745,1
CUST_1913,2,26,15.894975199624577,4,0,60.847211702449556,Basic,0.860244350723869,1
CUST_1914,55,13,117.22514922010672,2,0,5.135501575910673,Pro,0.11973678474943594,1
CUST_1915,35,21,37.91978906906607,3,2,54.95275759017196,Pro,0.08714918299411911,1
CUST_1916,42,23,53.73794129496103,1,2,6.391397575305591,Pro,0.009354785555290235,1
CUST_1917,34,5,79.73435099579612,2,1,17.587659078798733,Pro,0.3664400493609359,1
CUST_1918,30,24,7.840189233902798,1,1,11.30253020535622,Basic,0.9426871905423662,1
CUST_1919,59,27,98.17980000948799,5,0,34.67253538834265,Pro,0.9086498590804862,1
CUST_1920,55,13,66.70649185329134,1,0,34.37314177077291,Enterprise,0.11505270573746273,1
CUST_1921,13,6,36.99497651291455,2,0,82.64192807282564,Enterprise,0.012494725500424742,0
CUST_1922,13,29,12.084918308633963,0,2,22.56874513805287,Pro,0.7510075224738882,1
CUST_1923,18,5,23.687317779560765,1,0,8.638674177397698,Basic,0.3064772906306561,1
CUST_1924,32,9,107.92889376814524,0,1,60.35117908141297,Enterprise,0.8346769797527802,1
CUST_1925,32,27,83.89278575262746,3,0,68.74506996000068,Pro,0.215429438724424,0
CUST_1926,35,16,33.738697988242336,0,2,29.482361602145378,Pro,0.49220860064817606,0
CUST_1927,59,2,12.544087968678397,4,1,60.28141163613772,Basic,0.03294603871256818,1
CUST_1928,39,1,84.42076092446318,1,1,77.6056568006644,Pro,0.8947148278156032,1
CUST_1929,46,8,70.82688848629299,2,0,34.75529390761123,Basic,0.17797599548107934,1
CUST_1930,52,28,51.519745312697026,2,2,52.53538399331118,Enterprise,0.2947030328316683,1
CUST_1931,29,19,46.81531665685734,2,0,14.663327367232004,Pro,0.4797003965802573,1
CUST_1932,49,11,29.93364173184745,1,3,2.3646801070180357,Basic,0.2712688424166274,1
CUST_1933,29,28,82.00529450181453,2,2,98.13679748108297,Pro,0.040163446020919924,1
CUST_1934,53,12,116.6268231962951,0,0,29.973085053636993,Pro,0.029086129789233306,1
CUST_1935,44,12,25.207253271234972,5,0,27.890205072182162,Enterprise,0.9552132628144094,1
CUST_1936,57,7,73.66841130178288,4,1,97.32451331730877,Pro,0.32549632424896835,1
CUST_1937,16,26,53.781281410787265,4,0,72.82335237631166,Basic,0.33439159406786934,1
CUST_1938,56,13,56.36920300063646,1,1,58.52978879404832,Basic,0.9228999699943589,1
CUST_1939,44,27,34.22693721469865,1,1,69.93233950933569,Basic,0.8361536798152569,1
CUST_1940,47,8,99.89051070106319,3,1,70.99265666954027,Pro,0.686941605344729,1
CUST_1941,57,29,60.80439447693273,1,1,76.33358802929826,Pro,0.6585057573382965,1
CUST_1942,10,29,67.49167300280037,3,3,6.718923141991995,Enterprise,0.8010857362196678,1
CUST_1943,30,22,40.04750497169246,0,1,41.283141978288796,Pro,0.16887544992693693,1
CUST_1944,25,28,25.90797355169922,1,3,29.513031783301646,Basic,0.6642748574330725,1
CUST_1945,39,26,14.879694643324356,3,1,7.056963851700548,Basic,0.09839859226459235,1
CUST_1946,20,9,87.12370120636533,2,2,41.259899684642875,Enterprise,0.12651273284467368,1
CUST_1947,5,7,27.566942394103396,3,3,61.617348541314676,Basic,0.2427561007735235,1
CUST_1948,1,26,84.35866573171174,2,2,17.84976799744188,Basic,0.7098037840458746,1
CUST_1949,30,21,49.89329129539969,1,3,30.50267438878538,Basic,0.8925451940342242,1
CUST_1950,49,24,52.814102113809916,2,0,63.9170821917154,Enterprise,0.6907862873840666,1
CUST_1951,3,15,58.95541205066875,1,1,57.93246575572134,Enterprise,0.41662302692038133,1
CUST_1952,45,2,47.286478434667465,1,2,86.87854631732239,Basic,0.5136612187480882,1
CUST_1953,14,23,16.571297380597862,3,1,79.12309696503834,Basic,0.7123257990480858,1
CUST_1954,56,20,40.60765815032727,6,0,96.56110522860295,Pro,0.6132818909542181,1
CUST_1955,30,25,81.32945147980291,1,2,59.719331011337715,Pro,0.5294675343346988,1
CUST_1956,50,12,81.56520616892016,2,0,69.84673664116264,Basic,0.23679247897913502,1
CUST_1957,4,1,37.91579533259935,5,0,86.0506258814403,Pro,0.6169609235874473,1
CUST_1958,18,23,57.911802054134114,2,0,83.9992444825268,Basic,0.01866817556830347,0
CUST_1959,37,22,27.24643122137281,0,1,71.87216420262344,Basic,0.5600539800149753,1
CUST_1960,25,8,29.192789375931113,4,1,50.025620937397505,Pro,0.8207450783929346,1
CUST_1961,48,5,7.650415166759852,1,1,27.32068882307288,Enterprise,0.17975054975397242,1
CUST_1962,1,15,108.12585323939064,1,2,87.72157539354059,Enterprise,0.11421042219411837,0
CUST_1963,53,1,29.231266483614213,0,3,77.66554422373049,Enterprise,0.9702351551945143,1
CUST_1964,46,1,31.16639584769328,1,1,83.79069519584792,Basic,0.8434633370753328,1
CUST_1965,15,25,37.15416475419016,3,3,14.07893181472042,Basic,0.30200116038004976,1
CUST_1966,9,10,19.651928244974336,3,1,31.481287818927463,Enterprise,0.20857276086355325,1
CUST_1967,15,22,78.51523156585672,2,0,42.488503789965115,Enterprise,0.33403936310159754,0
CUST_1968,49,10,13.641439615422456,0,0,83.83519723005607,Enterprise,0.4312249712911318,1
CUST_1969,57,21,20.433279027530283,2,2,89.28866727146556,Basic,0.8210829083053365,1
CUST_1970,24,15,79.14702355786068,1,1,28.489271425528628,Basic,0.2392037311563454,1
CUST_1971,4,17,44.060971355365915,3,3,68.64291672657647,Pro,0.7208450633569364,1
CUST_1972,12,22,86.41400007063675,0,2,7.781420615256341,Pro,0.9292909816128937,1
CUST_1973,59,6,69.10384563706633,1,1,40.957327196876115,Pro,0.37951220962258725,1
CUST_1974,58,3,34.442434902074,3,0,48.66691077518851,Enterprise,0.026046914380213226,1
CUST_1975,37,13,79.84521430627272,4,1,76.56328148991159,Basic,0.8276164222872139,1
CUST_1976,37,16,18.371473233681275,0,0,89.19722368371204,Pro,0.7084138519503497,1
CUST_1977,43,8,66.6871940542035,2,2,33.72832358244562,Pro,0.14906980383701463,1
CUST_1978,6,15,55.27203208017899,1,1,52.77388899419013,Pro,0.5969055575713528,1
CUST_1979,39,17,35.80546202400569,1,2,64.74482223675241,Pro,0.824816464620828,1
CUST_1980,56,17,74.46057474004252,2,0,32.86872289468147,Enterprise,0.18103181181671935,1
CUST_1981,46,22,105.20336311913249,1,0,98.55382131740444,Basic,0.22290187332407219,0
CUST_1982,24,26,119.87404047275382,4,1,87.57743795700246,Basic,0.20178154767243572,1
CUST_1983,11,13,74.89271840549382,3,0,29.640282886661662,Basic,0.9975015533375888,1
CUST_1984,13,17,51.54117554785457,3,0,50.79462309990483,Pro,0.2295216182345562,1
CUST_1985,34,6,30.898816524863186,3,0,23.084061324724438,Enterprise,0.26691839328168754,1
CUST_1986,25,17,34.56605028043785,4,0,51.45039189033348,Enterprise,0.04792566880571647,0
CUST_1987,7,16,60.13732248722305,1,2,68.33323448232849,Enterprise,0.983278451855307,1
CUST_1988,52,14,47.23693564728156,3,2,8.552109279298781,Basic,0.2467541649131728,1
CUST_1989,4,13,110.08867010186859,3,1,87.01172048072718,Basic,0.7252331603230623,1
CUST_1990,59,6,47.35397878040659,3,2,59.37458684465835,Enterprise,0.0263685333427911,1
CUST_1991,8,3,47.946127981725084,4,0,98.96028985770016,Pro,0.7834029918254988,1
CUST_1992,20,14,49.10646892990735,1,0,2.559150724950321,Basic,0.7506104917393693,1
CUST_1993,29,14,101.21132419228068,1,1,83.14983510982321,Basic,0.08415282069791907,1
CUST_1994,54,15,79.84065689739371,0,1,79.19630482545476,Pro,0.12260183756106402,0
CUST_1995,53,8,75.62941778667266,6,1,13.285251204003234,Pro,0.2951092761238089,1
CUST_1996,51,29,43.42644757414415,0,1,33.53056350834067,Basic,0.3546679326966209,1
CUST_1997,45,15,99.05898033573054,1,1,88.47962030441727,Pro,0.7834997178396234,1
CUST_1998,46,22,9.41184405590563,3,1,51.845429507225425,Pro,0.061188979287322365,1
CUST_1999,10,29,105.14167481888302,1,4,40.1281487467239,Pro,0.65023956003346,1
CUST_2000,43,27,63.9662384763019,2,2,90.54964322508418,Pro,0.2285339424387005,1
CUST_2001,34,13,50.79877700929247,1,0,9.334452447706143,Pro,0.38246924178934993,1
CUST_2002,57,17,62.17423728253385,1,0,47.31227829022564,Enterprise,0.002203951783684377,1
CUST_2003,26,21,81.75278601139057,2,1,65.23740979753524,Basic,0.29112364389845424,1
CUST_2004,41,24,6.468024049558196,2,2,60.85414390150126,Enterprise,0.17133795658308004,0
CUST_2005,49,3,105.2284634926985,2,0,26.427645440889147,Enterprise,0.503972159283915,1
CUST_2006,58,28,56.37504541081017,2,0,56.331290453433645,Enterprise,0.15819233639086794,1
CUST_2007,3,6,44.44114976550899,2,0,70.85617642859818,Basic,0.8358176182173598,1
CUST_2008,56,5,20.898240047916566,2,0,58.48854073266983,Basic,0.8829056803252547,1
CUST_2009,6,22,55.53851805122085,4,2,68.44622259773223,Basic,0.8452896480513169,1
CUST_2010,5,26,62.07711869770357,1,1,25.607873938879045,Enterprise,0.9818028220225163,1
CUST_2011,5,17,51.419369866749946,1,0,83.28489502717827,Basic,0.9146464080579546,1
CUST_2012,54,23,83.04591079009316,2,1,44.96895369849698,Enterprise,0.27978791255838487,1
CUST_2013,47,25,53.40310080731099,2,2,98.72238441045688,Pro,0.3144610228490098,1
CUST_2014,23,2,115.56302145235594,3,1,2.328532066693756,Basic,0.5326594629168295,1
CUST_2015,49,26,73.91691454971306,2,3,38.031537124764334,Pro,0.3849576441985645,1
CUST_2016,9,15,97.85996259996953,1,0,18.047505230511085,Enterprise,0.969911025566106,1
CUST_2017,35,5,17.575928857590068,3,3,55.56095269940534,Basic,0.33953111694926286,1
CUST_2018,20,26,50.688498688779156,5,2,24.32050943736127,Basic,0.7400823814552198,0
CUST_2019,58,20,43.73748566642256,2,1,73.74779465674818,Pro,0.5753617023595458,1
CUST_2020,49,6,70.49047463570805,3,0,88.18658623375187,Enterprise,0.9564807029994113,1
CUST_2021,59,6,104.02805480706394,1,0,21.08843535821109,Enterprise,0.7445176186126258,1
CUST_2022,42,27,14.008895042630767,4,2,16.06776183017984,Basic,0.3036458393824699,1
CUST_2023,35,18,13.34610177514174,3,0,87.53571857284786,Basic,0.19706835685761048,1
CUST_2024,50,18,102.78653643812387,2,0,36.127191508850565,Basic,0.8546182519923946,1
CUST_2025,18,4,29.477759894411104,3,1,43.458363495902994,Basic,0.9110144386693824,1
CUST_2026,17,17,81.90662426172858,2,1,22.096950244353565,Basic,0.8310942784614958,1
CUST_2027,24,25,67.43098522149259,1,2,42.53148680511472,Enterprise,0.7374495689244548,1
CUST_2028,3,14,100.78276341203139,1,3,23.130007307799694,Basic,0.32173004125031746,1
CUST_2029,32,14,19.385224631186404,3,1,66.5927440634181,Pro,0.5053731380758598,1
CUST_2030,35,13,19.925041058100298,4,2,49.88764124800872,Basic,0.9157029223716706,1
CUST_2031,38,7,69.03411143200537,5,2,78.80604459629089,Basic,0.13489746515210255,1
CUST_2032,13,12,113.83354513621265,3,1,31.272811606729444,Enterprise,0.49491920263516687,1
CUST_2033,56,23,52.72474221263674,2,2,50.55950154590377,Enterprise,0.3555093550279944,1
CUST_2034,47,15,42.59834152928992,0,1,25.952332297713443,Enterprise,0.677489575392759,1
CUST_2035,25,19,74.76927216775687,3,1,93.44739302466316,Pro,0.6340698199866285,0
CUST_2036,9,11,112.00158906267858,3,1,52.19356677911031,Enterprise,0.5600573469193156,1
CUST_2037,4,15,101.24670077713172,3,4,17.346249631794308,Basic,0.2796156276648376,1
CUST_2038,14,12,119.48061523432028,1,0,27.276565921002906,Enterprise,0.1595502448478444,1
CUST_2039,37,3,7.595387068273365,2,1,8.290196412406015,Pro,0.7843383560772322,1
CUST_2040,34,17,17.978686641967656,3,0,2.78159955977334,Basic,0.9917493009930204,1
CUST_2041,11,3,75.08879278716154,1,0,52.592182607067095,Basic,0.1690940687347161,1
CUST_2042,41,19,99.36629052339272,4,1,33.71229225256053,Pro,0.07579229061570958,1
CUST_2043,56,20,37.80309936527815,2,3,96.37734552603064,Enterprise,0.7457308512135404,1
CUST_2044,3,4,32.509275123935154,2,0,17.13313963614842,Enterprise,0.3438557560970912,1
CUST_2045,59,3,95.5022169288381,2,2,79.39126527369453,Enterprise,0.21300358187621737,1
CUST_2046,28,26,11.483913193121632,1,0,31.597144219290275,Enterprise,0.5251256551131612,0
CUST_2047,29,16,47.479004471997285,2,0,22.35373860587052,Pro,0.675214533836768,1
CUST_2048,9,12,63.16806059811792,1,2,96.96368190013074,Pro,0.21484903369650488,1
CUST_2049,3,8,69.44009755028719,5,1,80.25765987457658,Enterprise,0.9945035692956707,1
CUST_2050,25,24,88.79074303116934,3,1,63.06208914453316,Pro,0.3282241843185255,1
CUST_2051,34,29,45.807258194525694,1,2,69.7121037223752,Basic,0.314953022933665,1
CUST_2052,12,29,75.45869963757983,2,2,99.13814748505898,Enterprise,0.42300086929842184,1
CUST_2053,42,17,72.31817362095998,3,0,59.32074088248868,Basic,0.7450292903083652,1
CUST_2054,9,7,67.97585157518091,3,1,10.19004508069601,Basic,0.8732573090743555,1
CUST_2055,15,11,78.65557871135441,5,1,6.486612670138136,Basic,0.3239861106060896,1
CUST_2056,40,18,34.83665467282877,1,3,66.66067774738734,Enterprise,0.118747402099594,1
CUST_2057,25,1,14.734606662232332,0,1,65.76011439251482,Enterprise,0.25613082135186227,1
CUST_2058,5,3,18.716242284570495,0,0,74.81737929780886,Enterprise,0.08427961787790661,1
CUST_2059,11,4,30.826974005198622,4,0,10.877873023261376,Pro,0.6303444918151667,1
CUST_2060,59,13,62.522762585120304,0,2,94.49022747551717,Enterprise,0.7406961657952448,1
CUST_2061,34,6,101.65091631279232,1,3,55.11584139106448,Basic,0.42926654176391044,1
CUST_2062,24,26,85.64873434016417,1,2,64.95555210212154,Enterprise,0.9527950481856393,1
CUST_2063,15,14,95.73966948323542,2,0,3.4852383378130236,Pro,0.7275238239301679,1
CUST_2064,38,5,45.36219675150051,1,0,96.09742145155738,Enterprise,0.37965887104480744,1
CUST_2065,8,16,51.535180289583266,3,1,56.25918487439486,Pro,0.10221385745931877,1
CUST_2066,59,15,50.27341688892047,4,2,56.336311299462864,Basic,0.49370410490544014,1
CUST_2067,5,15,27.065416206517675,2,2,94.35553162303798,Basic,0.5038355374003791,1
CUST_2068,48,4,12.039915686510783,3,2,92.93501781836675,Basic,0.5505869675402798,1
CUST_2069,26,8,72.95535067513109,2,1,22.029859181724166,Basic,0.6824494800805381,1
CUST_2070,18,27,118.7599185933674,2,0,93.10988219059293,Basic,0.2643827006784403,1
CUST_2071,6,16,24.185416069280226,2,3,73.66212893800615,Basic,0.002484466369574667,1
CUST_2072,37,28,10.368754288416483,2,1,1.8900727331417455,Pro,0.8128447398328611,1
CUST_2073,48,16,94.64614340975228,4,1,23.984314873833835,Basic,0.8235366941209956,1
CUST_2074,13,4,34.047390768743284,1,3,41.29801454714463,Enterprise,0.911621766905182,1
CUST_2075,28,13,100.40903761558677,1,2,58.282245550575475,Pro,0.969036639842498,1
CUST_2076,5,26,85.95271670896928,1,1,70.13297304886889,Pro,0.15917144284938867,1
CUST_2077,13,28,113.75245676084253,5,0,21.021039395689932,Enterprise,0.3538716721074662,1
CUST_2078,17,13,52.02663211201728,4,0,83.67005142736889,Enterprise,0.8513592341151413,1
CUST_2079,50,2,81.12653153682292,1,2,84.57153238891547,Enterprise,0.9339993900936365,1
CUST_2080,40,3,58.45829979352613,2,1,63.49988192605773,Enterprise,0.01452953295485837,1
CUST_2081,45,22,77.5177001904825,4,1,92.10939105156983,Enterprise,0.3875339757288959,1
CUST_2082,32,8,56.70387419088979,0,2,81.29824268971879,Basic,0.11338589379988506,1
CUST_2083,29,24,26.692708338768607,3,1,22.162365929354088,Pro,0.7884582659570163,1
CUST_2084,51,15,63.4082028403888,3,1,79.86768663103605,Enterprise,0.7471304065355973,1
CUST_2085,58,11,65.78718316530586,3,0,95.3202078753105,Enterprise,0.7543027056034222,1
CUST_2086,3,9,98.21944254991853,4,2,13.760644701843095,Pro,0.39023516866693864,1
CUST_2087,56,7,89.58488116626184,2,0,97.86978847910291,Pro,0.40624756667356243,1
CUST_2088,40,13,81.33603675326607,2,0,2.4992796770090253,Basic,0.26186466938098285,1
CUST_2089,34,2,18.039515988545844,1,0,52.21672447737723,Pro,0.36089353780758826,1
CUST_2090,40,8,87.87087342632722,3,1,77.38931389784842,Enterprise,0.9830815423027855,1
CUST_2091,27,7,62.5350929807692,3,1,79.04381025462544,Pro,0.04656876124815468,1
CUST_2092,13,24,107.82144665220831,2,0,73.46725691462679,Enterprise,0.324007574942754,1
CUST_2093,45,12,110.78515742501241,2,1,52.935137275316194,Pro,0.789922961159599,1
CUST_2094,33,19,11.343007919205327,2,1,65.09643220703954,Pro,0.38234598191470126,1
CUST_2095,6,7,99.37377944076506,5,0,69.99321856531138,Basic,0.949984416956515,1
CUST_2096,24,10,9.335199898607122,3,0,49.453922421389564,Enterprise,0.33214413765269124,1
CUST_2097,19,29,47.224506954927605,2,0,59.56849751346376,Basic,0.8497583466191223,1
CUST_2098,16,25,67.3644971964241,3,3,84.63680534575731,Basic,0.8150948516495777,1
CUST_2099,40,16,22.031591842119656,4,1,31.28790211458272,Enterprise,0.0092076261725762,1
CUST_2100,28,3,90.82608844544383,3,0,52.320632696863235,Pro,0.4029890940869164,1
CUST_2101,33,10,5.960790979795936,1,0,0.8479721025507869,Basic,0.2806373234085513,1
CUST_2102,59,6,24.388890569914235,0,1,68.74363997767932,Pro,0.47960854948070264,1
CUST_2103,59,18,71.79163543314971,7,0,19.538546461484174,Pro,0.46277106511028,1
CUST_2104,48,18,87.15456963428862,2,0,48.10012537137689,Basic,0.9055294988014372,1
CUST_2105,41,5,110.41395680980035,4,0,21.02052162804593,Basic,0.18358134806758564,1
CUST_2106,13,21,86.13211497248174,0,1,2.3533714578492293,Basic,0.1821911222332021,1
CUST_2107,43,29,82.25461607930959,1,0,48.32205516980166,Pro,0.10806673975007208,1
CUST_2108,45,7,50.349231830326396,2,0,42.483360661070705,Enterprise,0.738651190015915,1
CUST_2109,25,28,5.147708935582163,1,0,42.51495135243807,Enterprise,0.917860322823485,1
CUST_2110,53,2,18.81831475459652,0,0,20.88061599288703,Basic,0.36850391828589857,1
CUST_2111,42,11,66.4737726469445,1,0,94.72045897481792,Pro,0.061822496540341776,0
CUST_2112,36,13,82.63993687210827,1,1,0.35071518106944977,Basic,0.15602150734981712,1
CUST_2113,27,23,53.006552648093184,0,0,89.15454499973386,Pro,0.10238421118312846,0
CUST_2114,38,5,89.02808632576487,2,0,73.69019231394822,Enterprise,0.5923400367639144,1
CUST_2115,7,6,65.01416396320056,3,0,17.20720335332715,Enterprise,0.28229782838301165,1
CUST_2116,5,24,13.530262493345905,2,0,47.21919863035545,Basic,0.8974476373998481,1
CUST_2117,43,26,27.081868861314117,8,2,98.88500815082726,Basic,0.16228272858528947,1
CUST_2118,45,29,101.59979567305344,1,1,64.36982369843072,Enterprise,0.9301559973560123,1
CUST_2119,58,14,88.36496586181055,1,0,12.73767238186675,Pro,0.33273883402262594,1
CUST_2120,57,12,107.89762850643692,5,1,45.76422388564318,Enterprise,0.867305765420216,1
CUST_2121,51,4,18.519083648907703,2,1,46.820309657281236,Pro,0.9489958882203035,1
CUST_2122,31,29,118.8755914807335,1,3,80.22633328831084,Basic,0.9863635839972112,1
CUST_2123,23,23,29.081772104242365,2,0,91.61629328261553,Enterprise,0.8035933688473706,1
CUST_2124,42,6,6.3546857729638315,2,0,8.224154328873457,Basic,0.10168654165666358,0
CUST_2125,10,10,119.70363799115873,3,2,31.403728695283228,Enterprise,0.05537872568333435,1
CUST_2126,32,18,37.32349682618801,3,1,29.843812688511495,Basic,0.7397290243395009,1
CUST_2127,43,15,81.8222370389444,1,0,99.60481249190182,Enterprise,0.8970397018001509,1
CUST_2128,53,8,25.318466130275098,1,0,55.92271166913997,Enterprise,0.1660569203039337,1
CUST_2129,30,26,71.7262812029013,4,2,87.98314961199844,Basic,0.9410674453462042,1
CUST_2130,39,9,108.96402344227431,3,2,42.60328494448239,Enterprise,0.6102277904384792,1
CUST_2131,31,5,41.82083425427044,2,1,72.27231504089364,Enterprise,0.1240093082251772,1
CUST_2132,18,10,82.07920724510132,3,1,28.65856423041461,Enterprise,0.1670336665042601,1
CUST_2133,36,20,26.608912711817897,3,0,91.17860234892335,Enterprise,0.06595547997361839,1
CUST_2134,2,6,76.8514708526534,1,2,45.51462409865338,Basic,0.14321528527456362,1
CUST_2135,14,16,43.69179045901367,3,2,80.37254973160873,Basic,0.7321239373829574,1
CUST_2136,13,24,29.28894973761444,0,1,25.58168833425648,Enterprise,0.2187663485100083,1
CUST_2137,29,27,41.01593583091804,1,0,69.36043419218791,Enterprise,0.561654145365961,0
CUST_2138,12,3,25.566722878396924,3,0,40.51584044000358,Basic,0.7210812763413564,1
CUST_2139,39,10,108.72035240135652,0,0,3.143942297454705,Enterprise,0.8952776943481349,1
CUST_2140,2,11,50.676491926469815,2,0,41.30082537590635,Pro,0.5899268687668056,1
CUST_2141,32,11,33.20712007205225,3,0,55.00216417554205,Basic,0.5697173932985962,1
CUST_2142,13,17,56.566901716832284,4,0,15.176161391317521,Enterprise,0.9128230450206024,1
CUST_2143,46,4,41.86165918274699,1,2,18.391310519261506,Pro,0.2949048816999269,1
CUST_2144,27,4,90.60821418853249,3,0,46.48627983231569,Enterprise,0.20370159129747045,1
CUST_2145,49,17,116.69028986683186,0,1,34.27297124334066,Enterprise,0.8727959651265886,1
CUST_2146,41,9,55.37387052022938,1,1,44.074053800336266,Enterprise,0.07452296070706943,1
CUST_2147,17,19,104.01884099680764,1,1,46.08269893227228,Pro,0.1896821159447294,0
CUST_2148,40,5,70.07425345935624,3,3,14.007604370275562,Pro,0.4112530479513762,1
CUST_2149,31,22,23.08210148583685,2,0,18.119457527011473,Basic,0.3612505793832864,1
CUST_2150,34,24,84.42161533935428,0,3,84.81653934794943,Enterprise,0.7060920063907306,1
CUST_2151,24,6,64.04496716946932,2,3,16.271868931048406,Enterprise,0.09180691829647747,1
CUST_2152,45,3,79.81975017399189,2,1,66.59143330082608,Pro,0.47715781719839145,1
CUST_2153,35,22,107.31405244574147,4,1,41.85280467677921,Enterprise,0.8085549298754378,1
CUST_2154,48,1,55.6499756254453,3,1,96.82366859696408,Enterprise,0.6833435371697973,1
CUST_2155,6,20,108.6354266699959,5,3,6.610436188823754,Enterprise,0.6316490624027661,1
CUST_2156,19,22,91.32693664239031,2,0,83.0388866030762,Pro,0.23935986522585906,0
CUST_2157,30,16,61.18956647596825,4,0,49.14492311026215,Enterprise,0.39363272373679337,1
CUST_2158,7,23,74.37054560066582,3,0,0.5352370864188605,Enterprise,0.1807235006429322,1
CUST_2159,10,11,42.44183023968632,5,2,26.36602189395537,Basic,0.5089250538186798,1
CUST_2160,41,13,118.11368946995903,0,0,40.76968525492695,Enterprise,0.5841682809486871,1
CUST_2161,32,27,81.74538375079554,1,0,31.41947534489251,Pro,0.631181146696609,0
CUST_2162,34,10,10.042388037112438,2,3,36.24494640139333,Pro,0.8759557404446088,1
CUST_2163,28,3,42.56151916102101,2,1,91.66719091371799,Enterprise,0.06182981936420884,1
CUST_2164,15,9,76.68115988229161,1,1,36.09340323923277,Basic,0.3883125004758621,1
CUST_2165,30,28,11.478326946912578,3,0,41.88293794027328,Enterprise,0.5909707209762183,1
CUST_2166,37,12,7.746682001701418,6,0,76.11315535781128,Enterprise,0.5701228414854154,1
CUST_2167,29,23,56.752787545697295,5,1,79.38335657483752,Enterprise,0.02170412194599558,1
CUST_2168,22,14,43.25937066465705,0,0,8.408965178669458,Pro,0.1893090734158599,1
CUST_2169,4,1,55.40433992381408,2,0,70.40700345670042,Enterprise,0.8457447822750699,1
CUST_2170,20,18,35.20973063620059,0,1,48.257195367677575,Pro,0.5153918224347395,1
CUST_2171,32,17,23.942540898442804,3,0,13.38538932376554,Basic,0.41355893230715546,1
CUST_2172,36,27,84.25148605273884,1,1,26.471056394688432,Enterprise,0.9001752658700097,1
CUST_2173,50,9,64.17567837079706,4,0,4.5035497306518675,Pro,0.07495206903961071,0
CUST_2174,4,9,28.017734293677186,2,1,36.02371888118352,Pro,0.9223103826334335,1
CUST_2175,27,23,41.752784019899806,3,1,25.540644033402415,Pro,0.027783314967244843,1
CUST_2176,17,10,73.05790938128249,0,1,38.210339738001764,Enterprise,0.5626702779632082,1
CUST_2177,12,19,13.306375051334951,2,1,58.03405475307568,Basic,0.5550911098687548,1
CUST_2178,22,29,21.95709606561065,2,1,73.23395520366199,Pro,0.6390682624733312,1
CUST_2179,17,15,13.423244472349863,1,1,60.53519865595297,Enterprise,0.02962627288679509,1
CUST_2180,10,5,98.41649326212367,4,2,67.83773022599458,Pro,0.5305188975921301,1
CUST_2181,54,15,91.52706181938106,1,1,86.56391206187934,Pro,0.11361403974255613,1
CUST_2182,1,20,91.63098716611456,1,1,87.38244434615109,Enterprise,0.15597910693528227,1
CUST_2183,22,23,87.37741449974322,1,0,86.0719348359174,Pro,0.21535487349667048,0
CUST_2184,26,25,81.97932372203496,3,0,15.316891547952661,Pro,0.6131770705436891,0
CUST_2185,56,28,59.85407026849012,2,0,25.106913359364537,Enterprise,0.3900886552892108,1
CUST_2186,59,2,78.86198880331823,0,2,50.23253049275721,Basic,0.08533742115448029,1
CUST_2187,18,13,9.411578800617086,6,1,35.8739294016027,Basic,0.2890132581361947,1
CUST_2188,50,24,76.46840860553023,2,1,13.166896827996322,Basic,0.0766213274918961,1
CUST_2189,14,16,94.45593613674087,1,1,28.77502346056514,Basic,0.664127478636259,1
CUST_2190,47,15,62.54121144420487,1,2,97.54287616656391,Enterprise,0.5574652312110355,0
CUST_2191,29,25,46.114032769132244,4,1,34.692675549653615,Enterprise,0.40768616653158063,1
CUST_2192,12,10,36.9040745021126,4,0,41.89140682959614,Basic,0.9276767888965325,1
CUST_2193,36,14,78.92223576863948,2,3,0.6401421857296974,Enterprise,0.5187250887269649,1
CUST_2194,59,10,84.67213784243951,5,1,71.94148797901987,Basic,0.8875355612101644,1
CUST_2195,35,25,105.16127398419239,1,0,41.35500655453798,Pro,0.5790850466309576,1
CUST_2196,52,14,44.36841948301393,0,0,10.314006289516108,Pro,0.3767928930583959,0
CUST_2197,12,26,93.52381534934234,4,1,96.8556738304672,Pro,0.5389968752847891,1
CUST_2198,7,23,69.55591978177387,7,2,77.74332125850869,Basic,0.15186241091842734,1
CUST_2199,29,9,106.5261964279791,3,2,72.61500894327268,Pro,0.6747534225784977,1
CUST_2200,11,25,65.69839245399638,2,0,95.78723348416695,Basic,0.9821331800466178,1
CUST_2201,33,14,64.52743026576624,1,1,40.74800845171378,Enterprise,0.24743811517426162,1
CUST_2202,6,3,71.45586436570454,2,0,71.85335402924484,Pro,0.32319764783161875,1
CUST_2203,47,20,91.17126584137996,1,1,20.62078973854511,Pro,0.4060915016164832,1
CUST_2204,15,16,115.93940506527301,1,3,69.712054745212,Pro,0.4834825924315631,1
CUST_2205,32,2,13.45978573481305,3,1,1.4079092187602837,Enterprise,0.719103004055309,1
CUST_2206,51,10,11.144979274966975,3,0,12.630538044061412,Basic,0.1366731383590658,1
CUST_2207,11,3,112.81828880184393,6,0,42.52589186028485,Pro,0.30246554249644686,1
CUST_2208,58,11,65.9356969345937,3,1,1.2092694806008164,Pro,0.5386705050648336,1
CUST_2209,23,11,75.71384667519764,1,1,46.19658554504193,Basic,0.5895774046583214,1
CUST_2210,26,21,60.47871418339382,4,0,52.279174906500394,Pro,0.5366302213422235,1
CUST_2211,34,21,15.770607049859567,3,1,62.160659758708206,Pro,0.43548889553855874,1
CUST_2212,46,22,93.33027851814666,2,3,10.038667699361635,Pro,0.711475057002065,1
CUST_2213,34,13,90.93083418518749,7,3,18.101191312721234,Basic,0.20447472366303165,1
CUST_2214,29,7,40.84588197167338,1,2,61.32833707171951,Pro,0.28272767515070696,1
CUST_2215,4,23,40.217513201266044,0,2,65.81877124626394,Enterprise,0.4444834844644162,1
CUST_2216,17,17,101.35175880413463,1,0,2.5900228210276266,Basic,0.6955029638068156,1
CUST_2217,35,2,13.321084640252561,2,1,54.03673621150382,Pro,0.08235083368626483,1
CUST_2218,13,12,106.32709206100508,5,1,78.49817319988325,Enterprise,0.11567099115398971,1
CUST_2219,41,25,34.51609433803016,1,0,6.910087778539409,Enterprise,0.7824083350258016,1
CUST_2220,39,10,73.1932459918818,2,0,41.317286524651976,Enterprise,0.26095495777442546,1
CUST_2221,15,18,112.63933058520443,1,2,32.651127303010185,Enterprise,0.9634867823467156,1
CUST_2222,55,22,82.98408767671434,2,0,91.36656253520167,Enterprise,0.9614049260916092,1
CUST_2223,29,27,52.65942843370921,1,1,18.580239320645532,Pro,0.6859449862317413,1
CUST_2224,29,11,84.29643402412275,0,1,31.836041314448018,Enterprise,0.7168732210673109,1
CUST_2225,11,16,44.557658176382574,1,1,89.8444744991303,Basic,0.6510002248370924,1
CUST_2226,52,17,36.8847178801564,4,1,33.065330605997275,Pro,0.17733093707707037,1
CUST_2227,32,19,119.61857696248816,0,3,53.134744058559434,Pro,0.5004556534821065,1
CUST_2228,2,18,91.34087658567559,2,1,3.303533723087937,Enterprise,0.7930162112492182,1
CUST_2229,47,3,79.14279739890902,3,3,98.49024361750361,Enterprise,0.7746781034227442,1
CUST_2230,14,21,45.85830897022166,1,2,82.49467078711895,Pro,0.8987706627998243,1
CUST_2231,20,27,10.65349535283054,2,4,63.44009447466763,Basic,0.9007981743673962,1
CUST_2232,22,26,8.571540744042895,3,2,6.07552730899803,Pro,0.2614854366570286,1
CUST_2233,11,16,68.73084437661186,4,0,7.486996137278068,Pro,0.7217205113769878,1
CUST_2234,27,6,92.63376291949088,3,0,54.497363079068975,Enterprise,0.651339937579549,1
CUST_2235,3,25,66.79860690104334,5,0,28.506443620343425,Basic,0.8858301746052077,1
CUST_2236,17,12,101.69028327299817,1,1,62.278944750317336,Enterprise,0.1834743931396169,1
CUST_2237,44,11,8.844051305720487,2,0,59.81924818477724,Enterprise,0.7397925765003259,1
CUST_2238,56,15,47.176488788983114,2,1,83.86513982792978,Enterprise,0.42333211051105935,1
CUST_2239,28,15,32.26309498503048,2,0,28.137706071264233,Enterprise,0.39448551710436297,1
CUST_2240,29,16,56.436391338069036,3,0,57.786352449099255,Basic,0.03579098191066621,1
CUST_2241,21,10,13.323285217324084,2,0,77.73633188387609,Enterprise,0.9614604152433822,1
CUST_2242,47,12,114.72513878067335,2,1,49.077298632232626,Enterprise,0.6757685421486537,1
CUST_2243,16,28,30.674371122976506,5,1,83.06436649389445,Basic,0.5907022921040811,1
CUST_2244,37,13,111.06539418061224,2,0,13.127620157377295,Pro,0.25116582062833004,1
CUST_2245,59,4,53.977712829218405,2,1,73.38977651471433,Enterprise,0.658445402900277,1
CUST_2246,20,7,118.33527532435008,3,0,94.29820915209784,Pro,0.9456027918015356,1
CUST_2247,6,22,68.71671409792424,1,0,33.18833209935661,Enterprise,0.16328775550279317,0
CUST_2248,19,2,112.04577938021785,3,0,36.63364424119649,Enterprise,0.9838086177856292,1
CUST_2249,57,26,5.615133699835627,1,1,8.35496771908547,Basic,0.4274293407717954,1
CUST_2250,5,27,91.04746271080352,2,3,64.14927795747117,Basic,0.9782291189500214,1
CUST_2251,3,27,108.85082510678927,2,1,55.24507256348702,Pro,0.6338675573250938,1
CUST_2252,59,27,21.067865202579718,2,0,4.034575873236779,Enterprise,0.3241067862278152,1
CUST_2253,1,15,16.05447294919742,2,0,75.22120269713118,Basic,0.37444397245315153,1
CUST_2254,58,8,53.82584982638489,5,1,82.9284495745025,Enterprise,0.2905548271182724,1
CUST_2255,38,7,112.37307420528754,3,1,90.7119604140754,Enterprise,0.3347770411164446,1
CUST_2256,15,15,67.37445442190045,0,4,54.57340861706421,Pro,0.6465358657016368,1
CUST_2257,34,23,65.65749332799919,1,1,45.25800349017574,Enterprise,0.016605105741537285,0
CUST_2258,35,14,21.229503604422014,1,1,87.61371545320775,Basic,0.9676311587593183,1
CUST_2259,49,8,5.090793775720161,0,0,39.8696819068139,Pro,0.7685280549977632,1
CUST_2260,25,28,98.16611043572804,2,1,65.54431252345617,Basic,0.9410092950547375,1
CUST_2261,24,12,15.071074743417396,4,1,61.53622564009263,Pro,0.7175430606957452,1
CUST_2262,12,13,77.89272915456226,3,0,37.21610998185119,Pro,0.4810336585170709,1
CUST_2263,18,11,110.18089226924702,0,0,8.688993756604813,Enterprise,0.18972745554670956,1
CUST_2264,15,17,28.994970013219568,1,1,2.1415538670685685,Pro,0.5163215475414458,1
CUST_2265,44,29,81.50637616724474,3,2,42.82377405353872,Pro,0.7116955497571892,1
CUST_2266,16,17,14.050336321363588,3,0,48.12015748233568,Enterprise,0.854182697316131,1
CUST_2267,27,24,74.4318415413255,2,0,82.26782681898919,Pro,0.32413109117931815,1
CUST_2268,8,4,23.852147909618317,1,1,41.44116499114712,Pro,0.5104807967433951,1
CUST_2269,46,21,89.63465945924547,1,2,28.115987473346927,Basic,0.6199808629150263,1
CUST_2270,25,8,39.641598901299446,0,4,46.20964680751533,Basic,0.5885928151136209,1
CUST_2271,17,5,58.289966012534315,3,0,23.799048042402116,Enterprise,0.05237277677739893,1
CUST_2272,29,26,73.9345123331765,2,3,9.136061111495653,Pro,0.48339383254268975,1
CUST_2273,53,16,24.696442226617553,2,1,11.304303368610725,Enterprise,0.8090313072396111,1
CUST_2274,8,4,90.2883491410264,3,0,31.91544598969276,Enterprise,0.8023038390415947,1
CUST_2275,15,28,39.80363917323368,1,1,1.2676417558490694,Enterprise,0.5071421952334765,1
CUST_2276,27,22,81.17276388996665,1,1,22.020328668123813,Basic,0.9523563824024377,1
CUST_2277,46,29,23.20255083042797,3,1,78.75231409323538,Enterprise,0.8262302779289088,1
CUST_2278,50,15,84.13353080873028,3,0,23.461719243031087,Pro,0.737326905192646,1
CUST_2279,52,12,19.7416283732031,3,1,11.072951103951588,Basic,0.5156007789650536,1
CUST_2280,7,5,53.91599707104812,1,0,94.90805599945391,Basic,0.5906763448059532,1
CUST_2281,3,23,33.42869847997083,0,0,62.24701163516194,Basic,0.22323518274819976,1
CUST_2282,29,16,91.063153684241,3,2,6.002594943566586,Pro,0.5324069357108697,1
CUST_2283,44,14,35.13402551829057,2,0,6.2243966494902825,Enterprise,0.5260218124724652,1
CUST_2284,53,10,106.39749023547057,2,2,61.21221256991697,Enterprise,0.20276246357229055,1
CUST_2285,24,7,107.55932431176048,3,2,54.01288020649117,Basic,0.951148303091929,1
CUST_2286,58,13,27.59075125062037,2,3,6.837477239298484,Basic,0.24475214893346642,1
CUST_2287,3,20,75.5922836758883,6,3,22.431547497333536,Enterprise,0.10422247104014648,1
CUST_2288,20,28,15.087528797795898,1,2,92.90429144855882,Pro,0.46700920763132137,0
CUST_2289,46,29,50.02676645418736,3,2,57.201081048101734,Basic,0.68607353791799,1
CUST_2290,15,5,87.03199889264631,3,1,44.03253981478302,Basic,0.19515186755821212,1
CUST_2291,25,29,80.83367338774038,1,1,25.015541192036604,Pro,0.18289157981497073,1
CUST_2292,30,3,76.84057698175991,1,0,13.3698042301871,Basic,0.26147032558817385,1
CUST_2293,14,15,37.49219932118101,1,0,40.26316841106811,Pro,0.30271738804423864,1
CUST_2294,7,4,48.47286918495623,1,0,92.23665593313005,Enterprise,0.24620005278220447,1
CUST_2295,17,15,16.83880664053291,3,0,4.8711395677541685,Enterprise,0.47069865549289314,1
CUST_2296,44,14,87.68762434986411,2,2,99.09788159428666,Basic,0.018263105122721,1
CUST_2297,20,20,62.947211630996456,2,0,20.78127202020078,Enterprise,0.08751669408653406,0
CUST_2298,36,19,86.50804771975028,0,1,40.876736039900926,Pro,0.7293644723926,1
CUST_2299,9,13,33.62850535164037,1,3,4.505130816571756,Basic,0.4123399357926266,1
CUST_2300,38,10,42.31039629303262,5,2,58.47822031080313,Pro,0.36031719202584234,1
CUST_2301,48,21,43.43476378491319,0,1,48.355526540099156,Enterprise,0.010444781667369507,1
CUST_2302,57,5,7.960377120929863,2,0,66.67070347347799,Enterprise,0.29821787685257783,1
CUST_2303,22,27,44.22050537552171,5,1,54.26781272914726,Enterprise,0.8211863754087236,1
CUST_2304,54,23,97.38002595457385,1,0,39.8177784647069,Basic,0.3403672646902819,1
CUST_2305,53,20,108.18932701121993,1,0,73.77566978116707,Pro,0.9636934535128172,1
CUST_2306,53,29,64.59510629813167,2,1,2.5021127786957753,Basic,0.38995894354309457,1
CUST_2307,2,20,57.38269495021033,1,5,54.10290208745951,Enterprise,0.4641289012845988,1
CUST_2308,24,25,8.54483115042758,0,0,11.38762038290093,Enterprise,0.8019094699754497,1
CUST_2309,8,6,106.108498822319,3,1,43.60083330858333,Basic,0.9830243032524897,1
CUST_2310,11,4,6.496174543975362,0,0,79.11253168580164,Pro,0.37159680026135655,1
CUST_2311,13,2,113.64625922417436,1,2,14.246074626040016,Enterprise,0.1199361107017638,1
CUST_2312,17,22,61.25986859913043,2,1,93.58103487724853,Pro,0.5230572978088127,1
CUST_2313,8,16,44.32246676109356,2,1,88.85046923914045,Enterprise,0.5917608615621865,0
CUST_2314,21,18,111.28512000690591,0,1,41.49050708666985,Basic,0.9594564697250003,1
CUST_2315,18,5,7.804964207661125,3,1,0.597484072593657,Enterprise,0.4139225155141535,1
CUST_2316,30,22,71.86386290994501,2,1,78.9744826674486,Basic,0.09081039804867896,0
CUST_2317,18,4,68.12724031742383,0,0,88.08958034122828,Basic,0.6509347319025415,1
CUST_2318,46,13,30.221846139308937,3,0,17.473809235543257,Basic,0.021112125523090053,1
CUST_2319,47,19,54.32205460527422,3,0,91.6192208816557,Enterprise,0.4254182773683377,1
CUST_2320,31,23,80.01036068353358,2,2,91.40972772946961,Pro,0.4096466323595017,1
CUST_2321,38,2,88.62008764142166,4,1,47.129085103419044,Pro,0.2548190862993588,1
CUST_2322,32,13,5.082438751256674,1,2,79.80348107978419,Enterprise,0.9643090562840883,1
CUST_2323,11,11,112.73814446046676,2,0,44.49479782719884,Basic,0.4034084145899768,1
CUST_2324,45,22,23.920417825173427,3,1,56.404626591861785,Pro,0.8947071146961418,1
CUST_2325,25,29,31.861749935571307,2,0,31.983900980976333,Pro,0.5151105476965253,1
CUST_2326,33,4,35.29944625479254,4,0,15.946934532082446,Enterprise,0.8205361672715558,1
CUST_2327,38,22,9.349315703484061,1,1,74.65365838140319,Basic,0.4513952226603575,1
CUST_2328,41,20,19.150994212887365,1,1,0.1392844519135683,Pro,0.991537186462786,1
CUST_2329,8,20,118.43024113857864,5,0,57.95526896487815,Enterprise,0.640029064525529,1
CUST_2330,11,15,41.249924798387894,3,0,86.46860263784637,Enterprise,0.15594700393856065,0
CUST_2331,22,4,18.259625388990674,2,2,22.127728677645052,Basic,0.006430822092133193,1
CUST_2332,51,9,17.303995035081684,5,1,33.28994567980024,Enterprise,0.9289003666259286,1
CUST_2333,24,7,87.73789628204676,4,0,58.74858528644628,Basic,0.6868008302128517,1
CUST_2334,41,19,103.2753963637537,4,3,24.68702465311401,Pro,0.106290671006532,1
CUST_2335,17,19,34.54951444347404,5,1,84.7486857330783,Enterprise,0.7434869527878738,1
CUST_2336,12,6,7.404593918552021,3,2,36.660316711255504,Pro,0.22714860426811345,1
CUST_2337,57,6,30.65535212121592,3,0,58.161371981988616,Basic,0.8092303917375049,1
CUST_2338,46,20,11.499304441627093,1,0,22.612114759920875,Basic,0.6099226714037416,1
CUST_2339,32,15,16.890417712454774,5,1,4.138633699098571,Basic,0.12365997833817566,1
CUST_2340,15,15,54.62343378247887,8,0,17.370026601366064,Enterprise,0.07094912925038821,1
CUST_2341,16,25,31.440612649087747,0,2,4.6198937608803226,Enterprise,0.46611800025385264,1
CUST_2342,54,20,64.33377603042369,2,2,46.86038996132192,Enterprise,0.9368934580090519,1
CUST_2343,22,9,34.15178162457689,0,1,58.66373909180494,Pro,0.5646326962448932,0
CUST_2344,28,4,113.16178962683898,0,1,4.467520768545274,Pro,0.7591088655687628,1
CUST_2345,20,18,109.18355631152042,2,0,9.048222153793283,Enterprise,0.4694733125606825,1
CUST_2346,33,18,70.1827020762036,0,2,48.552502681035094,Pro,0.3840805947209499,1
CUST_2347,10,5,45.75875907854941,2,2,79.91799322009761,Basic,0.8222074993042553,1
CUST_2348,40,20,48.83189143399459,2,0,62.80091789157193,Enterprise,0.4633865494250503,1
CUST_2349,32,23,52.36301256161715,3,3,10.471022010386942,Basic,0.1415427075977641,1
CUST_2350,50,11,88.67162204551856,1,0,88.75422738414947,Basic,0.2745204912790744,1
CUST_2351,33,5,56.93848448466636,1,0,91.74502347897467,Basic,0.5613834115406873,1
CUST_2352,2,22,103.5239438481782,0,0,32.49568278494609,Pro,0.40257713757209745,1
CUST_2353,33,26,113.57090038199192,4,0,61.60177918813622,Basic,0.36639291031559196,1
CUST_2354,33,4,43.633807638577395,1,1,49.23271501847118,Pro,0.6687642296629291,1
CUST_2355,41,29,69.47986535820321,1,0,94.20237686298222,Basic,0.6363204058898986,1
CUST_2356,13,12,15.93150173574491,2,0,50.87485329487358,Enterprise,0.3140261097027187,1
CUST_2357,30,2,28.053940493131282,0,1,95.99658137120642,Basic,0.3594266048828204,1
CUST_2358,33,13,52.54856317166841,2,1,19.93425505302061,Basic,0.7520664439290609,1
CUST_2359,13,10,28.713312328704568,2,3,34.553675769567995,Enterprise,0.921287581901002,1
CUST_2360,52,9,105.80445644070252,2,0,78.13452400961374,Pro,0.32421474986401844,1
CUST_2361,26,10,23.20291944679628,0,0,78.36107355933677,Enterprise,0.2918775693816369,1
CUST_2362,22,7,57.400994478605575,4,1,73.21832739567051,Basic,0.2652800198530112,1
CUST_2363,39,4,74.6554126528857,5,1,85.96114646653041,Basic,0.14150689957878881,1
CUST_2364,2,19,84.5643494384971,2,2,70.25461729438122,Pro,0.37717422549608215,1
CUST_2365,38,10,49.052977518548275,1,2,63.608514447223385,Basic,0.516006116448469,1
CUST_2366,39,3,104.94639290334378,1,0,45.89250130775121,Basic,0.5374332554283513,1
CUST_2367,26,25,70.35670237396144,2,1,46.70877433293269,Pro,0.6910303369320828,1
CUST_2368,46,21,55.543394751468455,1,1,40.616149320424164,Pro,0.05255183528288965,1
CUST_2369,58,29,12.73267291598421,2,0,62.021179970382036,Pro,0.5614087378215888,1
CUST_2370,50,19,58.43928887119397,3,0,40.666392923299355,Pro,0.2549889618917829,1
CUST_2371,15,21,99.38462169380898,2,1,14.749431408659696,Basic,0.23912349660014576,1
CUST_2372,34,2,75.67221709545127,2,0,10.652961620864676,Pro,0.7897259296955345,1
CUST_2373,42,27,100.69868217884861,1,4,92.44722752437778,Pro,0.15347724320977085,1
CUST_2374,55,20,61.811342118920145,5,2,2.4738907537883104,Basic,0.3291001486756373,1
CUST_2375,44,10,18.623096085865413,0,1,10.546726180565248,Pro,0.6376383569039152,1
CUST_2376,49,2,6.568582271126323,3,1,44.53048746455867,Basic,0.6428733700148388,1
CUST_2377,40,2,39.87024787263799,0,0,26.29262669043798,Pro,0.048087936291525746,1
CUST_2378,11,28,85.26890422224614,2,0,40.584890040214596,Pro,0.07255885034049636,1
CUST_2379,3,24,95.87988895329478,3,0,11.744738159388335,Enterprise,0.6553632525265715,0
CUST_2380,59,17,39.011575981337884,2,2,13.090693684737397,Basic,0.9531510766999531,1
CUST_2381,6,16,62.000200901573415,2,0,80.06579087251153,Pro,0.9985031135900024,1
CUST_2382,9,16,53.42867400991938,2,0,75.91087441003039,Enterprise,0.9871098343894974,1
CUST_2383,6,14,52.2101202004142,3,1,10.425286572461435,Enterprise,0.35158021336790146,1
CUST_2384,9,7,31.605102018017305,2,3,66.779041489902,Basic,0.24181025192121908,1
CUST_2385,39,21,20.682677078387712,0,2,60.931132335548334,Enterprise,0.0986493541968052,1
CUST_2386,31,11,27.619184196589508,1,2,71.33627226802297,Basic,0.3258268296965062,1
CUST_2387,32,24,11.363224523784801,4,3,47.444890456247414,Enterprise,0.2768536448369533,1
CUST_2388,41,1,27.78503530971136,2,0,26.998682753344085,Basic,0.5767962113430665,1
CUST_2389,50,11,6.058103226918638,2,1,66.36791693565279,Pro,0.36878549698181884,1
CUST_2390,12,23,77.1347160731375,1,0,37.1357426522822,Basic,0.23152990725002964,1
CUST_2391,8,21,41.38317184958353,1,0,21.895290101216048,Enterprise,0.6125449217724704,1
CUST_2392,8,4,116.9116418140945,2,1,40.86290137192832,Basic,0.32306766634784634,1
CUST_2393,50,7,27.277460839274255,1,0,76.3269835600954,Pro,0.3536401600940554,1
CUST_2394,28,26,44.7702855856033,1,0,47.57931965362019,Pro,0.5984405314204703,1
CUST_2395,20,15,46.15173324377632,3,2,29.98642634334221,Enterprise,0.11821856026558497,1
CUST_2396,47,18,5.971922047182962,3,0,83.18686148238282,Enterprise,0.7742491527392354,1
CUST_2397,59,12,101.50891459953777,1,3,88.16437551809348,Enterprise,0.9654344107708936,1
CUST_2398,7,17,8.679362916597343,3,1,43.32504237726747,Pro,0.49082658165166126,1
CUST_2399,11,1,113.12068099386276,3,0,37.46880207268946,Pro,0.5598589200933323,1
CUST_2400,20,11,107.58855037576637,2,2,61.2698947018965,Enterprise,0.38464293171409936,1
CUST_2401,16,28,66.58502034988581,1,3,5.797444605791302,Pro,0.9567182397801366,1
CUST_2402,4,1,67.5134911147986,3,0,69.13231605675972,Pro,0.13294451109791994,1
CUST_2403,6,15,80.18446113995797,2,1,78.22876053772468,Enterprise,0.8135218605058179,1
CUST_2404,58,28,49.510751372512004,2,0,39.74419272571716,Pro,0.650425828541997,0
CUST_2405,22,21,79.43056259075338,2,2,17.461585000739642,Enterprise,0.7914962726227429,1
CUST_2406,26,10,10.148364699175989,3,1,2.8818375140863495,Pro,0.9504595765288798,1
CUST_2407,3,7,11.215477145218555,1,0,63.72455994870999,Basic,0.4961523106894107,1
CUST_2408,41,2,57.5814982562476,3,2,26.899340663490978,Basic,0.28833036248421084,1
CUST_2409,42,10,68.20656462719401,1,0,46.38895871212843,Pro,0.7795116392775024,1
CUST_2410,14,24,107.09902863861919,5,0,38.63555216575308,Pro,0.8445705061957617,1
CUST_2411,11,4,17.035972899408073,2,2,17.488479594746266,Basic,0.6862552354176131,1
CUST_2412,18,12,99.60451162729727,1,0,50.83686684607041,Enterprise,0.849001603880001,1
CUST_2413,54,19,29.155443788588002,2,2,45.959352274073794,Enterprise,0.7303273105093909,1
CUST_2414,12,26,50.319619578653665,2,0,62.414762286983226,Basic,0.9574730204892701,1
CUST_2415,23,11,41.40928000515248,1,2,25.188499452978675,Enterprise,0.5706810332125372,1
CUST_2416,12,8,51.017856379520886,0,0,21.46390798534058,Enterprise,0.380473413202119,1
CUST_2417,13,18,22.306982278347338,2,2,81.43450597564721,Basic,0.6805204802049846,1
CUST_2418,25,11,62.910558556408816,3,1,70.21922449640415,Basic,0.06911434923291393,1
CUST_2419,45,11,97.18889783060723,1,0,77.22064516915633,Pro,0.498390710081955,1
CUST_2420,51,13,55.776411193573146,2,1,12.328981175502808,Basic,0.7734005092954401,1
CUST_2421,58,3,61.4205612282929,4,1,22.403964332701765,Basic,0.16896385019631077,1
CUST_2422,19,12,102.60827230735114,2,0,57.553151620363984,Enterprise,0.40040709443673794,1
CUST_2423,55,3,86.19668318337354,2,1,85.72013468729081,Enterprise,0.3502866995066858,1
CUST_2424,46,10,61.402256979775245,2,1,89.21146431684701,Pro,0.33496903493299546,1
CUST_2425,36,27,34.63499954175566,2,0,83.19099622549273,Enterprise,0.6506265890801969,1
CUST_2426,45,17,106.76657588717116,3,0,4.3397946084427375,Enterprise,0.49749607699350573,1
CUST_2427,8,22,71.3573461944142,2,2,82.08791846557263,Enterprise,0.7973153048294542,1
CUST_2428,29,2,30.43197516272974,1,1,89.90911775210817,Basic,0.0578494058027732,1
CUST_2429,55,17,35.94877155337119,2,2,5.6749090152652055,Enterprise,0.4539092327286983,1
CUST_2430,53,16,97.36030522766828,2,2,41.62808937769881,Basic,0.01399872163024718,1
CUST_2431,55,2,10.076739640057378,1,2,53.661032329670164,Enterprise,0.22085981454302228,1
CUST_2432,32,28,119.09060150831431,2,0,23.275037288349964,Basic,0.7753758700131032,1
CUST_2433,51,22,19.990443167201054,0,0,51.66856560371106,Enterprise,0.10605093049446124,0
CUST_2434,44,20,96.5478804206478,4,0,88.59557879610645,Pro,0.10557928404306682,1
CUST_2435,18,6,50.39916142874353,3,1,86.69425063457645,Pro,0.401438424420296,1
CUST_2436,6,28,61.60486107805869,2,2,93.98372812574809,Pro,0.7769416245531395,1
CUST_2437,18,25,106.27481640842646,5,1,48.41097983945421,Enterprise,0.6380228763799709,1
CUST_2438,19,29,52.48478680275952,4,1,41.05669452939201,Pro,0.7817552802488359,1
CUST_2439,22,10,66.81178167242197,2,2,66.57878190323534,Basic,0.04954842852576691,1
CUST_2440,37,28,10.669461177054544,1,2,41.67605776010341,Pro,0.5637257079286072,1
CUST_2441,32,10,5.269959494757113,0,0,4.194459600085776,Pro,0.4532926653399221,1
CUST_2442,56,8,33.15198539519848,0,0,71.9921452170455,Pro,0.8960213292888373,1
CUST_2443,41,1,83.26705568565824,2,2,28.09839412828238,Pro,0.7373393157520229,1
CUST_2444,59,13,18.94546273630072,0,1,4.908531226719049,Basic,0.4243410483565139,1
CUST_2445,3,24,18.082625262523184,4,0,2.0621076526904147,Pro,0.5538491304285695,1
CUST_2446,28,9,52.26046992412888,1,1,93.13612685773181,Enterprise,0.4248333124131186,1
CUST_2447,10,22,79.50125943994605,2,2,25.20760086441689,Pro,0.44114695078684996,1
CUST_2448,51,10,86.88827910851201,3,0,44.789919252306355,Enterprise,0.6340823618232819,1
CUST_2449,35,15,25.5218275213131,2,0,95.05764528988554,Enterprise,0.21653478824213523,0
CUST_2450,29,5,14.152636947784881,5,1,46.75169787807252,Pro,0.33318385245386073,1
CUST_2451,54,22,113.14565890373758,1,1,7.860932352631133,Pro,0.2791589280594491,1
CUST_2452,15,16,34.9766339946417,0,0,55.193604724665924,Enterprise,0.8008024032785694,1
CUST_2453,33,13,103.13484722500324,3,0,8.81986534540652,Basic,0.9419435103574835,1
CUST_2454,7,22,104.3015168032241,2,1,9.508787837353639,Basic,0.41430059741276526,1
CUST_2455,12,25,93.84009805269261,3,0,85.14770738024598,Pro,0.07710116753437513,0
CUST_2456,49,20,24.41586476504556,2,2,28.942154336458948,Basic,0.0935509826226042,1
CUST_2457,30,18,99.50716781423304,0,2,67.86702001124362,Basic,0.39958895333874167,1
CUST_2458,21,11,93.46381431278247,2,0,50.89243353286618,Pro,0.39498447529691816,1
CUST_2459,31,27,73.62314386221496,1,1,22.232669120441418,Enterprise,0.14615639456356622,0
CUST_2460,58,9,43.77823404442957,3,0,51.782029865320766,Enterprise,0.8071234173690545,1
CUST_2461,24,16,35.18848949065257,3,3,6.899353589975277,Basic,0.5001347645032624,1
CUST_2462,20,2,19.017259389241282,1,1,34.72123495897094,Enterprise,0.1090598623102117,1
CUST_2463,37,26,63.62206269360021,0,0,52.28362250204916,Pro,0.09872020850276453,1
CUST_2464,4,25,72.30500068363234,3,1,22.8394338085652,Basic,0.4459644839448653,1
CUST_2465,28,2,46.32398390931553,1,3,66.01881301813604,Enterprise,0.11683646325072872,1
CUST_2466,44,12,59.66629278329988,6,1,5.181192169630677,Basic,0.5611961203125979,1
CUST_2467,20,8,46.80416259746567,2,1,48.48098978706269,Enterprise,0.38501563486320667,1
CUST_2468,24,9,78.71569659188064,1,1,71.49957812893834,Basic,0.9196743423336451,1
CUST_2469,50,12,108.64480889660479,2,1,42.99460589567728,Enterprise,0.41891010211430346,1
CUST_2470,49,26,23.85083013539866,2,0,87.4586415318938,Enterprise,0.6144301630724299,1
CUST_2471,51,9,48.8620131388592,0,1,63.219278124066555,Pro,0.8113541510573855,1
CUST_2472,32,10,21.19988945434905,3,0,95.84929160587377,Pro,0.30287613117355194,1
CUST_2473,41,25,76.86853359690068,1,2,28.412181277497872,Pro,0.5118885000256153,1
CUST_2474,36,2,88.82010859118851,2,2,93.87893308547471,Basic,0.12093998581723209,1
CUST_2475,58,16,112.16996424870743,2,2,60.68225898856967,Basic,0.43276939769711287,1
CUST_2476,53,20,37.07027152001096,3,2,74.51788992133986,Basic,0.37582132382649847,1
CUST_2477,34,7,114.27428867452447,1,0,90.2161117043447,Enterprise,0.42818907279574214,1
CUST_2478,36,28,12.275207259377602,1,2,55.119718799182095,Enterprise,0.10741024569582436,0
CUST_2479,2,2,74.34659428692764,2,4,86.21807919496653,Enterprise,0.3984006820853855,1
CUST_2480,15,1,11.570262724482948,1,3,54.16969395880553,Basic,0.8702668270108319,1
CUST_2481,34,19,107.78403159262366,3,0,59.91989276172377,Pro,0.9370550941381522,1
CUST_2482,36,28,65.92804156305621,1,0,44.509857289738555,Basic,0.24172734245411875,0
CUST_2483,6,4,81.97506033772154,4,0,14.563855184010288,Basic,0.30050128769077755,1
CUST_2484,39,24,100.63100147970204,0,2,55.35032333488667,Pro,0.00955649430665284,1
CUST_2485,42,22,22.285721585656407,2,2,97.7448230266181,Pro,0.11558094430478594,0
CUST_2486,51,27,9.438029622885391,5,0,78.71859957322843,Basic,0.3451196448203824,1
CUST_2487,51,2,106.071331779978,3,2,74.74984847534364,Enterprise,0.6851087471671513,1
CUST_2488,58,25,41.217321157777235,3,0,64.33088027296296,Enterprise,0.29220423234941373,0
CUST_2489,54,14,19.832574411624005,2,0,34.790867348724454,Pro,0.07539725275349596,1
CUST_2490,12,2,58.87304226501495,4,2,16.961519447837848,Basic,0.7308677435506759,1
CUST_2491,3,29,73.80519870504216,3,1,22.45516016426898,Enterprise,0.4667653716540421,1
CUST_2492,45,15,8.561619393588664,0,1,0.6322089542650122,Enterprise,0.5191972069996917,1
CUST_2493,18,12,36.61300069956509,1,0,67.34804208983547,Pro,0.3260250829352579,1
CUST_2494,40,5,8.77198554184304,6,3,81.18775585564337,Basic,0.6130441902629827,1
CUST_2495,21,28,53.33856975748238,4,0,26.891135119805977,Pro,0.8907793351906866,1
CUST_2496,15,20,107.9365033426181,5,0,9.185039964427189,Basic,0.5537584702844872,1
CUST_2497,33,29,118.00502732176045,3,0,33.57270678219179,Basic,0.5875162560311447,1
CUST_2498,35,7,78.26046865291717,3,1,29.20512294169779,Basic,0.373562515187824,1
CUST_2499,26,24,23.588334785228056,0,1,45.08763607777318,Basic,0.08263079234713866,1
CUST_2500,8,21,109.17267984992016,2,1,26.410205432101098,Basic,0.4285414378823681,1
CUST_2501,36,10,64.36849966800696,2,1,33.97327053450291,Basic,0.9246393070104976,1
CUST_2502,48,14,22.68117089183558,3,2,90.75547793492427,Enterprise,0.6802150504513816,1
CUST_2503,30,14,110.99856698694106,1,1,33.48353528896062,Enterprise,0.4902197852428105,1
CUST_2504,23,5,92.10894083315685,5,1,78.5518046729897,Enterprise,0.6208832856797797,1
CUST_2505,42,18,89.14610636316243,7,2,62.58337002244594,Enterprise,0.558536808497461,1
CUST_2506,44,24,86.55578093635654,3,0,33.75379456313738,Basic,0.9124031236746956,1
CUST_2507,14,14,28.03907942609087,2,0,81.77882697803504,Enterprise,0.22384778308795716,1
CUST_2508,14,2,29.265769546365497,4,1,59.50760695962649,Basic,0.888686327967015,1
CUST_2509,2,26,84.15369481913433,1,2,0.8618727598900366,Pro,0.6884708823624492,1
CUST_2510,55,12,30.268116262695642,0,0,6.872820157239978,Pro,0.12774642015359572,1
CUST_2511,37,22,55.447245132350616,2,0,75.26395594523188,Enterprise,0.37190468541173327,1
CUST_2512,5,24,94.93020994330325,2,1,44.652778958519434,Basic,0.43629889323116344,1
CUST_2513,38,6,95.15453958125171,0,0,40.550779174354055,Enterprise,0.08293362739418819,0
CUST_2514,45,4,57.125103840473855,2,0,14.582718419580798,Basic,0.5541992097841075,1
CUST_2515,41,13,96.10184290165319,0,1,15.731859396127025,Enterprise,0.2593639385972847,1
CUST_2516,54,4,101.44150656277652,1,0,79.77524500959005,Pro,0.4581277239804552,1
CUST_2517,47,22,80.29921139768993,0,0,82.90171339614552,Pro,0.4387679671562884,1
CUST_2518,14,14,31.26897301546832,2,0,56.00025406387292,Enterprise,0.5216741693520286,0
CUST_2519,56,16,36.511354744337964,1,1,29.512780980568742,Enterprise,0.8462072599272873,1
CUST_2520,39,29,41.206732872004565,1,1,93.27008166678303,Basic,0.7807611993113608,1
CUST_2521,25,4,18.43247238940448,0,1,62.39623909952267,Pro,0.8730014042972583,1
CUST_2522,20,24,36.41335634254369,0,4,79.66421194517882,Enterprise,0.5723474138232977,1
CUST_2523,2,25,29.094710795941193,1,0,0.32829202882154185,Basic,0.6158050884014263,1
CUST_2524,39,1,57.362806227989246,0,0,45.03196008753605,Pro,0.43048645710812006,1
CUST_2525,6,13,109.47031800531047,7,0,87.09490863199558,Basic,0.7172190950894763,1
CUST_2526,17,4,17.01523642670518,1,0,33.82332832327213,Pro,0.204895304563796,1
CUST_2527,59,20,87.83081125395049,4,1,72.6551176872281,Pro,0.47518365840138976,1
CUST_2528,25,18,84.03754550750969,2,1,65.76748251286455,Basic,0.7141731373855776,1
CUST_2529,57,6,16.01173284628613,4,2,15.221836635429941,Basic,0.7778789113093407,1
CUST_2530,28,3,111.09582656416701,2,1,77.49038272544051,Pro,0.24794976984535988,1
CUST_2531,2,23,70.37430324803425,2,1,11.25267903127989,Pro,0.18154870231899045,1
CUST_2532,35,13,46.828434930603684,2,2,72.79140965719407,Basic,0.2885340472883128,1
CUST_2533,37,27,92.00193710196027,4,3,99.09683367790943,Enterprise,0.9201555843727952,1
CUST_2534,5,16,34.59702771618792,1,1,95.79814318117627,Basic,0.1291204367369374,0
CUST_2535,1,27,84.75363126032684,2,1,80.02417430570047,Enterprise,0.9530951580921013,1
CUST_2536,40,5,9.56678887080843,3,2,53.45174242297021,Basic,0.9948126059744724,1
CUST_2537,12,4,101.53192432506627,5,1,67.48245758207399,Enterprise,0.7834443102846542,1
CUST_2538,56,21,56.539647407451625,1,0,72.81083903440927,Enterprise,0.7604225468908583,1
CUST_2539,36,8,78.2196851511633,2,4,0.8401524278238703,Pro,0.953286530600662,1
CUST_2540,45,19,30.44234927776862,0,2,10.236622095295644,Basic,0.2905353295396381,1
CUST_2541,23,14,82.86347695572151,3,1,59.70591320788624,Basic,0.12898220568379293,1
CUST_2542,47,7,93.80763172772681,3,2,0.6534540142909107,Basic,0.8231003749624403,1
CUST_2543,31,14,59.419516491705856,0,1,90.89056507734973,Enterprise,0.17093004956661462,0
CUST_2544,11,6,76.03859626710634,1,2,48.96627132250778,Enterprise,0.04540991470843547,1
CUST_2545,10,12,57.47748123957584,0,2,25.77670756051217,Pro,0.1964614875244386,1
CUST_2546,3,16,107.82050746465224,0,1,39.38211695975993,Enterprise,0.4379065858907072,1
CUST_2547,54,17,62.2549557591467,1,1,85.07764106400029,Basic,0.49510226331503693,0
CUST_2548,14,13,101.80800153831417,3,1,92.71928737641157,Enterprise,0.06250169837678898,1
CUST_2549,16,23,97.15548670107859,2,1,11.623498047732006,Enterprise,0.4433943596675889,1
CUST_2550,10,14,52.208054455061,5,0,77.79606339555767,Pro,0.604307595212112,1
CUST_2551,29,29,31.45971656360963,2,1,57.82271182165303,Enterprise,0.931806477603056,0
CUST_2552,10,7,51.69944524437366,2,0,58.550275766448664,Basic,0.22731957784330825,1
CUST_2553,12,14,100.01499821415031,2,1,77.94521218958263,Basic,0.21097039114333194,1
CUST_2554,30,15,31.177741619230122,1,3,22.284468678595747,Basic,0.3894250774986673,1
CUST_2555,41,12,65.31017977364118,2,0,53.10449679749583,Basic,0.9836545208034932,1
CUST_2556,1,17,97.70112601548595,1,1,31.935261545080916,Pro,0.33622478079765095,1
CUST_2557,5,9,45.649909639763564,0,2,9.451234497651484,Pro,0.04386784691745982,1
CUST_2558,20,22,78.8541082553102,4,2,10.507944555660387,Basic,0.265614854595719,1
CUST_2559,8,15,33.24763101561367,1,0,13.647147062515074,Basic,0.558301584616833,1
CUST_2560,43,12,17.56713621733839,3,1,61.4899848904838,Enterprise,0.41254372565350805,1
CUST_2561,12,2,96.35418588567848,1,0,10.583019837731001,Enterprise,0.774223057665862,1
CUST_2562,1,5,16.381391692001287,2,0,57.01038425901736,Enterprise,0.607271587302809,1
CUST_2563,57,13,36.20886043415223,2,1,58.82970579772597,Enterprise,0.5594572069775786,1
CUST_2564,54,27,103.33758352970561,1,2,90.3896510121891,Enterprise,0.32299395151810606,1
CUST_2565,20,20,44.84396801404673,2,2,62.637659632551426,Basic,0.5518460412981523,1
CUST_2566,28,23,116.90021519412852,0,1,98.55878408815013,Enterprise,0.6155907193067949,1
CUST_2567,57,8,117.66944849899387,2,1,3.099257994083482,Enterprise,0.17920475984136686,1
CUST_2568,43,27,35.85174235215902,1,2,70.41461366451189,Enterprise,0.7358679195411881,1
CUST_2569,37,14,9.712495558737402,1,0,2.648007805304331,Pro,0.39293299460414277,1
CUST_2570,47,15,86.0822776836186,0,0,72.93775778747036,Pro,0.7422757100941076,1
CUST_2571,37,11,56.86344780455953,3,1,38.585020920403544,Pro,0.17771058083616575,1
CUST_2572,12,1,16.586577055351274,1,1,61.13077653925896,Basic,0.6565207785931311,1
CUST_2573,37,21,86.36512418247493,2,0,30.953807208833773,Pro,0.026883245418893087,0
CUST_2574,49,3,8.58511454787094,1,1,15.910503915264906,Enterprise,0.158965791913819,1
CUST_2575,49,17,105.07261940660784,5,0,72.35125180892824,Enterprise,0.8911208958695791,1
CUST_2576,56,28,20.945040848029926,1,2,90.46203802700867,Enterprise,0.4614719558947551,1
CUST_2577,44,19,19.640866055873374,4,0,18.358244370003497,Basic,0.5078628340736511,1
CUST_2578,56,14,25.20231426638722,1,1,92.07030012036006,Pro,0.9075778198297696,1
CUST_2579,28,22,115.43063122658765,0,0,14.018210920454377,Pro,0.4849334067002917,0
CUST_2580,47,23,84.71447642919229,3,1,73.56618825495312,Enterprise,0.6545885524249874,1
CUST_2581,15,8,97.15772657831822,3,0,95.9445158179006,Enterprise,0.22195507209100607,1
CUST_2582,6,13,50.7280233592666,2,1,14.73708817562377,Pro,0.08157314487090661,0
CUST_2583,44,27,43.675963663069886,3,1,43.50900467553534,Pro,0.35335176525137213,1
CUST_2584,59,20,31.965660780064542,2,2,33.74574823583995,Enterprise,0.798679466935382,1
CUST_2585,20,3,60.27452325592703,2,2,38.84777501840981,Pro,0.44683731034942364,1
CUST_2586,50,5,68.46030435642938,1,1,75.31397391317766,Pro,0.1681503640130737,1
CUST_2587,14,9,77.65410702006687,2,2,66.11889325555593,Basic,0.5450980290606873,1
CUST_2588,2,29,34.56862795984987,3,0,96.86869644628192,Enterprise,0.26384036074780504,0
CUST_2589,9,6,114.09521930384392,1,2,18.547950335642227,Pro,0.9466678069631789,1
CUST_2590,37,25,24.52222729382062,2,1,54.32608693258801,Basic,0.5774126406608378,1
CUST_2591,20,22,116.05011509813741,2,2,44.91261454190267,Basic,0.9829624260749937,1
CUST_2592,26,2,6.708454088362936,2,1,91.88561089257496,Basic,0.04307278581566787,1
CUST_2593,29,13,60.32945455893724,2,0,1.061923247695995,Basic,0.01155959021842845,1
CUST_2594,1,5,43.33730138340472,1,1,98.91704007670941,Basic,0.477095579371546,1
CUST_2595,55,28,56.64919260197884,2,2,47.97343143725288,Basic,0.8619994869954367,1
CUST_2596,35,27,70.62642658279074,0,0,62.55396472335975,Basic,0.5244069472831187,0
CUST_2597,6,25,55.09275317146154,3,0,36.00525558057155,Enterprise,0.8761866529663763,1
CUST_2598,37,8,52.70738778468342,3,1,85.25266696954988,Enterprise,0.13056606645360935,1
CUST_2599,53,23,89.26319277253025,1,1,56.198794511838265,Enterprise,0.6993272848348459,1
CUST_2600,59,1,83.87577163494343,3,1,66.28109362497648,Basic,0.6598773471423492,1
CUST_2601,5,20,100.8261974341225,6,2,64.89047080606764,Pro,0.5449638147166256,1
CUST_2602,33,12,33.74528284254199,4,3,36.398213989773254,Basic,0.4051047939870984,1
CUST_2603,49,23,75.09577862171732,1,1,7.5990995806615835,Enterprise,0.647068341587443,1
CUST_2604,51,11,72.2974003201782,1,2,80.77062260940501,Enterprise,0.5500922812986195,1
CUST_2605,14,7,47.5198482503592,0,1,28.97159191843175,Basic,0.2726256394650627,1
CUST_2606,12,15,60.8966173188083,0,0,84.89302284777045,Enterprise,0.10461542637947518,0
CUST_2607,42,22,41.084946480158806,2,1,60.864300879082634,Pro,0.38664866498772166,1
CUST_2608,20,24,21.312105725953298,1,1,35.3703958097478,Pro,0.5124361170833449,0
CUST_2609,53,11,29.587139226214276,2,1,59.42471489736227,Pro,0.508515375310753,1
CUST_2610,50,29,17.134069336138126,5,0,64.54926923614376,Basic,0.4255824021428444,1
CUST_2611,24,22,83.55300114686428,5,1,70.66834077586724,Enterprise,0.32735516899399575,1
CUST_2612,59,26,80.98365020755243,2,0,82.23381345070713,Enterprise,0.3504940752098944,1
CUST_2613,43,16,114.31973273168538,3,1,15.97549422179847,Pro,0.26584528344154434,1
CUST_2614,34,3,88.91301756943275,2,1,94.41443847686166,Enterprise,0.5799082660470106,1
CUST_2615,25,20,10.985271456955116,2,1,41.084061442751086,Basic,0.8498874441522265,1
CUST_2616,50,14,106.68819500182973,0,1,86.04502983763773,Pro,0.879689713035486,1
CUST_2617,29,3,104.20764373875846,2,0,22.047959536778517,Basic,0.9937249560372711,1
CUST_2618,57,1,55.98183688886035,1,0,2.9028972204714787,Basic,0.08881827082536009,1
CUST_2619,39,26,72.37425081071098,4,0,57.33440436228507,Enterprise,0.21425826236724943,0
CUST_2620,31,21,117.24900823433967,0,0,32.4666279072439,Basic,0.7302069714976127,0
CUST_2621,56,15,66.21500184253912,4,0,98.44620049479494,Pro,0.6452405223298522,1
CUST_2622,47,1,109.11201026325033,6,0,10.445345471538293,Basic,0.13386572166983102,1
CUST_2623,43,17,14.54945714817144,3,1,4.730286600352174,Enterprise,0.631018029536635,1
CUST_2624,50,2,26.970964901498526,2,0,4.501781855313325,Basic,0.4064618592369421,1
CUST_2625,23,29,55.68681849575155,2,0,21.687369522379452,Basic,0.9568594850528205,1
CUST_2626,44,20,72.24703295879004,1,1,57.919111636533835,Enterprise,0.8552428128234612,1
CUST_2627,38,6,98.86620296422203,2,2,50.55633736446917,Enterprise,0.07324227976785658,1
CUST_2628,20,8,118.65014324146648,2,0,35.00758048335615,Enterprise,0.08998963191982667,0
CUST_2629,23,29,49.71792209452339,2,1,8.879310741690926,Enterprise,0.4170568053444159,1
CUST_2630,45,16,10.452798156109766,2,2,23.37370947943188,Enterprise,0.008371166482614156,1
CUST_2631,52,19,97.13472287896235,3,2,18.414706478471686,Enterprise,0.09438691378065767,1
CUST_2632,16,1,74.50378269452293,2,0,74.56668371560484,Enterprise,0.9325956555310522,1
CUST_2633,50,3,27.83242876984319,1,3,77.99463830013141,Basic,0.7924318321785566,1
CUST_2634,42,28,61.905272511463316,2,1,77.70140130618198,Basic,0.6727089801005693,1
CUST_2635,55,3,90.3656782363783,2,1,96.90405444141487,Basic,0.830237233322029,0
CUST_2636,8,5,93.59735551289404,3,1,88.42379463340319,Pro,0.2500548554408304,1
CUST_2637,50,27,62.45611737985763,2,2,49.78047471785049,Enterprise,0.7255669625668404,1
CUST_2638,21,12,40.0996709648188,3,0,41.49360209091652,Basic,0.6155671553361074,1
CUST_2639,1,12,116.98039693442675,1,2,91.57685177094618,Enterprise,0.8486474162684481,1
CUST_2640,55,20,81.28670025999668,3,4,61.12252520481467,Pro,0.28268743090180315,1
CUST_2641,8,13,51.94731472482435,3,1,29.439866702559524,Enterprise,0.7637157975313548,1
CUST_2642,29,20,37.25327078353503,4,1,56.44640277151674,Basic,0.8526514040614604,1
CUST_2643,32,9,89.07684304540965,3,2,99.21494226961262,Pro,0.5490068746898807,1
CUST_2644,38,7,32.85109624328329,2,1,84.94700601523623,Enterprise,0.41378523899049724,1
CUST_2645,5,4,24.74664873197414,1,1,28.127971605954162,Pro,0.948652576426956,1
CUST_2646,47,19,65.93089723063808,5,0,95.2954425917217,Enterprise,0.16896961588122106,1
CUST_2647,22,22,38.348550154076314,0,3,98.14621114791159,Pro,0.036273043112324044,0
CUST_2648,47,19,77.32409166621574,0,4,23.116695941541522,Basic,0.17914026378937742,1
CUST_2649,34,6,18.562947610536852,3,2,89.55921185013412,Enterprise,0.6834539662014159,1
CUST_2650,1,27,80.31822702524198,4,2,88.3202717698832,Enterprise,0.7889459390259504,1
CUST_2651,55,13,37.579100719735756,2,0,3.9753573234040607,Enterprise,0.7168275698061163,1
CUST_2652,55,11,5.027937459968964,5,1,66.9689193061687,Basic,0.4198665539556833,1
CUST_2653,26,13,19.597646632530285,1,1,30.52807130311693,Pro,0.9675735446534695,1
CUST_2654,43,13,112.36576845103582,0,0,67.46126264918757,Basic,0.44430192104756616,1
CUST_2655,10,28,104.74578349826615,3,1,91.35586941902434,Pro,0.9813049377211639,1
CUST_2656,30,25,31.865038684167235,2,3,49.877924798951845,Enterprise,0.9181164571232269,1
CUST_2657,50,22,94.51276902273149,2,0,41.441283078865276,Pro,0.4071444525267157,1
CUST_2658,18,28,74.98573321500704,1,0,92.15312711874174,Pro,0.16100863941167753,0
CUST_2659,17,20,116.65404181673499,2,0,97.41149177385327,Enterprise,0.08983740947788454,1
CUST_2660,26,15,47.964650846416795,2,0,6.223632779380273,Enterprise,0.5314749522316655,1
CUST_2661,8,21,83.36797043947469,5,1,92.28480691482073,Pro,0.76320796072394,1
CUST_2662,47,13,12.306608078750637,3,1,8.276853352188883,Enterprise,0.17604769542717025,1
CUST_2663,40,22,50.568444883886684,0,1,33.72862133835896,Enterprise,0.3182109385276658,1
CUST_2664,49,11,115.83903103664075,4,0,76.25741224303268,Pro,0.6305314711350183,1
CUST_2665,12,19,66.98280056176387,1,2,77.70369819396953,Basic,0.46086827153213883,1
CUST_2666,27,8,38.106142883507125,5,3,72.58218906791663,Basic,0.6038677779155065,1
CUST_2667,8,20,18.83116075978979,1,0,3.9112488061068373,Enterprise,0.676367585436527,1
CUST_2668,25,8,85.905759120876,5,1,13.296604802409329,Pro,0.3806950939871824,1
CUST_2669,46,10,79.15844499441859,1,0,93.62164982197486,Enterprise,0.7859662976950674,0
CUST_2670,4,26,48.00295206443408,1,0,8.146138839589078,Basic,0.70286508554943,1
CUST_2671,33,16,114.35825546457095,3,0,7.854591697311664,Basic,0.6875532285897135,1
CUST_2672,1,19,7.553323493602786,1,1,83.56459377578702,Pro,0.14948352262156195,0
CUST_2673,19,26,39.92824293765997,1,1,64.12657532228862,Pro,0.4742355970098462,1
CUST_2674,31,23,110.92299092445187,2,2,35.165605584517955,Basic,0.5771729173422276,1
CUST_2675,16,11,41.907575406735646,3,1,16.57104870716264,Pro,0.226386218147278,1
CUST_2676,14,13,34.009075893344594,1,3,88.41704198928149,Basic,0.7585670892610037,1
CUST_2677,53,28,66.43534714209343,4,0,98.85377576285121,Enterprise,0.12108069360972407,1
CUST_2678,48,9,99.73720124086186,0,0,4.9971728442829155,Basic,0.149857494833461,0
CUST_2679,5,20,16.86187750101152,2,0,55.41133820902018,Basic,0.4133192955745555,1
CUST_2680,41,24,113.44738160925965,1,0,26.130358490581507,Pro,0.1353448010775543,0
CUST_2681,26,19,96.43338133583386,2,0,83.2386833549704,Pro,0.011643951905010885,0
CUST_2682,28,16,25.843779388428473,2,2,34.60730917748057,Pro,0.41140192961650435,1
CUST_2683,2,7,86.88091553778871,2,6,71.46292891863398,Enterprise,0.6485521398809275,1
CUST_2684,50,19,49.27025310331907,3,2,53.95234215262771,Pro,0.4951382995084366,1
CUST_2685,6,12,51.26388797877665,3,0,54.15233815949703,Enterprise,0.05217969757825469,1
CUST_2686,9,15,95.07836063046963,3,2,85.79994311804214,Pro,0.23246533705550199,1
CUST_2687,33,23,115.7202529177842,2,0,47.04044259245642,Pro,0.5243486265212299,1
CUST_2688,41,14,19.565425377427303,4,1,84.55995341444806,Basic,0.7380927727347192,1
CUST_2689,25,11,53.37247724106423,3,1,36.34268280375754,Basic,0.7939169643041383,1
CUST_2690,48,26,60.308284929694906,6,1,17.478294246430504,Basic,0.5193684776051208,1
CUST_2691,13,10,48.27585894982472,3,0,45.54773776566151,Enterprise,0.6461274538066799,1
CUST_2692,9,27,46.76674922736588,1,0,49.83557813770222,Pro,0.9034173552698558,1
CUST_2693,53,11,11.010896769583603,2,0,47.83831976377915,Basic,0.06519874070728815,1
CUST_2694,13,6,83.83694136470167,7,1,80.83304118792822,Pro,0.09917255355357946,1
CUST_2695,31,2,55.164657968805216,2,1,56.46789414600971,Basic,0.45786008403696454,1
CUST_2696,41,11,27.40128730405158,1,1,88.84440717588029,Pro,0.609734643189506,1
CUST_2697,11,19,98.84385276473786,5,0,51.41854949159421,Basic,0.004634185938863222,1
CUST_2698,4,6,97.29448603743721,3,4,22.471508288200425,Basic,0.4525483307226136,1
CUST_2699,34,14,60.93503723022279,5,3,12.949584026275263,Basic,0.1727608889476976,1
CUST_2700,38,20,39.32182603199246,2,1,86.83628209446209,Basic,0.6451046426551533,1
CUST_2701,46,6,78.38066346659203,0,1,5.617279890221171,Basic,0.26773557074867327,1
CUST_2702,4,17,38.13749561440135,0,1,11.760961191976227,Pro,0.90193812758223,0
CUST_2703,38,10,32.140911987226886,1,0,6.365851891764107,Basic,0.06384744074763682,1
CUST_2704,19,28,89.00918521302756,2,2,42.37341971818203,Pro,0.8092060528166539,1
CUST_2705,6,1,9.63740256790933,3,0,53.26156163935934,Basic,0.392327551948907,1
CUST_2706,34,3,15.898374168978306,2,2,1.9874731022600733,Pro,0.8571605858391863,1
CUST_2707,18,8,5.780640012712825,2,1,51.55861668916043,Basic,0.8151226080257811,1
CUST_2708,13,8,22.588466444674008,3,0,39.3759471290626,Basic,0.23929269475780046,1
CUST_2709,41,27,12.933851001702838,1,1,77.3645182455898,Basic,0.05056776329618384,0
CUST_2710,23,20,119.51727229469064,7,0,82.99566217462232,Enterprise,0.6955214114117233,1
CUST_2711,19,22,38.2131465447203,2,0,68.49674363862054,Pro,0.20439455108528493,1
CUST_2712,45,15,22.165821456963435,6,1,47.349553531662394,Pro,0.9305071046945709,1
CUST_2713,11,24,32.71456966953056,1,0,21.61485950419881,Basic,0.06723061222328619,1
CUST_2714,1,7,112.65444072711549,0,1,84.71148673025601,Basic,0.32398005464878166,1
CUST_2715,24,11,64.8184256478055,1,1,34.166914004441686,Basic,0.012649007501816967,1
CUST_2716,54,7,46.95408107540354,6,1,35.62918871949492,Enterprise,0.3170196058180965,1
CUST_2717,7,29,105.44001765956023,2,2,91.60115471870448,Basic,0.54125868032509,1
CUST_2718,25,4,50.423881113138734,2,2,97.5597255597913,Basic,0.6548625575390541,1
CUST_2719,21,25,43.525985545135015,1,1,89.81309563845042,Pro,0.7264338263871778,1
CUST_2720,15,12,28.83749009321959,1,1,99.82347235610811,Enterprise,0.8334501913223493,1
CUST_2721,1,26,48.44663474958232,1,1,86.89088439014773,Pro,0.11078412863213927,1
CUST_2722,12,6,41.41870094194649,1,1,70.43575176200818,Enterprise,0.7618726402445873,1
CUST_2723,58,14,82.88995531928622,2,0,29.381939957147285,Enterprise,0.27836877638225654,1
CUST_2724,7,12,38.30201103713362,2,3,95.29570488998762,Pro,0.13824681812189776,1
CUST_2725,15,11,71.37797083859456,2,2,87.66268316137537,Pro,0.2656551426391174,1
CUST_2726,21,19,12.57759897867686,0,1,24.07467924156532,Enterprise,0.8579930793569406,1
CUST_2727,19,21,26.998253020099153,1,2,48.91624732418269,Enterprise,0.6273916838991521,1
CUST_2728,29,5,51.851606235305105,4,1,7.005566062555014,Basic,0.5973814918859625,1
CUST_2729,25,14,112.74916419949997,5,0,95.33088632672171,Basic,0.5846369177504803,1
CUST_2730,33,21,48.38397835730497,2,2,57.27683277214559,Pro,0.4086275411554987,1
CUST_2731,49,24,81.36852393798092,4,1,24.520054592816543,Enterprise,0.417004566064648,0
CUST_2732,32,16,34.33503057846079,0,2,29.239931362387573,Pro,0.14832445785768156,1
CUST_2733,49,25,19.608861236921648,3,0,98.06563726298596,Basic,0.3326129953014595,1
CUST_2734,35,13,11.731709009205765,6,0,61.56142918041977,Basic,0.5120321413998116,1
CUST_2735,44,25,40.122552332416404,0,2,42.068312410640374,Basic,0.6060176960592657,1
CUST_2736,38,29,23.131018081644417,6,3,49.98454617855381,Enterprise,0.07163871848838366,1
CUST_2737,26,22,25.011201521854282,2,2,9.855007237734338,Pro,0.33381024024744166,1
CUST_2738,11,22,92.48732046449926,3,3,7.5022760072876,Enterprise,0.3394207726626185,1
CUST_2739,35,25,6.821378158660535,3,1,59.27077433003849,Enterprise,0.5150701995532218,1
CUST_2740,8,20,69.14816445957496,0,2,51.200403644031645,Basic,0.71003450610699,1
CUST_2741,46,22,48.63805876824845,1,3,35.915319130344116,Basic,0.6352326508422617,1
CUST_2742,14,4,63.25324998948293,1,2,56.61139525113646,Pro,0.570885203913896,1
CUST_2743,10,11,69.72547727967934,1,0,7.267594943717226,Enterprise,0.29141866588038834,1
CUST_2744,2,17,41.03728486258699,2,0,94.39911714315463,Pro,0.8390564496394354,1
CUST_2745,46,7,38.937518921192805,6,3,29.371168778422184,Pro,0.7852925750705796,1
CUST_2746,9,14,89.34121267351415,2,3,7.177879067199888,Pro,0.18361279217439985,1
CUST_2747,3,26,105.19685363393307,3,2,16.950427257410404,Pro,0.6551315691279657,1
CUST_2748,21,11,27.146887732730708,2,0,9.547391448251686,Basic,0.9066545820311765,1
CUST_2749,26,28,16.22615746154213,7,2,17.860450435968122,Pro,0.43560129178555007,1
CUST_2750,8,22,108.24651773508299,3,1,41.67540548266119,Basic,0.9247692713185036,1
CUST_2751,48,9,45.237978319450846,1,2,73.80508939355208,Pro,0.021963776142642666,1
CUST_2752,2,23,68.40149992622364,2,0,27.234834745503978,Basic,0.5162399987841801,1
CUST_2753,6,13,46.3474616198004,2,1,43.59266219416439,Pro,0.25627002929185005,1
CUST_2754,28,23,19.4672686797959,2,1,92.87572878882364,Enterprise,0.2621573968019385,1
CUST_2755,53,18,72.77313916898872,1,1,29.582173932597545,Enterprise,0.8775471981557196,1
CUST_2756,29,28,65.3911979535074,1,0,79.47197532647098,Basic,0.31149946852798316,1
CUST_2757,26,11,28.34425930698768,1,0,15.781687248236642,Basic,0.02333123012003302,1
CUST_2758,25,15,56.96494013501195,1,1,17.83217462572476,Pro,0.5396886871105874,1
CUST_2759,12,25,96.64896296179927,2,0,45.61528734762656,Enterprise,0.97086304293725,1
CUST_2760,5,26,72.8990018574075,2,2,23.410225046638633,Pro,0.07909549188583642,1
CUST_2761,34,25,16.14549261270441,2,2,90.30280737942601,Basic,0.2862998987070715,1
CUST_2762,48,22,68.02247218135054,0,1,5.075229112347779,Pro,0.4695031769349971,0
CUST_2763,37,29,85.81490441830249,2,1,59.72725661438396,Enterprise,0.8304801103441465,1
CUST_2764,15,19,96.1608916647864,5,2,60.422939614951986,Enterprise,0.2688951477009687,1
CUST_2765,44,1,77.34852154294067,2,0,6.602592751944769,Enterprise,0.3436852518080248,1
CUST_2766,36,4,22.55568892219013,2,0,73.25642148708913,Enterprise,0.3844949743681346,1
CUST_2767,15,14,86.66992565786848,2,1,46.8897544512196,Enterprise,0.379634125747924,1
CUST_2768,43,14,82.89431229937438,2,2,72.30733734948085,Basic,0.20034524945788457,1
CUST_2769,48,3,7.8090915381728205,2,1,82.692498593507,Pro,0.9156658816312536,1
CUST_2770,23,28,52.350981772877965,4,1,32.28993519906938,Pro,0.7929103006802306,1
CUST_2771,6,17,43.28927840067293,4,1,48.44858829354877,Pro,0.9756427796199837,1
CUST_2772,46,3,81.98238738916899,3,2,26.076077976801137,Basic,0.3709937434158389,1
CUST_2773,50,16,29.85561841575588,2,1,20.151346352233503,Basic,0.04529529831429835,1
CUST_2774,44,14,72.95027114203972,1,2,0.05947580426574062,Basic,0.11550108578028184,1
CUST_2775,59,20,110.01868560862982,1,3,96.36315120798373,Basic,0.3574836237098711,1
CUST_2776,43,29,96.74727280398989,2,2,44.092846932964825,Pro,0.911064102056083,1
CUST_2777,45,13,110.967639664901,3,4,1.3069773058874024,Enterprise,0.9810847342675424,1
CUST_2778,21,15,117.52818619725934,2,1,0.8938577568048167,Enterprise,0.8219971061285364,1
CUST_2779,23,14,6.227064605708718,2,1,28.835256855119507,Basic,0.23842547197868746,1
CUST_2780,43,24,76.61524678340992,2,0,1.3937678710118417,Pro,0.6596994316024859,1
CUST_2781,55,25,52.47653074227424,4,1,37.45146176585483,Pro,0.5966072788035723,1
CUST_2782,16,19,103.883266388539,4,0,6.293850143894786,Basic,0.8232523574151253,1
CUST_2783,47,6,33.95869073105014,4,1,3.925159115030974,Pro,0.5097493520925303,1
CUST_2784,53,10,117.81839124823375,4,0,66.938139407455,Enterprise,0.31812986649668296,1
CUST_2785,15,27,75.57641649753094,1,0,90.68412894428846,Basic,0.01927761084196289,0
CUST_2786,25,15,96.25680125631555,1,0,40.93865833022793,Pro,0.795026194119672,1
CUST_2787,36,21,14.843948574618357,0,0,83.67704302759326,Pro,0.5302483289956346,1
CUST_2788,11,22,26.09765674726948,1,1,2.926546113574713,Pro,0.534187377609642,1
CUST_2789,51,20,92.21642239893336,2,0,77.76900559701825,Basic,0.9570623306500423,0
CUST_2790,15,26,7.528450034522215,4,1,6.279999232289091,Enterprise,0.4862274627706408,1
CUST_2791,4,6,98.94096837778503,2,0,83.84394231973516,Pro,0.31580133280052347,1
CUST_2792,21,23,6.604137149569818,2,0,88.2366344872064,Basic,0.33983796753579754,1
CUST_2793,13,25,80.56866649204643,4,2,78.59738423823143,Basic,0.011746895223129994,1
CUST_2794,22,10,46.98580082665767,1,1,82.0749024411289,Pro,0.12235103367847489,1
CUST_2795,19,7,75.3219080627079,1,1,56.14845663323189,Basic,0.04380876327480665,1
CUST_2796,34,22,85.04361180374808,3,0,26.488494258265195,Enterprise,0.24326015657943256,1
CUST_2797,14,17,44.38465020642498,1,0,64.32310026609667,Enterprise,0.06465232962154743,1
CUST_2798,4,18,17.41568153274609,2,0,43.95416490763614,Basic,0.33111626633057667,0
CUST_2799,48,17,13.009274791050549,1,0,0.5336560919045996,Pro,0.12612951522186056,0
CUST_2800,53,9,72.72764259469301,0,1,47.6825706434835,Enterprise,0.917919045608133,1
CUST_2801,52,10,64.87536567942283,4,1,65.11879245505455,Pro,0.9383839107105862,1
CUST_2802,46,10,90.35311604893023,1,1,1.388365969132077,Basic,0.6034564537045282,1
CUST_2803,27,25,63.61958365045277,2,2,62.136033610815765,Enterprise,0.8054877522920855,1
CUST_2804,29,7,53.5812658535511,0,0,65.25319062168563,Pro,0.6772112863618505,0
CUST_2805,47,16,50.78002549716655,1,0,15.810757823889677,Basic,0.8111088897307067,1
CUST_2806,28,29,8.041393798731757,1,0,43.107418515650956,Pro,0.6398072028893949,1
CUST_2807,35,18,43.58907819511557,0,0,96.43326008891326,Enterprise,0.4301936717686453,1
CUST_2808,8,6,117.24231811531683,0,1,88.41892277997825,Basic,0.873754457261752,1
CUST_2809,16,27,105.45889126611522,4,1,41.08214228582527,Basic,0.43806638958809496,1
CUST_2810,42,20,42.87847770893503,1,1,34.984626802415555,Pro,0.3962124893540009,1
CUST_2811,36,1,72.5964715826328,0,0,12.408068097685598,Pro,0.6243831421641157,1
CUST_2812,30,1,102.4391257365818,0,0,3.5189084540159787,Basic,0.9379318008769286,1
CUST_2813,18,12,55.7465487262579,4,0,29.746277744207873,Enterprise,0.4422028412823581,1
CUST_2814,2,21,7.06515433126736,4,2,94.02833470822384,Enterprise,0.5749447709509687,1
CUST_2815,49,28,13.568703109143609,2,2,95.86134513336673,Pro,0.4923327199072878,1
CUST_2816,13,2,63.69516295510126,2,1,81.25193405762762,Pro,0.9097329079285322,1
CUST_2817,4,4,116.48552820272602,1,0,35.08248135198595,Pro,0.6767450023088107,1
CUST_2818,26,17,84.7190973551698,1,1,14.36264328821112,Enterprise,0.41958937833730825,1
CUST_2819,25,4,13.155362015435497,1,1,59.55334756056793,Enterprise,0.6069026463776993,1
CUST_2820,30,11,26.77650071606422,5,2,64.65050072061814,Pro,0.15605919723395367,1
CUST_2821,11,22,93.70216146993775,0,3,42.45735692456041,Pro,0.34194388684804433,1
CUST_2822,7,26,101.76557239496815,5,1,69.16467955586403,Basic,0.7361812165917632,1
CUST_2823,31,4,76.03487741168794,1,2,74.66818856517354,Basic,0.5623941342569484,1
CUST_2824,44,1,79.10866450742891,1,0,78.306166357478,Basic,0.3142728119138819,1
CUST_2825,10,7,8.258806794089235,0,1,50.22981113575072,Basic,0.36229790550126495,0
CUST_2826,39,18,100.28097985187348,1,0,79.16407775597334,Pro,0.8097827500732773,1
CUST_2827,13,9,95.65164893964541,2,3,2.5476426269456787,Enterprise,0.5408830029501016,1
CUST_2828,31,29,34.78904157188492,2,0,68.04043667388696,Enterprise,0.23875604038490617,1
CUST_2829,7,3,86.4978227960333,0,0,23.563395705047984,Basic,0.2968129186621761,1
CUST_2830,56,8,29.70827973887478,3,0,27.052029168765323,Enterprise,0.46788351120267924,1
CUST_2831,49,29,9.637968520923994,3,0,9.130170660673231,Basic,0.7628375677827604,1
CUST_2832,42,24,28.130702397893387,3,1,19.23922635931793,Pro,0.9974404287563509,1
CUST_2833,42,19,25.542320826744444,1,0,99.2008233002003,Basic,0.18576046942901792,0
CUST_2834,56,4,43.84101962450743,1,3,41.53901305634753,Enterprise,0.7549290224481766,1
CUST_2835,36,18,53.12169217517768,2,1,92.77653986886854,Enterprise,0.6172195159139544,1
CUST_2836,20,20,63.48197252223641,0,1,16.289952819279808,Enterprise,0.5311930167498365,1
CUST_2837,4,27,59.826695683457736,2,3,20.405884209851955,Pro,0.9664570526653395,1
CUST_2838,54,11,36.127579686008275,2,0,55.78133538150713,Basic,0.3227535497499182,1
CUST_2839,7,27,8.354626886018563,1,3,34.95325408790825,Pro,0.17697824318362154,1
CUST_2840,54,14,74.58668655727233,0,0,64.3915208574796,Pro,0.87759715785813,1
CUST_2841,1,25,50.51065543244575,3,0,42.20465757204303,Basic,0.06868892368819013,1
CUST_2842,44,18,39.347298099568214,2,0,81.15972374654619,Enterprise,0.8171196745885047,1
CUST_2843,56,28,104.69821992550892,1,0,43.15590711710837,Enterprise,0.5892359931065578,1
CUST_2844,45,28,90.87548039678838,1,1,57.23491824382639,Enterprise,0.16400389172606622,1
CUST_2845,42,29,103.64303806283085,1,2,32.10732000237287,Enterprise,0.22736215829340412,1
CUST_2846,47,16,61.92302139193301,0,0,70.4040987438654,Pro,0.155840592667157,0
CUST_2847,59,3,20.05709399457941,3,1,65.47342089657141,Basic,0.7183385418540321,1
CUST_2848,13,15,85.06546515394632,3,2,39.70010327740577,Basic,0.1473111577945686,1
CUST_2849,55,27,28.698484692775153,2,0,27.603210279059653,Basic,0.6813708748869907,1
CUST_2850,22,27,55.74141194554743,2,1,61.4104374820299,Pro,0.12815029526340715,1
CUST_2851,54,4,12.475090729122178,1,0,94.31516492110077,Enterprise,0.8022665898719945,1
CUST_2852,21,5,99.91046627864299,6,2,13.264302402660155,Enterprise,0.9194907791430668,1
CUST_2853,22,17,19.483173720462567,1,1,79.91166183455604,Basic,0.5593120282493906,1
CUST_2854,28,7,108.85621331067061,3,0,54.29917728080906,Enterprise,0.9661840372171281,1
CUST_2855,9,16,104.38651926007907,1,1,52.55596951738591,Pro,0.3903803029252024,1
CUST_2856,26,14,58.4270179105133,2,0,96.16841475759792,Enterprise,0.24460245553187399,1
CUST_2857,9,26,90.60234349495893,1,0,60.58747975685568,Enterprise,0.17729675611124895,1
CUST_2858,15,16,76.23618348908762,0,0,83.0517827748518,Enterprise,0.4789633474805014,1
CUST_2859,10,7,97.35369886884067,2,0,51.447724887569656,Basic,0.13074690164170788,1
CUST_2860,24,9,54.657586590379886,1,3,24.985336725508933,Pro,0.8757906284748326,1
CUST_2861,58,4,95.36797568810024,2,3,69.44902714581096,Basic,0.7847655174140448,1
CUST_2862,57,22,58.182533962492016,1,0,92.3176904444004,Pro,0.5621184043626811,1
CUST_2863,42,11,113.21106560192129,3,1,84.12300956100755,Basic,0.7214629700191383,1
CUST_2864,8,2,60.932791594891974,1,2,19.836360624008464,Pro,0.04999030299308338,1
CUST_2865,24,12,58.20121627237889,2,1,31.688911906215022,Pro,0.2035177884938355,1
CUST_2866,16,12,95.28326407980396,3,3,51.68806739736777,Basic,0.6212118928298676,1
CUST_2867,49,4,99.48143455249637,6,0,57.16032952360652,Basic,0.4774695117128184,1
CUST_2868,26,18,68.76624814693463,4,2,19.381411445852827,Enterprise,0.6046229799604435,1
CUST_2869,27,26,25.67674855193367,2,0,23.00123400151646,Pro,0.08896904283045914,1
CUST_2870,37,21,58.792196560121646,2,0,75.88310690354363,Pro,0.6524225581047394,1
CUST_2871,4,7,116.32833783461301,0,2,73.03174167149425,Pro,0.8036162570396713,1
CUST_2872,50,29,91.59341219950629,2,0,83.92088146288911,Pro,0.5462751829976551,1
CUST_2873,24,1,98.2836994461002,4,3,93.29298072802311,Pro,0.3574070186910694,1
CUST_2874,19,26,8.774932364212615,1,0,30.82611189026917,Enterprise,0.1746478569140376,1
CUST_2875,36,26,58.80383820292839,2,3,85.95949565705794,Enterprise,0.2653550458911762,1
CUST_2876,39,23,79.36143037061886,1,2,66.60117912761864,Enterprise,0.5225328539390652,1
CUST_2877,10,26,100.45375861722859,3,0,95.77704238917994,Pro,0.25551782948199697,1
CUST_2878,25,13,10.666470162018719,4,3,27.20741560234159,Basic,0.7779455373790012,1
CUST_2879,18,6,103.03047184881541,1,1,26.967150163952557,Basic,0.13174102607089022,1
CUST_2880,19,6,68.06610772531985,1,0,70.42934486927267,Pro,0.5164242660977119,1
CUST_2881,36,12,27.69110661624689,2,2,92.84107740382763,Enterprise,0.49596618130168535,1
CUST_2882,10,8,41.4843498917155,3,3,82.45558247864346,Basic,0.13889226333189075,1
CUST_2883,33,24,37.421898451429485,1,0,72.70395577933562,Basic,0.9949875807649443,1
CUST_2884,55,22,66.04878894317471,3,2,38.73091980573883,Enterprise,0.8231353874646341,1
CUST_2885,50,19,10.94385318978016,5,1,71.7767334701974,Pro,0.38653246518142126,1
CUST_2886,5,5,23.231658227491206,4,1,80.10955764308144,Pro,0.6849065389609004,1
CUST_2887,47,18,98.45969998821498,1,2,75.32856797906044,Pro,0.7165811994381937,1
CUST_2888,49,5,20.249458935883272,2,1,67.6810798286123,Pro,0.6511485677154403,1
CUST_2889,35,25,31.8405709876846,1,0,4.713125169070298,Pro,0.432483946172704,0
CUST_2890,44,10,57.13761964447809,2,0,65.97149331148087,Basic,0.8851113316263051,1
CUST_2891,34,1,64.468902133033,1,1,47.82946554829104,Enterprise,0.7715513817280731,1
CUST_2892,33,10,92.81520515562823,1,2,96.15692715496856,Basic,0.5420199542198386,1
CUST_2893,55,5,56.44322906661159,5,1,60.7189883377071,Basic,0.002562785503242626,0
CUST_2894,21,12,95.83443141908695,1,1,60.82272562352993,Basic,0.22337423832677739,0
CUST_2895,17,22,76.1098253102276,3,0,99.40551873697498,Enterprise,0.5088257018395211,1
CUST_2896,22,27,18.006470033739582,3,1,9.358778978090543,Basic,0.8989290568210019,0
CUST_2897,48,7,22.978115415176436,4,0,27.631628510035288,Basic,0.6286209441202532,1
CUST_2898,37,9,55.25887842672364,7,1,65.60794389690257,Pro,0.417862297843026,0
CUST_2899,15,22,50.64228020523955,2,0,31.523625603437466,Enterprise,0.04791197455264706,0
CUST_2900,35,21,90.50759100828888,4,0,34.61501479291219,Pro,0.5972802272667546,1
CUST_2901,28,12,71.78477107669546,2,1,89.26449397971086,Pro,0.3507521877148745,1
CUST_2902,7,23,49.63530431525867,2,0,57.935390503979654,Basic,0.5373764473487979,1
CUST_2903,32,29,24.637432596794348,2,2,10.28655828041546,Pro,0.766441698415827,1
CUST_2904,11,1,31.08626676743194,1,1,31.08625857326218,Basic,0.8037403550507636,1
CUST_2905,10,11,71.18261712394178,1,2,7.605837649941805,Pro,0.8642782394487548,1
CUST_2906,9,21,53.695462563476134,6,0,55.612993344714525,Enterprise,0.6360466262369636,0
CUST_2907,14,15,64.21666351897728,2,0,17.326819637598966,Enterprise,0.9056178949314496,1
CUST_2908,13,2,24.627905059756873,1,2,85.71151500251062,Pro,0.6906280097828268,1
CUST_2909,57,20,81.23421901962507,1,0,57.731402645649986,Basic,0.7839140930666795,0
CUST_2910,25,7,103.04195519843621,6,1,5.937564193109468,Basic,0.6854822224122972,1
CUST_2911,2,21,34.66304328049357,4,2,30.087566362431893,Basic,0.871863813762966,1
CUST_2912,35,12,61.524135970660055,2,0,61.63376672361268,Pro,0.22288988188496128,1
CUST_2913,7,22,117.1856428374037,1,0,33.549831819382824,Basic,0.7598870763619892,1
CUST_2914,21,18,43.32280016333368,2,3,51.31766685939557,Pro,0.11715654303944023,1
CUST_2915,18,3,73.43032966623254,0,3,90.93622946827357,Enterprise,0.09199402988185412,1
CUST_2916,3,7,15.372505523028103,0,2,35.00359705062783,Basic,0.49162265378765035,1
CUST_2917,42,11,74.69172528513596,5,1,33.5872862469788,Pro,0.3002371558876853,1
CUST_2918,54,18,15.30765393003106,0,0,81.97568413126987,Basic,0.5633582073848317,1
CUST_2919,39,12,115.31207506223953,0,1,31.875652291676992,Pro,0.6777339177194439,1
CUST_2920,41,6,87.3012049883158,4,2,7.795834414039227,Basic,0.2265629006162707,1
CUST_2921,49,5,95.63837563560624,1,3,18.09449542374949,Enterprise,0.6999260579631175,1
CUST_2922,11,26,85.97200148873824,2,0,94.8800250796301,Pro,0.9954590916315634,1
CUST_2923,39,1,72.81883914879356,3,1,93.32927925777213,Pro,0.7599546202974103,1
CUST_2924,24,12,56.73996982483312,3,1,22.48120907781478,Enterprise,0.17378650187307965,0
CUST_2925,46,27,103.71293867252218,2,0,55.35018730986858,Enterprise,0.6336954241952834,1
CUST_2926,19,26,115.03610176745225,5,1,13.736810042300284,Basic,0.009484770094073225,1
CUST_2927,4,11,62.38915988396935,3,0,67.46776285115358,Pro,0.4697181603311129,1
CUST_2928,26,4,112.12653065285512,0,0,18.530579600981067,Pro,0.533306365640841,1
CUST_2929,38,27,72.08328464867951,5,2,4.979042292160396,Basic,0.9723775529910336,1
CUST_2930,42,18,66.91418149308981,2,1,82.48968072087993,Basic,0.7372053804307224,1
CUST_2931,32,4,57.26551428986602,3,0,32.54003827236257,Pro,0.7059602519469256,1
CUST_2932,39,17,29.06809257596378,1,1,10.852240356009702,Enterprise,0.532404609024204,1
CUST_2933,45,2,5.427760994076807,2,0,83.39039508622253,Basic,0.5131760142088333,1
CUST_2934,46,29,32.77321608844704,0,2,76.23974775461484,Pro,0.9920827812438521,1
CUST_2935,36,24,63.618164734409994,2,1,68.37584504319682,Basic,0.021267996310289305,1
CUST_2936,40,22,48.69539450987154,1,0,91.12487098445293,Enterprise,0.3032059058604243,1
CUST_2937,37,2,56.575801220302885,2,1,48.922608687063516,Pro,0.1337838233509938,1
CUST_2938,33,12,117.7745452498657,3,1,12.80564975867977,Pro,0.31497193240738597,1
CUST_2939,36,6,45.281322626972674,2,1,6.1346409895119525,Pro,0.463619717668028,1
CUST_2940,3,10,57.00103802641241,2,1,31.844101795965862,Enterprise,0.3419323660094381,1
CUST_2941,9,25,20.354288405574252,1,1,8.683083013741621,Basic,0.9627051146089095,1
CUST_2942,8,23,10.51513923025358,2,1,53.550944034708536,Enterprise,0.6805879769877337,1
CUST_2943,33,25,94.17209417813689,2,1,1.4499017823157878,Enterprise,0.728044929824351,1
CUST_2944,59,21,70.62856513327755,4,3,44.37633015093759,Enterprise,0.7422922235824645,1
CUST_2945,6,23,92.48105269504792,1,0,17.846028985358544,Pro,0.8992269918698876,1
CUST_2946,41,27,22.234221871953437,3,0,36.826804386715814,Enterprise,0.7680188073660499,1
CUST_2947,39,16,70.76030868600945,1,0,67.5034074770689,Pro,0.016204809267711284,1
CUST_2948,4,14,34.16888454925819,2,1,35.096377105070154,Pro,0.2613957457825551,1
CUST_2949,13,7,31.22710894350229,2,2,34.13398872002153,Basic,0.9891043856513653,1
CUST_2950,49,28,6.325491616093304,0,2,99.0750732839502,Basic,0.6521244866200585,1
CUST_2951,2,28,19.989183210443265,1,1,71.88147227262863,Enterprise,0.06811773157515111,1
CUST_2952,5,19,40.56583282246496,3,0,51.38617118500514,Pro,0.4666382028588004,1
CUST_2953,44,23,18.44105746795799,3,2,57.93756509975795,Pro,0.9808344601878636,1
CUST_2954,27,17,118.37372064725781,2,1,62.018263151881094,Basic,0.9928381418095771,1
CUST_2955,32,9,40.49275458025433,1,2,2.457539894084193,Pro,0.4324468197786703,1
CUST_2956,21,26,19.987253870767738,1,1,8.026459052524759,Enterprise,0.8930530090127695,1
CUST_2957,8,13,27.89446597521514,0,0,64.91893513566518,Pro,0.5919923113964038,1
CUST_2958,38,22,72.5858712592698,1,1,36.44688588483137,Enterprise,0.50942934879038,0
CUST_2959,8,5,12.365005244450678,2,1,5.544404023192506,Basic,0.4119424885701316,1
CUST_2960,50,23,104.17992496623305,0,0,29.75132460516261,Basic,0.8921300397528296,1
CUST_2961,3,5,115.57246311227193,3,0,13.028342042139018,Pro,0.6211266708296757,1
CUST_2962,54,10,33.3759533767488,2,1,91.63138422263214,Pro,0.3337976436956859,1
CUST_2963,44,21,56.760955887948825,4,0,20.292539255311503,Basic,0.4919324372020565,1
CUST_2964,58,27,7.545461868392163,1,0,14.369119739405246,Enterprise,0.4440792904626437,1
CUST_2965,3,10,78.68167584363047,4,2,62.61688170886166,Enterprise,0.4511541176142554,1
CUST_2966,22,27,52.60149667604772,2,0,52.19119302768327,Enterprise,0.311609804026884,1
CUST_2967,6,7,36.05672360167891,1,2,57.593245403579196,Basic,0.6329572843054718,1
CUST_2968,2,26,28.786267720909976,5,3,43.59481480403152,Basic,0.05223739040451547,1
CUST_2969,23,15,80.21265393075745,5,3,46.716931093212956,Basic,0.886163302671697,1
CUST_2970,44,7,52.86495856871616,2,2,77.87975558471295,Pro,0.4153969676086393,1
CUST_2971,2,29,25.66081823843988,2,1,21.992218482566738,Basic,0.8008624685577516,1
CUST_2972,38,27,84.24754437098477,3,2,39.65293028312341,Enterprise,0.7294918141320399,0
CUST_2973,17,15,69.98331254921978,3,2,95.78253849279493,Enterprise,0.4718516337515931,1
CUST_2974,35,3,103.74728631689206,2,5,18.99857011860452,Basic,0.1987105654252609,1
CUST_2975,34,19,18.509728370796683,3,1,29.377359504186707,Basic,0.5622116875844654,1
CUST_2976,23,10,95.35165922361246,2,0,19.156692428599055,Enterprise,0.9480722655996568,1
CUST_2977,30,28,82.4544304839848,0,2,2.0495496358135634,Basic,0.18577246264277503,1
CUST_2978,52,29,18.22625773523125,2,0,26.982992504167036,Pro,0.25601244520926925,1
CUST_2979,8,15,84.90438393524788,4,0,4.646744596223917,Basic,0.9930054563167882,1
CUST_2980,22,3,55.7779382211805,0,3,15.468512640663334,Enterprise,0.8925709747969588,1
CUST_2981,44,6,113.67325033892196,4,1,36.268207006761465,Enterprise,0.5495498499997739,1
CUST_2982,58,12,21.28530532105842,0,1,2.072121706895824,Basic,0.6947411878456382,1
CUST_2983,36,15,78.92583994380986,2,0,75.29565659307166,Enterprise,0.4430623314536245,1
CUST_2984,5,6,48.927705228238786,0,0,79.55890137695468,Basic,0.40409267657044756,1
CUST_2985,13,13,115.03368711795095,1,1,41.14138024183629,Enterprise,0.4431875408939061,1
CUST_2986,29,29,42.947112958381794,2,0,98.46659793742694,Enterprise,0.4144165531634869,1
CUST_2987,31,19,115.65137959155702,1,1,67.8993914807699,Enterprise,0.6755550115253239,1
CUST_2988,47,3,108.67087287658615,4,1,74.3721747980749,Basic,0.3304566257154893,1
CUST_2989,57,8,36.09407206072548,2,2,19.230042366613343,Basic,0.1707764063306907,1
CUST_2990,55,8,97.40730433503919,0,2,83.74376228217135,Basic,0.706567543471841,1
CUST_2991,16,23,119.49448320740318,1,0,94.50463980215062,Pro,0.03129752704595112,0
CUST_2992,42,26,34.05624524969747,4,0,23.631016657379178,Pro,0.7187533489164817,1
CUST_2993,30,20,55.22937447218176,6,1,68.64642943863801,Pro,0.26324369549457616,1
CUST_2994,57,15,64.82078470517736,1,0,74.69410486633313,Enterprise,0.19025288132641682,0
CUST_2995,55,4,38.9170806174444,3,1,30.516917180954906,Enterprise,0.37895667084721674,1
CUST_2996,16,19,6.755456559293423,2,4,47.50090025722964,Basic,0.11749996093228465,1
CUST_2997,12,21,30.314863082715565,0,1,9.75390935807241,Enterprise,0.38448962456229585,1
CUST_2998,17,3,37.42274169930222,4,1,17.309480395950793,Pro,0.10232172214902313,1
CUST_2999,16,13,56.013965651591526,3,0,6.157052364719473,Pro,0.4834887331647991,1
CUST_3000,12,8,24.676785017541214,0,1,56.01654905452938,Basic,0.17616974940799957,1
CUST_3001,8,23,105.42425101954235,0,0,62.52628972772693,Enterprise,0.12999658522380697,0
CUST_3002,20,16,86.06478026410365,2,1,91.6119583433733,Enterprise,0.5791096298663542,1
CUST_3003,3,13,14.798054919361128,3,3,54.21848106236015,Pro,0.6252450504506629,1
CUST_3004,16,3,79.76063188109211,2,2,26.061137080809992,Basic,0.005517540855692893,1
CUST_3005,30,16,80.17049478664634,2,1,5.94735465911188,Pro,0.3876774208090187,1
CUST_3006,45,9,114.96543496901718,1,0,88.49530527508368,Enterprise,0.07795609004324455,1
CUST_3007,23,28,5.347400205958543,3,0,47.88580785280534,Pro,0.7386444609199068,1
CUST_3008,28,14,33.512231727667825,3,0,73.73219894423212,Pro,0.6815229295410152,1
CUST_3009,51,13,111.69602012816128,1,0,1.4649348595588974,Enterprise,0.04972913304398496,0
CUST_3010,40,21,112.19540027080255,1,1,48.81389226644176,Enterprise,0.9412505903636579,1
CUST_3011,54,25,87.8674382276233,2,2,32.572262316649855,Enterprise,0.9599603517046879,1
CUST_3012,5,7,93.0627819204671,3,2,3.0331272613826843,Pro,0.3346716291269968,1
CUST_3013,20,15,15.520540161909418,2,1,77.56728070724583,Pro,0.13061262305161014,1
CUST_3014,40,7,64.09572099949688,2,2,51.290165289361326,Pro,0.11434324193967682,1
CUST_3015,56,6,31.63204399823493,1,2,33.31802429911309,Basic,0.8407205305924315,1
CUST_3016,44,2,25.840075015565986,4,1,80.57984839073993,Basic,0.45916288909666125,1
CUST_3017,1,9,98.18487939918325,1,1,44.69234518501665,Enterprise,0.00950844062623002,1
CUST_3018,57,22,20.529385718262954,0,0,0.34979563683013026,Basic,0.9253520864850406,1
CUST_3019,30,24,58.894938254584304,3,1,94.44476320383255,Enterprise,0.5927373260187555,1
CUST_3020,21,17,112.9364975523938,0,0,25.56827404623855,Pro,0.690396987912796,1
CUST_3021,20,5,26.37068639001439,2,1,83.05755220633414,Enterprise,0.8235539373772303,1
CUST_3022,6,12,117.46924372989697,3,1,81.6415384081273,Pro,0.8185787006408244,1
CUST_3023,22,1,119.34311836252179,3,1,16.23739313607313,Enterprise,0.07580487252033963,1
CUST_3024,18,10,68.89597278847634,3,1,47.400268121477666,Basic,0.5739922930306103,1
CUST_3025,8,11,24.56641512037316,1,1,4.019897849849297,Pro,0.696244627842567,1
CUST_3026,39,16,41.352062113203,2,1,35.4551672888462,Pro,0.08562043781578166,1
CUST_3027,32,14,53.81667575780154,2,1,73.09788433696201,Pro,0.22240090719799144,1
CUST_3028,33,8,40.57228580119564,0,1,23.706947011035762,Basic,0.39581445851656194,1
CUST_3029,53,24,37.273091685799315,0,0,11.712793074230998,Basic,0.8865250632332176,1
CUST_3030,16,17,116.80641655988111,2,0,50.712355093500896,Basic,0.8506333988486586,0
CUST_3031,12,25,22.63695515281075,2,0,53.69863843736321,Pro,0.7821030014247621,1
CUST_3032,38,18,89.33270950243916,3,2,67.5828931321158,Enterprise,0.9902767116879038,1
CUST_3033,52,12,5.04718328550511,3,1,75.91377468025907,Enterprise,0.2426566515933084,1
CUST_3034,34,25,73.56100698127334,1,0,69.58095312646552,Basic,0.46781481004679937,1
CUST_3035,14,17,110.33344545471603,2,0,84.54122082948507,Enterprise,0.4467230123373853,1
CUST_3036,36,28,38.11242082072019,1,1,22.290646428203985,Pro,0.6789374133520009,1
CUST_3037,33,26,26.335487154637708,1,1,56.976674621649614,Pro,0.850153286593384,1
CUST_3038,23,14,79.9431764110191,0,1,36.00953574213251,Basic,0.4916827552792643,1
CUST_3039,50,16,86.94916183931521,3,0,96.21123570016422,Basic,0.4915317930913585,1
CUST_3040,45,14,84.12350967947785,2,0,44.027952341482376,Enterprise,0.6083178128523308,0
CUST_3041,2,9,41.72144120245802,2,0,95.97139331335566,Enterprise,0.7424745522154339,1
CUST_3042,41,4,34.00327624832305,0,0,76.9065654059106,Enterprise,0.20130078547464214,1
CUST_3043,21,25,114.93066199563508,3,1,71.84638620686991,Basic,0.9618595505504348,1
CUST_3044,2,23,111.17944345104189,2,1,49.15637119218269,Basic,0.09205348062611862,1
CUST_3045,27,11,57.59141013767434,3,2,44.33781342556021,Basic,0.023100073251197895,1
CUST_3046,57,6,102.31229460775295,2,1,52.65481875184069,Pro,0.35879140703402845,1
CUST_3047,9,15,57.01719992794404,5,1,29.363306292695324,Enterprise,0.7014349374523279,1
CUST_3048,1,5,53.8047370783387,3,1,90.45099398384667,Basic,0.9780749641821294,1
CUST_3049,11,11,23.027738973918886,0,3,79.43306552653664,Basic,0.9327604558463901,1
CUST_3050,3,25,54.03669649657687,3,0,80.13958543250439,Basic,0.6884874472932335,1
CUST_3051,52,18,66.80294793897781,2,1,43.31535954494361,Enterprise,0.4365457195810949,1
CUST_3052,23,13,7.587997654298944,4,0,7.108894824421707,Enterprise,0.5958017879498584,1
CUST_3053,26,11,56.07299559517174,2,2,68.30773179262786,Pro,0.9686572921718634,1
CUST_3054,4,14,94.85596511544803,4,1,37.44135839714118,Pro,0.2655010661674857,1
CUST_3055,18,28,83.20529648304104,4,0,87.04303124508253,Pro,0.47828071671344397,1
CUST_3056,55,18,78.04305371935253,2,2,78.03384384498635,Pro,0.6929016907172583,1
CUST_3057,6,27,109.59887427027829,2,0,14.532814198975608,Basic,0.010298882127325548,1
CUST_3058,35,28,7.073681129901451,3,1,60.171573053851425,Pro,0.38126141721612894,1
CUST_3059,22,25,69.06047241210693,2,0,69.22139259271843,Basic,0.5679122003426785,1
CUST_3060,43,28,95.54511756711632,2,0,56.813757982436144,Basic,0.900918279318316,1
CUST_3061,15,19,67.25356901064573,3,1,51.40421761552613,Enterprise,0.9919976616001746,1
CUST_3062,22,24,42.247988546743606,3,0,22.786307500594127,Basic,0.5563244062277035,1
CUST_3063,37,27,20.668814985577455,2,3,23.590684442118437,Enterprise,0.9445802874694708,1
CUST_3064,52,15,107.06975325886201,2,2,76.80081386425546,Pro,0.09926551516377002,1
CUST_3065,42,9,59.13767512457434,2,1,1.868978556355716,Pro,0.7012708249729316,1
CUST_3066,12,8,105.98324765335566,4,3,77.89100627055763,Enterprise,0.4005543644623717,1
CUST_3067,47,20,72.37299407981436,4,1,52.67987365391391,Enterprise,0.7509734575641694,1
CUST_3068,49,28,82.5320934107251,3,2,93.6222652384836,Pro,0.8677235447984774,1
CUST_3069,42,1,97.49003275352176,2,0,99.7321547722923,Basic,0.053724284758938645,1
CUST_3070,38,4,80.80288762901546,4,1,66.34845651089614,Basic,0.9354735436570487,1
CUST_3071,18,14,50.77630667807784,2,1,41.2257194420137,Enterprise,0.06815619254525307,1
CUST_3072,45,25,64.06783915179486,2,1,47.508590856069446,Basic,0.7533983725000758,1
CUST_3073,35,2,97.35023533772619,6,2,20.421542765150768,Basic,0.0690697583599097,1
CUST_3074,30,16,47.969784082893185,1,0,9.923432399148101,Pro,0.8616821668405812,1
CUST_3075,24,3,49.63396752837716,0,1,57.87633933021351,Enterprise,0.20498147479169992,1
CUST_3076,42,26,16.004363346670132,1,2,80.54950979666006,Pro,0.43407033120414695,1
CUST_3077,30,8,110.17721005050099,1,0,26.17665177292132,Basic,0.9326209067701681,1
CUST_3078,14,6,15.4691762187258,2,0,41.96528102453498,Basic,0.7920673287285922,1
CUST_3079,6,16,79.54405540658392,0,2,55.47736617769807,Pro,0.7857752480723358,1
CUST_3080,3,24,52.51736506232174,5,0,90.78978199700572,Basic,0.7633300671685417,0
CUST_3081,16,16,51.64622987937587,4,2,13.863122766205604,Basic,0.569435089863214,1
CUST_3082,7,7,83.14846120585865,3,1,23.688316872966265,Pro,0.9514300453713395,1
CUST_3083,52,13,12.715779252436054,2,1,91.85304517857847,Basic,0.8316357267481717,1
CUST_3084,14,13,73.27616503941498,1,2,3.9535593154691795,Pro,0.44028809729000307,1
CUST_3085,9,5,93.7836553868208,2,1,65.61156340598586,Enterprise,0.7425559455754001,1
CUST_3086,15,25,100.24446715695834,3,1,63.952588321795155,Basic,0.9981074738706383,1
CUST_3087,21,20,24.61099478028416,4,0,38.3254433632564,Basic,0.8710004669292766,1
CUST_3088,35,22,108.20319075898998,1,1,46.816467900711814,Pro,0.0012229913883252674,1
CUST_3089,2,18,80.45680056245585,0,2,85.49179514805613,Enterprise,0.7378861824162857,1
CUST_3090,27,15,106.41330209437852,1,0,16.49820633467791,Basic,0.8978816645876231,1
CUST_3091,2,18,60.8072824676728,0,0,23.15674782789271,Basic,0.32775260539455076,1
CUST_3092,35,2,67.33383468617824,2,1,51.235041143989044,Enterprise,0.9774918560280336,1
CUST_3093,18,10,110.68940185829717,2,2,40.974542300003016,Basic,0.401299365635277,0
CUST_3094,14,23,108.48959748578726,0,1,57.43724975451836,Pro,0.42117692892873015,1
CUST_3095,20,13,56.53850043743523,0,1,92.08391860937958,Enterprise,0.16087209275570835,1
CUST_3096,18,18,36.5574526381034,0,0,91.71020177378367,Enterprise,0.0965945816408681,1
CUST_3097,10,15,50.214599974890376,0,0,23.001833971499174,Basic,0.5365957002772154,1
CUST_3098,25,12,49.59289778092122,2,2,30.21446128488404,Enterprise,0.6027755198930276,1
CUST_3099,2,15,37.9896906230213,3,2,16.20686812970299,Enterprise,0.3668965168913999,1
CUST_3100,25,13,35.88665449829115,2,1,92.77903714639264,Enterprise,0.6066094051998251,1
CUST_3101,54,18,104.02223769516773,2,1,39.78641301981952,Basic,0.39467085253845524,1
CUST_3102,33,15,13.034120878736093,3,1,44.97051448836772,Enterprise,0.8681849846399952,1
CUST_3103,36,25,82.92528594145332,2,1,80.26407807774596,Basic,0.9538231444307461,1
CUST_3104,31,23,24.874305917492013,3,0,51.29734728102919,Enterprise,0.5935407093868602,1
CUST_3105,14,11,44.61817774031727,3,1,11.975548222151211,Pro,0.8422744830072623,1
CUST_3106,1,19,12.07744892550624,3,3,43.78487094426966,Enterprise,0.8537414987165386,1
CUST_3107,46,3,36.046968238378135,2,2,63.05240432786318,Enterprise,0.7137626902906569,1
CUST_3108,16,7,93.36842317848284,0,2,71.92090877570364,Enterprise,0.19200188918615602,1
CUST_3109,54,21,106.77676232293474,4,2,64.5351852782894,Pro,0.15493808214428262,1
CUST_3110,46,26,30.47562246877221,1,1,11.91807192323633,Enterprise,0.9194842435831581,1
CUST_3111,52,14,58.30800151477601,2,0,30.434452516181832,Pro,0.2650613083856652,1
CUST_3112,3,14,59.087265512778735,3,1,73.35646449632152,Pro,0.2463308472579745,1
CUST_3113,35,22,105.46116016236944,5,1,88.01901943360747,Pro,0.16612873791121108,1
CUST_3114,41,13,92.72189108071763,1,2,4.718641506225973,Basic,0.5274540476799697,1
CUST_3115,6,12,64.00388011232573,2,1,4.2229108069977155,Basic,0.6769974884838197,1
CUST_3116,25,24,82.13592805425394,2,0,64.34045293390623,Pro,0.6761614697854493,1
CUST_3117,13,9,102.44583119957719,3,2,54.8046154163281,Basic,0.26105269965272515,1
CUST_3118,53,1,6.096979712937669,3,1,15.533905051771402,Pro,0.09478541400348539,1
CUST_3119,34,19,51.33235357075559,1,0,54.829158169696036,Basic,0.3102094962457833,1
CUST_3120,8,11,109.33296423686404,4,1,97.44873435008509,Basic,0.5034347830880167,0
CUST_3121,21,23,90.13599854705441,2,3,63.0900220396625,Enterprise,0.6124399954059248,1
CUST_3122,34,22,67.42675804841858,3,0,44.91411560497186,Basic,0.27060036560298495,1
CUST_3123,4,23,65.90912060904034,1,1,82.75324879395754,Basic,0.18315841143884015,1
CUST_3124,25,24,44.993561224510344,3,0,21.282248565215156,Enterprise,0.8415757055795541,1
CUST_3125,15,22,64.85986136877418,1,1,41.43264308269132,Pro,0.8579259317369581,1
CUST_3126,4,19,80.36906793829712,1,3,52.77678918108474,Enterprise,0.27995628376658654,1
CUST_3127,45,18,53.1117494193112,1,0,50.453989205075544,Basic,0.5601128456006358,1
CUST_3128,12,12,87.12761183510001,4,0,92.09724692111524,Basic,0.43982646214547416,1
CUST_3129,32,23,104.04170613494438,2,2,29.26681072466758,Pro,0.14196720316863154,1
CUST_3130,32,28,22.788757541259034,0,2,5.650372072961963,Basic,0.9405862283227774,1
CUST_3131,28,28,56.92790762400381,1,0,91.6377204513742,Enterprise,0.009782935793835268,0
CUST_3132,13,28,51.92231049778432,4,2,21.706765713834265,Pro,0.1875763703136386,1
CUST_3133,31,27,84.05845246571873,1,0,37.90279739767074,Enterprise,0.3455649216780119,1
CUST_3134,14,1,33.734758504661876,1,2,53.08916245180772,Basic,0.8564612551825744,1
CUST_3135,20,19,78.62885521951176,3,0,97.58804705482135,Pro,0.7886536604091218,1
CUST_3136,18,28,105.91126279912112,0,1,53.52684416285981,Basic,0.5798840645662187,0
CUST_3137,29,27,53.08513397626661,1,0,44.7743306548479,Basic,0.695020955319429,0
CUST_3138,6,20,109.7668054976103,1,1,58.36384795176467,Enterprise,0.3409115974530311,1
CUST_3139,32,29,119.21382997735002,2,1,97.08081599171378,Basic,0.940541546218728,1
CUST_3140,29,17,17.20058574401449,2,1,81.79445987564404,Enterprise,0.026787288560364386,1
CUST_3141,43,5,31.801116618258742,1,1,16.89681363119221,Basic,0.10092867658942395,1
CUST_3142,2,26,114.29367142044072,2,3,80.32600149042091,Enterprise,0.9255538322639574,0
CUST_3143,23,3,115.20768394535948,1,0,84.10990598038885,Enterprise,0.9450516263159479,1
CUST_3144,19,2,16.236336669477225,2,0,69.06941039584663,Pro,0.49057100372159124,1
CUST_3145,31,3,6.7248275433707185,2,1,65.72334591672643,Pro,0.5764607854070216,1
CUST_3146,51,8,23.526502674488558,4,2,44.08770008478042,Basic,0.9025378550625649,1
CUST_3147,5,16,119.54147008895856,1,3,64.16953871194538,Basic,0.8534343539354857,1
CUST_3148,19,6,25.69995591022899,4,0,73.75749721522578,Pro,0.8619518798543505,1
CUST_3149,34,13,62.79297477303266,3,1,12.282024807429902,Enterprise,0.3717856018640834,1
CUST_3150,10,23,102.56803853950878,3,1,25.732996018343567,Enterprise,0.8305478380158542,1
CUST_3151,25,28,7.346185229143729,1,0,19.408187896629403,Pro,0.06931060113419107,0
CUST_3152,2,22,74.51623295972284,3,1,84.12118369060143,Pro,0.4869644746373675,1
CUST_3153,11,22,36.85792662000679,2,1,68.00025915317677,Basic,0.23740693892834597,1
CUST_3154,50,16,104.16851539056913,2,1,45.077853957517654,Enterprise,0.035797784970672764,1
CUST_3155,31,28,37.598032165369105,1,1,82.60557504884682,Pro,0.6172108582919306,1
CUST_3156,56,16,83.97690783241953,1,0,71.67813399925107,Enterprise,0.07617989296243399,1
CUST_3157,15,3,82.53525773145064,0,1,91.35930815452969,Enterprise,0.12015923641919313,1
CUST_3158,9,28,30.471758118858602,3,2,7.680699609791574,Pro,0.08174509095386362,1
CUST_3159,23,13,9.001907984860264,3,3,50.915738154123524,Enterprise,0.9750475525807055,1
CUST_3160,19,14,52.063700985320686,3,1,70.67479035762551,Basic,0.03923868994255453,1
CUST_3161,9,8,38.25721247607502,1,3,20.749318680484574,Pro,0.26975645489002376,1
CUST_3162,35,12,98.03244120557649,1,1,32.7126231971364,Enterprise,0.6519984794232339,1
CUST_3163,21,23,97.04188167236471,1,0,41.897625131982664,Pro,0.8233832132365506,1
CUST_3164,9,23,57.55775450215193,6,1,79.43256182705892,Pro,0.6082035242971345,1
CUST_3165,28,22,74.74890591217017,3,0,49.35762010571951,Enterprise,0.9765017563540938,1
CUST_3166,46,21,74.4898443384964,1,1,49.28700328477893,Basic,0.33770820881830743,1
CUST_3167,51,26,100.12318706917668,4,3,43.08876185521453,Pro,0.47200549226743727,0
CUST_3168,7,8,53.875277624167715,1,3,22.85890892963154,Enterprise,0.821301435919741,1
CUST_3169,16,21,36.67636817590854,1,3,92.30715356127646,Pro,0.6816973929198892,1
CUST_3170,16,25,35.47901558616296,2,2,31.78011206566754,Pro,0.2140670631196363,1
CUST_3171,33,9,66.66211211745347,0,0,56.74656607699006,Enterprise,0.49866774011895687,1
CUST_3172,4,1,56.65204331420445,2,1,14.87797355223065,Basic,0.9759593167457726,1
CUST_3173,4,6,55.61388866326766,0,2,43.424339209904716,Enterprise,0.8630231756665131,1
CUST_3174,39,23,15.480793995316331,1,0,90.38035161692177,Pro,0.19180339756920606,1
CUST_3175,40,19,87.6394301793725,3,0,99.5465238510592,Basic,0.17978589764323705,0
CUST_3176,17,23,29.57971911791973,3,0,36.17518567334671,Basic,0.8283945173701613,1
CUST_3177,37,11,27.649667474002957,2,0,15.39905463143355,Basic,0.19889450142980425,1
CUST_3178,39,11,52.46720683190025,1,2,31.445152673039512,Basic,0.4527893931365662,1
CUST_3179,52,23,31.194509286047165,0,3,32.72417683870194,Pro,0.18075863407862147,1
CUST_3180,29,13,72.14370074042176,2,0,64.45087942823177,Enterprise,0.01466286203424394,1
CUST_3181,52,11,47.71828402346422,1,0,49.61567244945603,Enterprise,0.8754036461334433,1
CUST_3182,36,18,56.624848098170865,2,0,76.84597282656304,Basic,0.7790044421741403,1
CUST_3183,38,23,66.77447198446332,4,2,70.13032844974812,Basic,0.47058842928899025,1
CUST_3184,39,15,28.406585085407556,1,3,25.13087239252463,Enterprise,0.15957900001726288,1
CUST_3185,50,1,22.911436629535928,4,0,78.42556898857781,Basic,0.806417708206349,1
CUST_3186,37,21,106.24851883046455,0,0,84.7461866914816,Enterprise,0.35936727593119244,0
CUST_3187,52,25,54.87822582561342,1,0,59.83901897540017,Enterprise,0.6619491611542303,1
CUST_3188,35,7,52.390765107742006,0,1,92.76677092485761,Basic,0.3166944436897041,1
CUST_3189,7,23,9.09539728137677,1,1,78.29481227345502,Enterprise,0.4322871049442034,1
CUST_3190,27,27,62.26727479755022,1,0,59.5395906873199,Enterprise,0.5354718292690596,0
CUST_3191,28,13,68.729517985265,5,2,90.61659973133301,Enterprise,0.762016272711528,1
CUST_3192,22,12,69.26670015978665,1,2,60.0358480240539,Basic,0.8320685878845195,1
CUST_3193,14,18,86.3085844721317,1,1,52.11911273373402,Pro,0.44354674685499074,1
CUST_3194,7,24,25.410411023966354,0,0,35.625834041110274,Pro,0.2330401323462603,0
CUST_3195,37,19,34.00566043652117,3,1,88.28633305944453,Pro,0.15364932847802315,1
CUST_3196,22,15,98.23400350149745,2,0,12.272717087282158,Pro,0.34074787125338224,1
CUST_3197,5,8,113.92462093699031,2,0,47.35027142174564,Pro,0.8017834861690197,1
CUST_3198,55,19,20.632265947241873,2,2,53.741333187502185,Basic,0.27398182531148974,1
CUST_3199,2,10,62.22969876810009,3,2,55.474910676977686,Basic,0.047519966147041015,1
CUST_3200,27,7,29.630269065052488,1,3,65.18898304852432,Pro,0.5642760870141527,1
CUST_3201,21,18,11.90841436082298,1,1,50.57956242538156,Pro,0.03361362684168456,1
CUST_3202,54,16,42.43288388450557,1,0,25.681814763992705,Enterprise,0.8849251407872926,1
CUST_3203,38,20,21.524076896184464,3,1,85.69443961394998,Enterprise,0.6780604795384513,1
CUST_3204,15,27,86.64230344493832,4,0,65.75253278355284,Enterprise,0.2568453570134428,1
CUST_3205,21,6,66.37842257221611,3,2,85.81878137103061,Pro,0.4690915041293078,1
CUST_3206,10,27,21.54096416388575,0,0,27.604349098037673,Pro,0.7392168297482733,1
CUST_3207,23,9,6.062782666634153,3,1,63.70568949028217,Basic,0.9156838335571879,1
CUST_3208,58,21,97.93806063778446,3,0,71.41737450763951,Enterprise,0.8744537617267076,1
CUST_3209,56,13,25.262356708888465,0,0,38.340516036783846,Enterprise,0.06953152029493148,1
CUST_3210,39,25,74.71491385538809,3,2,81.22441182069012,Basic,0.0811413010445311,1
CUST_3211,5,21,43.74602000382574,4,0,0.2508774842296724,Basic,0.5977237054506327,1
CUST_3212,1,26,72.33088290622909,1,1,59.491975021422164,Basic,0.49649606886360753,0
CUST_3213,13,8,41.300167102967265,3,0,61.35684703521305,Enterprise,0.2929370736021373,1
CUST_3214,21,16,14.998049479609229,2,2,53.38430930386354,Basic,0.976173089193256,1
CUST_3215,26,13,30.639250984141665,1,1,63.00484869194495,Pro,0.7462670700836853,0
CUST_3216,50,13,26.626735145093694,5,1,16.722685702327023,Pro,0.687317448389289,1
CUST_3217,45,17,54.222225530559044,1,3,68.47814818023757,Pro,0.18132969277631494,1
CUST_3218,21,23,80.70263509400809,0,1,33.57889628366652,Basic,0.28393088767076224,1
CUST_3219,53,20,35.33769861883112,2,0,45.20537425759178,Enterprise,0.6050186841105047,0
CUST_3220,18,5,6.388042559571065,1,2,33.31093639962687,Enterprise,0.7955964643657869,1
CUST_3221,37,22,64.67779689044704,4,1,47.39362034994854,Basic,0.931060349488902,1
CUST_3222,45,21,74.6623412762818,1,4,62.156922651174774,Basic,0.6977268798480183,1
CUST_3223,32,28,115.73010681020811,1,0,83.83434708955511,Enterprise,0.4186370531345387,0
CUST_3224,36,17,72.78914235572338,2,0,48.3435057640221,Pro,0.6910778707795567,1
CUST_3225,17,28,59.184844328486314,1,1,32.32238276036033,Pro,0.0691753403700841,1
CUST_3226,35,9,70.94118697823593,3,2,48.79418789253843,Enterprise,0.6000828057855054,1
CUST_3227,49,2,111.7085724341331,5,0,68.88036640705155,Basic,0.8946248688086695,1
CUST_3228,11,25,100.26348674418932,1,0,34.67007167257956,Pro,0.6369465151221421,1
CUST_3229,21,26,42.14255433683792,2,0,41.42820747234062,Pro,0.007540271911687713,1
CUST_3230,52,18,32.28425182057079,3,0,56.28398170087364,Pro,0.6945191246504664,1
CUST_3231,55,9,35.20286542209847,3,1,29.400926382735005,Basic,0.7264441309409619,1
CUST_3232,53,6,63.0084195672495,3,0,20.90846595444418,Basic,0.5412291529616114,1
CUST_3233,26,11,90.56568689128645,2,0,14.039228386326197,Pro,0.8160882291456032,1
CUST_3234,4,25,62.87020882604064,0,2,35.26099831260743,Basic,0.20229126617400095,1
CUST_3235,34,29,12.796585520232949,2,2,4.834290643805705,Enterprise,0.40897886256521343,1
CUST_3236,52,6,88.21178055059781,3,1,58.34825267095015,Basic,0.807586019163874,1
CUST_3237,48,6,97.68656479715969,2,0,17.59093659975245,Enterprise,0.6036898033430931,1
CUST_3238,18,13,38.29225448876776,0,1,37.73947923300428,Pro,0.9943652479477131,1
CUST_3239,40,11,81.37446001758529,3,1,26.922281539837257,Pro,0.06926433296379042,1
CUST_3240,35,14,54.05806862125524,4,2,63.038996634174936,Enterprise,0.2443111287397669,1
CUST_3241,41,2,107.24872590865593,1,0,85.03456614668663,Pro,0.19912535248850094,1
CUST_3242,29,8,102.20093918848508,4,1,63.3301042988345,Pro,0.976392224739126,1
CUST_3243,52,3,65.42467980560886,0,0,54.25049286733938,Pro,0.8692626560457649,1
CUST_3244,29,23,84.52313776856336,3,1,66.90837393220421,Basic,0.13312354416360006,1
CUST_3245,38,21,106.58521561754196,3,0,2.9990637760199834,Basic,0.3538039060213626,1
CUST_3246,42,3,62.007456159001684,3,0,12.284466096211977,Enterprise,0.052597204616885995,1
CUST_3247,21,1,41.023835156214524,3,0,9.492723597104424,Enterprise,0.6325673186833101,1
CUST_3248,42,24,91.67160585960184,2,1,9.8197165748784,Basic,0.33119471178225146,1
CUST_3249,13,19,30.307619300239555,1,1,26.0483715196548,Pro,0.25756426698834356,1
CUST_3250,49,18,49.68108202069484,3,2,53.20522603832052,Basic,0.5231171981909752,1
CUST_3251,41,17,104.55863226728127,1,2,11.46815786567471,Pro,0.7955515739484162,1
CUST_3252,17,20,88.30856913097124,3,1,93.51162411893893,Enterprise,0.4039176088418379,1
CUST_3253,56,29,51.43826560346241,3,0,85.42568026544154,Enterprise,0.757448891190985,1
CUST_3254,9,24,29.6956177769611,3,1,97.1644353832982,Enterprise,0.44613225833782966,1
CUST_3255,41,13,45.9363649457072,2,3,4.2500045088490594,Basic,0.21452204705590205,1
CUST_3256,1,3,37.67197716115479,3,2,85.14024470893163,Basic,0.44620580299659085,1
CUST_3257,2,1,25.2502681135432,1,1,80.37340754414895,Pro,0.5380545108177617,1
CUST_3258,48,4,90.48328506005052,2,1,90.21058646024605,Enterprise,0.46157937403834803,1
CUST_3259,29,25,33.988036987769725,1,1,52.79441676598087,Pro,0.2743242869784057,0
CUST_3260,33,13,57.22925906929284,4,2,78.78890707756734,Pro,0.18510218972104453,1
CUST_3261,10,17,49.37383638615254,3,1,5.128687934265241,Basic,0.946952197900735,1
CUST_3262,50,28,117.93889854309755,4,1,7.587778948398882,Basic,0.2974862511031465,1
CUST_3263,58,11,49.97560807704536,4,0,11.853224094958826,Pro,0.7053696122492102,1
CUST_3264,40,2,14.197985521626801,4,0,91.4788863298208,Pro,0.3406943907861858,1
CUST_3265,21,25,15.329961545789663,4,0,6.116934938844887,Pro,0.9696430251363969,1
CUST_3266,28,16,72.93667795560245,1,1,10.014952669911093,Basic,0.9882787662856063,1
CUST_3267,11,2,73.92680844990055,0,2,93.0410402629527,Pro,0.8250963467402727,1
CUST_3268,55,29,53.157283905505324,0,2,10.739258183227818,Basic,0.5814735316720694,1
CUST_3269,34,19,54.66202461588341,4,1,86.97562987253738,Enterprise,0.542067322959314,1
CUST_3270,8,23,11.202247026700189,3,1,78.92707880622864,Enterprise,0.32896140358188364,1
CUST_3271,59,19,64.40284869476517,0,2,4.028198853215425,Pro,0.12202856060296685,1
CUST_3272,22,25,63.04503966874044,1,1,2.184739688963,Basic,0.07906113575608398,1
CUST_3273,8,16,22.19817163404862,2,0,53.43883835135932,Enterprise,0.46544750713967253,1
CUST_3274,49,22,16.94152940275667,1,1,99.71754037667672,Basic,0.9787887189992365,1
CUST_3275,15,19,19.210836418941405,1,1,87.88301600989865,Basic,0.24687791143366256,1
CUST_3276,17,9,16.61824834649473,6,1,31.002543337128465,Enterprise,0.41095241312512476,1
CUST_3277,23,1,75.11644248672738,1,0,38.630923411540344,Pro,0.6414195130842409,1
CUST_3278,24,10,27.59550502633564,2,2,38.79059962381011,Pro,0.351063823008423,1
CUST_3279,45,19,33.91446750155829,0,1,73.41788159050148,Enterprise,0.0036297500597120003,0
CUST_3280,19,1,24.960796577415568,1,0,34.113275266238354,Basic,0.39621713472014886,0
CUST_3281,5,2,115.15106001157785,1,2,14.779706137526071,Pro,0.8046414374683287,1
CUST_3282,32,16,103.28100826246107,2,0,74.71074085835504,Basic,0.9439599618845486,1
CUST_3283,44,12,31.5069062954249,1,0,45.801561824510465,Enterprise,0.2750907960262797,1
CUST_3284,1,8,42.67012380104449,0,0,7.677872368646699,Pro,0.9216456421852527,1
CUST_3285,23,23,29.137676865074674,1,2,79.00522684920608,Pro,0.8671485534646574,1
CUST_3286,37,18,61.56573533799473,3,2,58.53112639502292,Pro,0.4067238427989017,1
CUST_3287,8,2,7.255211234539163,1,2,48.93693252687843,Enterprise,0.004677816195338136,1
CUST_3288,13,25,82.20732102313151,1,2,67.33431671472798,Enterprise,0.844875928056857,1
CUST_3289,8,29,65.16318722902878,3,0,50.536768282036626,Enterprise,0.2867725307520993,0
CUST_3290,57,13,108.34347675462688,3,1,64.84201479884992,Basic,0.7558865739767074,1
CUST_3291,23,6,23.905158697767625,1,1,86.74885453653216,Basic,0.5715145526532269,1
CUST_3292,43,21,97.47256329703013,0,1,61.351436811112535,Basic,0.2216645216827885,1
CUST_3293,1,26,96.0755166636723,4,1,65.96004978542749,Pro,0.6482116909890477,1
CUST_3294,45,6,19.625836759941997,2,1,61.38560694206747,Pro,0.7648402324939776,1
CUST_3295,51,9,50.834310776574675,1,0,53.11797776332966,Pro,0.47444515770703066,1
CUST_3296,24,16,24.56755373161944,3,0,17.197241097547156,Enterprise,0.7479102774734984,1
CUST_3297,35,11,34.29285755261812,1,0,33.567764355886546,Enterprise,0.40497183800136916,1
CUST_3298,24,7,35.2733101055126,1,0,69.31089673581222,Pro,0.9802515720532957,1
CUST_3299,17,10,68.96718531296386,4,2,42.54761067017772,Enterprise,0.2398085055124639,1
CUST_3300,5,10,52.31225715245353,4,1,40.612901191102324,Basic,0.7778547124466481,1
CUST_3301,20,25,113.98927246072512,1,1,75.92692841305579,Basic,0.7496020570575452,1
CUST_3302,21,20,19.53256632390559,2,3,0.5568860623661243,Enterprise,0.5294429025956713,1
CUST_3303,40,18,116.97459550777286,4,0,67.89944802453385,Basic,0.35033826092312625,1
CUST_3304,58,28,31.523443624640354,2,0,48.92265104900153,Basic,0.44575992804770626,1
CUST_3305,31,24,93.88050268391311,2,2,37.67625812463521,Basic,0.6294874280906878,1
CUST_3306,46,20,43.98154150987446,1,0,34.05366115735896,Pro,0.5303496335753262,1
CUST_3307,36,29,21.454360472991098,2,2,17.287549531516955,Enterprise,0.7615401602971421,1
CUST_3308,11,9,103.6572563033176,1,0,33.42520827486031,Enterprise,0.36068180476023315,1
CUST_3309,52,15,40.51900341219327,3,1,39.14184721103729,Pro,0.10724503497735327,1
CUST_3310,15,4,80.76837148608685,4,0,43.74489194248349,Basic,0.5055952520052315,1
CUST_3311,19,8,70.14102378496206,3,0,67.23006386775275,Pro,0.2590117558150695,1
CUST_3312,7,9,59.251975579950546,1,1,45.357101942300496,Basic,0.6166380812205616,1
CUST_3313,51,13,62.019239354582,0,0,79.62843042233506,Pro,0.5203229154039972,0
CUST_3314,28,9,89.20736012061307,1,2,63.973799737837446,Basic,0.7787485664991051,1
CUST_3315,51,26,15.093885124195666,4,1,18.959707949408934,Pro,0.575227222367436,1
CUST_3316,43,4,81.8407761251591,1,2,27.717317277051347,Pro,0.430759541221993,1
CUST_3317,58,17,108.01839166083656,2,0,7.924918644138545,Basic,0.11985599882255715,1
CUST_3318,5,16,11.645642657284377,0,0,94.57217549233222,Basic,0.12014136760359884,0
CUST_3319,5,15,21.175134011871677,5,1,88.65504812292666,Enterprise,0.6403510122741294,1
CUST_3320,30,3,87.41267272073361,2,0,8.479622545093711,Enterprise,0.8807532991099083,1
CUST_3321,54,25,55.28738954813102,1,0,57.407601584746004,Pro,0.41478764530724976,1
CUST_3322,32,20,51.40809139357416,3,0,96.04018188608185,Pro,0.5307892344422103,1
CUST_3323,8,5,20.751162972587125,4,0,74.71427899461557,Enterprise,0.5912125234830857,1
CUST_3324,10,23,63.27855468254563,1,2,49.18121939706727,Enterprise,0.4772976318640071,0
CUST_3325,38,5,19.552710787583383,1,0,24.110298890663483,Basic,0.05956361534043497,1
CUST_3326,47,20,59.81135247571215,4,0,27.90370750812956,Enterprise,0.589139316601577,1
CUST_3327,32,15,92.81575938059052,4,1,73.62379546713606,Pro,0.13710244735395893,1
CUST_3328,48,18,34.700401157023805,1,3,78.05752732438467,Enterprise,0.555804009186045,1
CUST_3329,28,15,60.29040934066864,2,1,52.86933243514326,Enterprise,0.7753772832594441,1
CUST_3330,17,2,119.0818364806361,3,1,12.094870151670477,Enterprise,0.0054480277247888065,1
CUST_3331,31,29,83.96479868571429,2,1,93.38683736265946,Enterprise,0.4304763161943558,0
CUST_3332,8,13,101.75602870009784,3,0,84.4762734566735,Pro,0.7456902931148373,1
CUST_3333,40,4,52.707474754462766,2,0,14.053877902742284,Enterprise,0.5285362063310076,1
CUST_3334,25,10,93.30400615947336,8,0,5.672758362885222,Enterprise,0.23530680977434215,1
CUST_3335,9,13,9.658554888252011,2,3,53.58676827497336,Pro,0.6975674113895566,1
CUST_3336,2,10,19.134785992358175,1,2,28.4142617729526,Enterprise,0.7834723667738924,1
CUST_3337,15,29,28.353118185807144,1,1,28.324970941456794,Pro,0.3625252349364101,1
CUST_3338,50,9,51.22447133075025,0,3,8.722159275041175,Enterprise,0.2974006511669872,1
CUST_3339,3,8,102.26066100746276,0,0,95.33858352713874,Enterprise,0.5451381466353625,1
CUST_3340,49,3,44.82059584061201,2,0,83.01664596598445,Enterprise,0.3654230441052607,0
CUST_3341,36,16,80.28143725427823,1,1,11.383459187591683,Basic,0.8359369313014361,1
CUST_3342,4,14,86.57114390240059,3,0,87.65987676508303,Enterprise,0.779050116039121,1
CUST_3343,14,9,72.41097072015926,2,1,68.2956055963137,Pro,0.3118879047594896,1
CUST_3344,41,21,46.08282633956566,1,1,32.54411318286087,Basic,0.4569785649209054,1
CUST_3345,41,11,71.36113429705759,1,0,87.12505544151318,Enterprise,0.8894879066542792,1
CUST_3346,25,3,44.36054317082082,2,2,59.80221877819584,Pro,0.14737662853420197,1
CUST_3347,58,5,14.64547993348139,4,4,84.8669844334386,Enterprise,0.7542320915582748,1
CUST_3348,55,29,119.17245749139165,2,5,46.92679244872524,Pro,0.3168039068415974,1
CUST_3349,50,10,19.625982167738755,2,0,50.06510401618275,Enterprise,0.11947701069933248,1
CUST_3350,10,13,13.320064141146595,1,2,29.10100294109561,Pro,0.11697886519471568,1
CUST_3351,21,4,106.03103615882293,1,0,38.76926919447082,Pro,0.2762873342606528,1
CUST_3352,36,24,39.71098600268294,1,1,56.77520691282214,Basic,0.5480795829358619,1
CUST_3353,12,13,79.78415201845337,1,0,94.70592237086173,Basic,0.9078899042221144,0
CUST_3354,27,12,42.83565891115678,2,0,60.011775996813476,Pro,0.3029948563871756,0
CUST_3355,40,5,50.01724114136418,2,1,14.737819178039357,Pro,0.19922782086150037,1
CUST_3356,2,10,35.1429917819316,4,2,0.6996185476486727,Basic,0.47865498730964084,1
CUST_3357,54,28,44.45006066619617,3,0,85.098785550868,Pro,0.15662881874940793,0
CUST_3358,13,24,52.23054606745246,4,0,36.432542336615306,Enterprise,0.27169080293081704,1
CUST_3359,53,9,87.84784794561943,5,2,31.496593963983287,Enterprise,0.9866312582268426,1
CUST_3360,32,20,63.82666233700105,3,1,80.07311229423819,Pro,0.5580505753998181,1
CUST_3361,31,7,113.50999997305235,2,2,94.53642990898355,Pro,0.7839097675860927,1
CUST_3362,16,2,9.816245291459182,1,0,74.80450883519563,Basic,0.21181011400312388,1
CUST_3363,32,22,62.85285710268324,3,0,17.38473129114323,Basic,0.5200683880011991,1
CUST_3364,32,24,72.18585071564759,2,0,39.137829359104224,Pro,0.5105290196508909,1
CUST_3365,34,28,110.8226533985415,0,1,75.93985524347406,Enterprise,0.8126678466213926,1
CUST_3366,11,23,10.653230216464173,4,0,90.69258146705734,Basic,0.02157140441344707,1
CUST_3367,10,7,70.95245226754984,3,2,99.86000639496602,Enterprise,0.8604796962258388,1
CUST_3368,15,8,103.16744178071507,2,3,51.15609071381858,Enterprise,0.0795949336688404,1
CUST_3369,17,7,32.82168873371221,0,0,82.25248183419498,Enterprise,0.9165963453751658,1
CUST_3370,40,21,105.77362008025281,1,1,4.6631642777384075,Enterprise,0.14283955044412078,1
CUST_3371,18,23,7.18999206654356,6,0,28.582474975496797,Basic,0.5322383898174124,1
CUST_3372,55,29,89.23228235037892,1,1,37.15134033474893,Pro,0.09939082474736138,1
CUST_3373,9,14,112.3080204343951,3,1,97.5523845281894,Pro,0.4471913352046789,1
CUST_3374,25,26,80.57773108860715,2,1,0.3393648214860545,Basic,0.29927883602488947,1
CUST_3375,40,19,55.48836305775151,4,1,30.80207377625931,Enterprise,0.420095183797521,0
CUST_3376,59,5,10.161316894362573,0,1,93.04122596129038,Pro,0.5450334911627995,1
CUST_3377,14,23,110.81308853210231,2,1,30.667823504401127,Pro,0.4594386404490852,1
CUST_3378,58,25,59.0840656095311,3,3,22.506676581457686,Pro,0.023162826798628577,1
CUST_3379,25,18,8.334625598634021,1,1,73.00885114359835,Enterprise,0.8634531464494233,1
CUST_3380,50,20,84.32942320280762,0,0,74.53388929998653,Pro,0.09495443127660153,1
CUST_3381,22,12,60.41128416126969,1,0,47.21778826475085,Basic,0.980627391425721,1
CUST_3382,52,23,19.299711505877234,4,1,94.69174698654234,Pro,0.8513186031435588,1
CUST_3383,30,17,29.64125807067985,2,0,20.270707954184186,Pro,0.5613752530964465,1
CUST_3384,20,13,12.416428252422321,1,0,91.34158339795975,Basic,0.2451932759094887,1
CUST_3385,21,2,71.04375706648595,1,3,75.55080765252957,Enterprise,0.08624615636140254,1
CUST_3386,44,25,76.53339011398106,2,3,36.82083408540474,Pro,0.6718351441852511,1
CUST_3387,32,13,63.160364310876105,1,1,80.69086197233739,Enterprise,0.20150939343382301,1
CUST_3388,51,26,98.96674529530071,3,1,13.320217641375386,Enterprise,0.7332202838702865,1
CUST_3389,46,7,104.01601445042157,4,2,13.09824931932273,Enterprise,0.8325082785999603,1
CUST_3390,49,28,75.79680561855956,2,1,92.9937203247406,Pro,0.9889651268464542,1
CUST_3391,56,10,6.466995166354513,2,0,9.47805078454117,Pro,0.5042155426974658,1
CUST_3392,21,23,84.9514104109896,4,0,0.4079606849404671,Basic,0.9746719713796504,1
CUST_3393,35,6,53.06990994584043,1,4,38.9030491584902,Enterprise,0.14931969910566756,1
CUST_3394,58,3,70.0391105710345,1,1,10.385097443212777,Basic,0.8362470035024855,1
CUST_3395,32,26,79.64426923217171,2,2,86.30364932442511,Pro,0.3598020051634754,1
CUST_3396,30,3,45.27721064761383,1,0,92.2693513442933,Pro,0.36481225475526446,1
CUST_3397,55,18,110.46632809475634,1,0,48.24263643564127,Basic,0.2686475055537253,1
CUST_3398,39,11,20.407109676224838,3,0,42.54715330100369,Basic,0.17341052833681359,1
CUST_3399,49,22,82.2238578373193,5,3,53.90392769440919,Enterprise,0.4422161542436137,1
CUST_3400,12,20,5.50135169500675,3,0,22.61946248449862,Pro,0.9872867755832976,1
CUST_3401,41,5,111.3348771215958,1,0,29.796586142033597,Enterprise,0.3299070443506156,1
CUST_3402,47,19,17.937975322380524,2,1,10.09771704840048,Enterprise,0.46108176842485316,1
CUST_3403,18,22,15.911686466971084,6,1,44.64500911113633,Pro,0.22850435767847344,1
CUST_3404,21,27,43.29587780100809,1,0,61.169162253365926,Pro,0.3371201709698549,1
CUST_3405,13,28,47.96012289449427,2,0,93.0223734391602,Enterprise,0.05514118167504456,0
CUST_3406,21,19,29.64450831713104,4,0,73.90731706267583,Basic,0.9560345626220949,1
CUST_3407,8,15,72.28899100661934,3,3,72.30637335531867,Pro,0.5098022068437421,1
CUST_3408,46,16,55.93512127482581,2,0,30.799896209410214,Enterprise,0.7329511531051287,1
CUST_3409,40,24,8.930192739725053,0,0,88.82932975100445,Basic,0.513289526241328,0
CUST_3410,46,9,41.759987159359575,5,0,94.69556966799976,Enterprise,0.7701968760493118,1
CUST_3411,7,4,98.1997850609146,0,3,93.2262936542037,Pro,0.5340904107463387,1
CUST_3412,23,15,84.31567650911488,1,1,3.8803026524385054,Basic,0.701544680260333,1
CUST_3413,44,25,88.36014816168625,2,0,60.435063630402155,Basic,0.6848009987875184,1
CUST_3414,32,12,85.28344626960521,2,1,64.3225105725295,Basic,0.533562966824467,1
CUST_3415,11,23,40.761897459048825,4,2,29.506516021650352,Pro,0.23058710013537753,1
CUST_3416,22,3,16.46135103882923,3,0,99.24121831579298,Pro,0.21184777691520362,1
CUST_3417,22,23,36.33372616380604,2,0,29.11874588185589,Enterprise,0.8743051151014157,1
CUST_3418,43,14,100.65530952129332,2,0,21.661165818105577,Enterprise,0.12068658260739462,0
CUST_3419,25,17,117.75414174505318,1,0,48.41456504431918,Pro,0.5592417192200649,0
CUST_3420,22,19,61.79240669527955,1,1,32.31473797703435,Enterprise,0.502535023827671,1
CUST_3421,28,6,6.1155408161498555,1,2,92.40294598699442,Basic,0.7984000908600974,1
CUST_3422,29,4,21.10515339543634,6,1,44.007673131477276,Pro,0.13539265537351897,1
CUST_3423,13,7,42.03926616137056,0,1,41.01495546725834,Pro,0.6872982021459031,1
CUST_3424,18,19,71.53731508818922,3,1,62.58621301085001,Enterprise,0.6058511373295761,1
CUST_3425,2,17,13.635769267611106,4,1,8.111467125112338,Pro,0.7011965165777209,1
CUST_3426,29,25,113.48608935163638,3,2,75.67329468165218,Basic,0.6212256845024997,1
CUST_3427,21,16,46.984622427706086,3,0,76.83988218048714,Pro,0.5625473854127689,1
CUST_3428,15,15,109.94718506135465,0,0,47.40258347276677,Basic,0.9262682485713679,1
CUST_3429,52,22,94.7600073170575,0,2,95.56979410004283,Pro,0.3486575685122081,1
CUST_3430,27,8,91.87528633929183,2,0,57.93391107957477,Pro,0.18468763471151406,1
CUST_3431,50,19,74.77275167495668,2,0,69.52364542449908,Pro,0.7954061289844874,1
CUST_3432,31,8,77.08013896096213,0,1,92.43449555031013,Enterprise,0.1296914631884889,0
CUST_3433,15,18,78.37037204986854,1,0,66.63453434247924,Enterprise,0.6797226118628134,1
CUST_3434,51,28,77.30295950794195,0,1,43.182600772554714,Basic,0.5495602021462219,1
CUST_3435,23,16,68.67874661081154,6,0,2.4771175633148346,Enterprise,0.0012833632293802744,1
CUST_3436,24,20,118.43761212553223,2,0,72.82993156318093,Pro,0.23986224997704475,1
CUST_3437,44,19,89.21341525395505,5,1,96.48660116010451,Enterprise,0.49590390893029557,1
CUST_3438,13,10,94.34883466513993,4,1,47.023512353599386,Enterprise,0.32971492659406554,1
CUST_3439,22,17,105.33322373462254,1,0,33.97686377882641,Basic,0.4268917759394214,0
CUST_3440,43,13,29.798572713472655,4,2,51.925942641377844,Pro,0.6012700380527325,1
CUST_3441,37,13,14.63747829593199,4,1,72.84372056846593,Basic,0.7308255232194122,1
CUST_3442,33,7,60.53286020883885,2,1,0.06904744820492859,Enterprise,0.1512074551819279,1
CUST_3443,56,27,64.11927999621642,1,2,88.72117227318536,Pro,0.2829125241038287,1
CUST_3444,3,10,100.35590469424054,2,2,88.63628596783218,Basic,0.6364904838812335,1
CUST_3445,54,2,56.0351116174686,2,1,54.129793360870885,Basic,0.5884406657754074,1
CUST_3446,19,4,70.64809793759596,2,2,12.237876617560794,Pro,0.7368481729005812,1
CUST_3447,23,25,65.6131579290477,4,2,67.18057946136213,Basic,0.6405099265283413,1
CUST_3448,29,6,9.393320132099971,0,0,13.784566296331334,Basic,0.330150530054244,0
CUST_3449,30,24,75.74971310864511,1,1,50.75471514326807,Basic,0.4992358301696753,1
CUST_3450,39,18,100.224977864039,1,0,9.3629971981117,Enterprise,0.884741773903565,1
CUST_3451,44,23,23.11256302871744,2,2,58.90653382975013,Basic,0.18608978141864896,1
CUST_3452,47,6,73.34814940155852,3,1,31.806932511798735,Enterprise,0.376744792095566,1
CUST_3453,25,29,73.26521261133765,0,0,83.09914147375028,Basic,0.8417288008284116,1
CUST_3454,37,25,23.881270866481255,1,3,79.99461262084148,Basic,0.36419422039623794,1
CUST_3455,47,23,19.198310979034645,1,0,99.8473875474441,Basic,0.41222513574859243,1
CUST_3456,8,17,117.70597344229576,0,0,25.750317470436478,Basic,0.31922284374276866,1
CUST_3457,42,14,50.27770451009932,1,1,6.180109277958035,Pro,0.899525527538609,1
CUST_3458,58,24,31.153498803205867,2,2,44.30032651488448,Enterprise,0.6633412371603278,0
CUST_3459,16,11,24.70232261225312,1,1,8.340333496657081,Pro,0.20877893004199166,1
CUST_3460,8,26,81.77419706207203,2,1,17.849971506576313,Pro,0.7496342094018279,1
CUST_3461,1,19,75.08620919263706,3,0,59.73001413615524,Pro,0.038515592306683555,1
CUST_3462,44,2,79.00849414355301,3,0,59.21308513442985,Pro,0.3964085032994238,1
CUST_3463,5,28,15.120693163817009,2,2,4.332747772969037,Basic,0.9097697571435039,1
CUST_3464,3,3,107.75647710232025,2,0,44.29047514182787,Basic,0.6897854510302293,1
CUST_3465,1,11,49.76563563304055,0,1,53.02186928672417,Pro,0.7930957330756554,1
CUST_3466,4,6,41.03748173949116,1,4,26.802423781998662,Pro,0.9313151266480221,1
CUST_3467,40,29,58.17156643349001,1,0,87.2043181875494,Enterprise,0.7745515596827182,1
CUST_3468,35,14,49.85759756097725,2,0,16.10986476464219,Pro,0.08858397687915753,1
CUST_3469,32,19,104.31135536100177,6,0,25.39018050062144,Basic,0.23064237038358604,1
CUST_3470,42,26,111.86501214775758,1,1,15.699441503275303,Enterprise,0.49999424478791854,1
CUST_3471,34,16,39.89711989170471,1,2,11.654663387055809,Pro,0.013857788769549129,1
CUST_3472,43,21,104.3526178578948,3,0,87.8979184007126,Enterprise,0.6245974810193547,1
CUST_3473,25,22,94.87515989630272,4,0,27.785916506998188,Pro,0.6572446464869295,1
CUST_3474,10,24,112.0428823196476,1,0,72.25240194678562,Enterprise,0.696448461207293,1
CUST_3475,21,7,33.2612859013771,2,1,42.79823597252498,Enterprise,0.5557247985992598,1
CUST_3476,46,27,71.3503022639126,2,2,63.58734807339168,Basic,0.4523793051846341,1
CUST_3477,39,8,36.57262724515113,1,0,92.81761961722094,Enterprise,0.8555481733362581,0
CUST_3478,27,19,99.77086640570303,1,1,84.46078670432495,Pro,0.7673327172862495,1
CUST_3479,27,20,5.61228191567239,0,0,6.898639242023785,Enterprise,0.6123584171610206,1
CUST_3480,2,16,69.95420373193555,1,3,84.52025352792177,Pro,0.04601369277340395,1
CUST_3481,41,22,44.00839459627057,2,1,45.18235152806971,Pro,0.6939289757355889,1
CUST_3482,48,27,42.10862631394933,3,1,35.01457268798853,Basic,0.5581609891572474,1
CUST_3483,13,7,79.16422724446545,2,0,67.23879254616284,Enterprise,0.6934892468921299,1
CUST_3484,9,9,102.9207116711093,5,3,95.0207873099248,Basic,0.311409789017833,1
CUST_3485,52,13,75.05747001023252,1,2,9.413549758813744,Pro,0.7769854614054164,1
CUST_3486,36,1,103.11489254437309,1,0,76.80770302502391,Enterprise,0.417937247750532,0
CUST_3487,22,29,35.42866786631845,1,0,20.350803075795543,Enterprise,0.8944684772079234,0
CUST_3488,42,8,64.74271329797283,3,2,38.01361228269988,Pro,0.10401041358786844,1
CUST_3489,26,24,56.81170199271374,2,1,87.38230162632499,Basic,0.4845492814815663,1
CUST_3490,58,22,6.339163442856065,0,1,54.57991840123394,Basic,0.20573767568502932,1
CUST_3491,54,4,69.03339646118512,2,1,6.745664795042627,Enterprise,0.45346984692896775,1
CUST_3492,12,3,81.07529727681012,2,0,50.80485501367383,Basic,0.35376424335848755,1
CUST_3493,17,27,73.07015650819305,1,3,78.96419016414242,Enterprise,0.8034341226188426,1
CUST_3494,14,3,89.67218836009347,0,0,52.88805877655933,Basic,0.16716928771566397,0
CUST_3495,14,22,70.70404577210387,1,1,16.688923897905227,Pro,0.5987176354765825,1
CUST_3496,57,13,12.676279307837046,3,1,44.50410750575319,Pro,0.40648445576967507,1
CUST_3497,34,8,18.391235269741813,1,2,92.43453680396493,Pro,0.5180751517114502,1
CUST_3498,53,7,73.59457641755452,5,1,65.8203990094113,Enterprise,0.7144034889436188,1
CUST_3499,57,27,36.62260707696862,2,0,72.98865065085893,Enterprise,0.3571011836255238,0
CUST_3500,20,1,14.15918983899807,3,1,78.59365074494504,Pro,0.3670529098305496,1
CUST_3501,11,27,54.404315496582875,2,0,9.06934241933348,Pro,0.07680267760329285,1
CUST_3502,16,16,68.74709877962036,0,1,58.153655926996386,Basic,0.5519482732595816,1
CUST_3503,51,6,42.805788660204755,1,0,37.59151931853081,Pro,0.4169042473729109,1
CUST_3504,31,7,87.84987575596446,1,1,13.915916367209713,Pro,0.8122892449385953,1
CUST_3505,55,12,79.03361993164313,3,3,20.270955830402382,Pro,0.4392641938439559,1
CUST_3506,6,23,43.274111525542274,4,0,78.11604737247345,Enterprise,0.9707972100770854,1
CUST_3507,56,9,91.81034082448447,2,2,16.14891052897728,Enterprise,0.17178552045807272,1
CUST_3508,19,27,79.59992989129907,3,1,31.241860722171932,Pro,0.2670613756850432,1
CUST_3509,37,11,78.30621855255873,0,0,28.48733382630815,Basic,0.3919135180009481,1
CUST_3510,58,10,68.64418559051282,0,1,4.863036391456765,Basic,0.17042085075530022,1
CUST_3511,4,21,6.3098118301835715,1,1,46.215844923935855,Pro,0.9723170595093332,1
CUST_3512,47,1,85.09832609984225,2,1,76.59298421692087,Enterprise,0.6409603994553769,1
CUST_3513,4,18,48.24480597755299,2,0,2.215263274889967,Pro,0.011199028888210005,0
CUST_3514,20,4,113.40011666824539,2,2,11.255145047989611,Basic,0.5785098945317099,1
CUST_3515,10,5,99.06824867387861,2,0,72.01866795975678,Enterprise,0.7812490988233312,1
CUST_3516,24,9,72.5848639961009,0,0,59.358099067291356,Enterprise,0.051300087594203014,1
CUST_3517,54,27,34.00092790921599,2,1,71.5247614048682,Enterprise,0.5779231708099227,1
CUST_3518,35,17,28.427500226931656,1,0,23.010395487713854,Pro,0.37431191618373627,1
CUST_3519,26,3,44.14425633291815,0,1,80.37687832974049,Pro,0.5814768335421024,1
CUST_3520,37,16,59.80531351170213,1,3,47.98710601102767,Pro,0.25260593868100445,1
CUST_3521,38,5,39.04753365447892,1,1,61.03019741788571,Basic,0.6660165520133082,1
CUST_3522,21,16,64.21689197013552,0,1,9.215341720083625,Enterprise,0.6713327756305846,1
CUST_3523,54,3,24.01759893401638,2,0,20.50315833598213,Enterprise,0.5395054822435531,1
CUST_3524,40,20,117.43697347493249,2,1,77.33578816103082,Basic,0.9237537989606601,1
CUST_3525,39,15,17.411323820974296,2,0,22.39084411887785,Basic,0.9094794906351927,1
CUST_3526,21,3,112.17357606025278,2,2,9.252982752145867,Enterprise,0.04753469240206032,1
CUST_3527,10,20,110.06147131130992,0,2,59.720328225210025,Enterprise,0.2898938662071422,1
CUST_3528,38,14,65.41645540924227,3,0,54.79365161617328,Basic,0.3642588640690526,0
CUST_3529,46,16,88.3646812611497,0,2,60.7893928983293,Pro,0.05526847304737692,1
CUST_3530,4,29,55.1455542668476,2,0,61.83054963630913,Pro,0.5236374027289701,1
CUST_3531,57,29,77.45397641738039,0,1,50.01973458645037,Pro,0.024581634722607548,0
CUST_3532,45,17,44.16623280342865,4,3,49.377392056865574,Basic,0.6780687786196153,1
CUST_3533,20,28,39.63328727532622,0,1,92.41655652894624,Enterprise,0.0026884588992512892,1
CUST_3534,17,24,71.49642540949408,5,0,53.38817248797403,Basic,0.03193659352528555,1
CUST_3535,55,20,62.284912531157744,4,1,61.73002024138587,Pro,0.8337531729116299,1
CUST_3536,7,23,71.64668245224783,0,0,26.696939193874456,Pro,0.2526093218053628,1
CUST_3537,4,18,37.965966848007646,0,1,87.1093200802191,Pro,0.08122893820059152,1
CUST_3538,29,18,47.200150658954456,2,1,2.4368092659163176,Basic,0.3994665315692747,1
CUST_3539,14,22,14.64826547232457,3,0,55.72267622977745,Basic,0.05094871160295811,0
CUST_3540,3,14,11.011782811303657,1,2,38.385029519810864,Pro,0.7504101738471726,1
CUST_3541,24,18,34.14756991239687,1,0,60.39041955604769,Pro,0.49414726748212556,1
CUST_3542,37,15,13.538388823012761,2,1,36.017204977138014,Enterprise,0.5519324794053464,1
CUST_3543,16,15,16.93409149299518,4,0,71.76879117176469,Basic,0.7530121960309741,1
CUST_3544,58,6,98.48676662030276,1,0,2.0331442973430813,Enterprise,0.7844584879981271,1
CUST_3545,55,27,9.47047515691927,1,0,40.5889438769143,Pro,0.13625845443163476,0
CUST_3546,52,15,80.77842130249542,0,1,83.12635997424137,Pro,0.2802796187484059,1
CUST_3547,4,18,36.34414111377106,1,0,25.020071777943585,Pro,0.17566611679453226,1
CUST_3548,56,4,105.22775328143454,0,1,5.275087838032199,Enterprise,0.05403867876762769,1
CUST_3549,24,23,60.77411272641245,1,1,49.652407456516855,Basic,0.5375173918518408,1
CUST_3550,34,8,40.14129282269996,2,1,97.653346052679,Basic,0.24979958854249373,1
CUST_3551,30,15,64.52847760428497,3,1,6.415856153513666,Enterprise,0.15398098265368632,1
CUST_3552,18,3,48.92517219020591,1,1,7.005649274979331,Basic,0.5101472681979476,1
CUST_3553,19,15,69.89462243703048,4,1,59.51165649466782,Enterprise,0.634015035128972,1
CUST_3554,31,13,18.171279857530045,3,0,25.006771287812914,Enterprise,0.7721022749282821,1
CUST_3555,19,9,119.65390782344338,2,0,41.02312336372253,Basic,0.017493420857195074,1
CUST_3556,49,2,53.93892593512252,1,2,83.05071529993909,Basic,0.526284558577656,1
CUST_3557,46,24,45.046523566347396,3,2,19.884868418251646,Enterprise,0.26707107599928115,0
CUST_3558,19,8,86.67413255637047,3,0,71.9299936981433,Basic,0.9915907316789047,1
CUST_3559,22,29,46.848431746963236,2,1,50.448551326755634,Basic,0.1569366843622626,1
CUST_3560,24,20,100.82654507830713,1,1,90.49576924142717,Enterprise,0.4378457666947734,1
CUST_3561,45,17,57.241133301448905,2,2,97.2962000293564,Pro,0.9700263224197827,1
CUST_3562,12,13,87.74921752552501,2,1,48.49607856533959,Enterprise,0.21309719444357955,1
CUST_3563,30,1,17.357119890816954,4,1,58.46470591154669,Basic,0.8068975887664962,1
CUST_3564,58,2,102.30370633883786,1,1,74.58425407375533,Pro,0.2430393760362225,1
CUST_3565,38,15,89.60756847948264,0,4,31.867414187200506,Basic,0.07526363481636189,1
CUST_3566,53,12,29.347429523126053,7,3,22.674035052324683,Enterprise,0.042755185522017514,1
CUST_3567,31,14,21.707891120765463,1,0,96.46851724430053,Enterprise,0.9487387748275703,1
CUST_3568,36,25,41.373620103446804,2,1,43.26153912195782,Enterprise,0.21289340481729502,1
CUST_3569,19,29,117.24811739366899,1,1,0.15908265157736912,Pro,0.2919549869387694,1
CUST_3570,48,2,34.53563107521174,7,0,83.77182985250835,Basic,0.9669099304824472,1
CUST_3571,45,18,57.454629028862826,1,5,59.966416129108566,Pro,0.657391194927529,1
CUST_3572,36,22,8.452325957493676,4,0,16.85585627203041,Enterprise,0.4881269534703614,1
CUST_3573,30,7,50.68116590011674,0,4,3.0139693177078986,Basic,0.4354216577161356,1
CUST_3574,55,29,70.70180177480681,1,2,29.148243104173112,Enterprise,0.04856425182131563,1
CUST_3575,49,23,114.60933043841598,3,1,92.78870954736647,Basic,0.8389448238513177,1
CUST_3576,55,29,64.42464516810742,5,2,93.34911700356123,Pro,0.7620361211967013,1
CUST_3577,33,25,99.1973425104341,3,1,31.100348630211816,Pro,0.09069753682281767,1
CUST_3578,18,6,67.91967889542357,1,2,83.59309928207168,Pro,0.3534571601910754,0
CUST_3579,52,14,9.690276545084583,1,0,44.18453232570957,Pro,0.885409916824533,1
CUST_3580,49,8,41.225951646824015,3,0,65.43447491365944,Basic,0.23644143538925677,1
CUST_3581,59,27,71.18819340057688,1,3,33.444387587109006,Basic,0.6112338296640725,1
CUST_3582,28,22,114.3183060820793,3,1,51.5972596270985,Pro,0.48793590491573624,1
CUST_3583,59,2,103.79999137139183,2,0,29.37794465503265,Pro,0.8185217136282507,1
CUST_3584,47,17,31.26089563056748,0,1,6.111436235646273,Basic,0.03605350411235375,1
CUST_3585,11,5,30.312630452203805,0,0,13.937818619153886,Enterprise,0.8161470881619715,1
CUST_3586,57,14,28.134891218098588,2,1,29.067449447323725,Pro,0.13571917204354111,1
CUST_3587,54,25,111.08737307478786,3,0,97.62537839761299,Basic,0.015072512900597745,1
CUST_3588,45,24,103.05660760669788,1,0,96.56721502499917,Pro,0.5955007988268423,1
CUST_3589,33,29,94.1115947090891,2,1,82.7663342484531,Basic,0.25864108389371165,1
CUST_3590,17,20,50.164538135786174,1,0,23.250605109608692,Pro,0.7092773389412785,1
CUST_3591,6,21,63.00378099435818,1,0,44.160214054182255,Pro,0.46978317664896285,1
CUST_3592,4,29,58.39815065144258,1,1,43.97828384907043,Enterprise,0.6055240404175403,1
CUST_3593,20,21,34.14078236932785,3,2,38.697324481818384,Enterprise,0.6897063280925747,1
CUST_3594,48,22,63.0782253071082,1,0,4.4880305089745605,Enterprise,0.9269279235234786,1
CUST_3595,47,3,8.507103003066764,4,0,53.452737422431774,Enterprise,0.8231103726667675,1
CUST_3596,27,5,20.158192952207806,3,2,7.281199212486089,Pro,0.4951120045694293,1
CUST_3597,15,16,106.95780355942884,4,0,80.19186807179437,Pro,0.4380158818846287,1
CUST_3598,6,18,91.44317320861367,2,1,69.13071428447816,Enterprise,0.6546760846161122,1
CUST_3599,47,26,53.629867041795016,1,2,35.27370066435347,Enterprise,0.7335341222147587,1
CUST_3600,14,17,64.47229166264589,1,1,64.71363822124631,Pro,0.1726535478550143,0
CUST_3601,11,11,47.5498718853974,2,2,23.303700655909807,Basic,0.032524495597900493,1
CUST_3602,39,17,90.18968472347733,2,2,26.525006495663238,Enterprise,0.45465285181504944,1
CUST_3603,9,16,95.18152561168915,2,1,31.41335169254049,Basic,0.09945312227578851,1
CUST_3604,26,26,92.7777968733633,4,1,79.70115999353298,Pro,0.2727335175744514,1
CUST_3605,16,23,88.1003483559617,1,1,21.06913468460845,Basic,0.5847395993629951,1
CUST_3606,5,2,28.51799894967152,2,0,56.278122748603856,Enterprise,0.1514520329635125,1
CUST_3607,57,4,43.86654761265506,1,3,20.046711442148503,Enterprise,0.02849304022815735,1
CUST_3608,52,21,59.03222502312261,1,2,28.50374250624149,Enterprise,0.5546007949220945,1
CUST_3609,10,7,43.0411940141804,3,0,23.548129298649133,Enterprise,0.4662275502670957,1
CUST_3610,50,2,91.81812301820783,1,0,64.50046710732859,Enterprise,0.30630306695393783,1
CUST_3611,3,6,42.87565528874479,4,0,52.67289444557803,Pro,0.46878581073414693,1
CUST_3612,13,17,20.896689980313774,2,0,72.12991459055533,Basic,0.6835226393736645,0
CUST_3613,43,7,50.88965198555497,0,4,21.99434373329858,Pro,0.10900073617405193,1
CUST_3614,49,25,117.69015976997373,5,0,0.9148535726037244,Pro,0.2556894437565972,1
CUST_3615,30,5,30.97636248736123,3,2,68.05095671303349,Pro,0.7949604459355328,1
CUST_3616,54,5,75.39824577847135,2,1,11.485395849507595,Basic,0.6701226929528644,1
CUST_3617,45,20,54.79190073156622,0,1,24.63052244239561,Basic,0.2662535234205857,1
CUST_3618,6,16,13.167825279672563,0,0,30.568615246122267,Pro,0.39815054123256055,1
CUST_3619,17,19,61.10580968977684,4,1,74.6802092290868,Basic,0.1197496540537164,0
CUST_3620,59,9,85.74889779455593,1,1,62.589181065742714,Pro,0.2531276071443197,1
CUST_3621,45,5,64.02029722019915,1,2,18.426543652582883,Pro,0.8411518409547585,0
CUST_3622,51,8,105.29219733085682,1,0,59.78878106197417,Enterprise,0.4404106437417473,1
CUST_3623,53,9,38.227756915622,4,2,70.81479951106118,Basic,0.6402928474191076,1
CUST_3624,19,5,14.918654699955965,1,0,38.88972027901715,Enterprise,0.1597414707188075,1
CUST_3625,42,10,112.70504534067071,6,0,24.5952914027852,Pro,0.18330566398555193,1
CUST_3626,35,25,48.492580195745184,3,0,67.89827729147892,Pro,0.9409211195236029,1
CUST_3627,46,2,71.28663841716784,0,0,61.08912001414972,Pro,0.8414335896350218,1
CUST_3628,26,9,96.08035950497253,1,1,7.791215847082011,Enterprise,0.7903307591729533,1
CUST_3629,51,11,42.296071345691765,3,3,66.66796402337542,Enterprise,0.32959028380582067,1
CUST_3630,5,4,87.35892189042528,2,1,48.851793283529865,Pro,0.5627559843698775,1
CUST_3631,29,22,20.573167729050226,2,0,75.33689569777275,Enterprise,0.49234106168278213,1
CUST_3632,37,22,38.4987809286331,2,0,19.07175418798268,Pro,0.9562306567305257,1
CUST_3633,20,22,21.64172315569979,1,2,25.82164179013764,Pro,0.23963443024434294,1
CUST_3634,49,2,98.29151421615614,1,1,54.33127390975212,Enterprise,0.9472329761405673,1
CUST_3635,21,23,30.604662051080318,2,2,48.17335278921991,Basic,0.706850438549865,1
CUST_3636,10,29,87.50140887159918,1,0,38.63653710564966,Pro,0.41369154486780924,1
CUST_3637,5,6,113.47931568325005,2,1,74.60333144297888,Pro,0.2663548612892078,1
CUST_3638,36,27,65.69380404292085,2,0,56.47515636282824,Enterprise,0.7573533616931093,1
CUST_3639,6,14,67.10335710997909,2,1,71.02718538941187,Enterprise,0.8229349267360656,1
CUST_3640,26,1,58.01886033124838,2,1,15.325496231911572,Enterprise,0.35752738232875736,1
CUST_3641,4,18,42.47736649026891,3,2,72.89882951455373,Pro,0.17187991113660206,1
CUST_3642,39,7,59.70032855636547,1,1,46.15281081002919,Basic,0.49224457712041547,1
CUST_3643,39,1,74.32286621067733,6,0,3.3767935684587025,Basic,0.468502330343635,1
CUST_3644,50,1,118.38903079962583,2,0,23.44915539964991,Basic,0.7254025829860626,1
CUST_3645,35,1,112.84292432159579,1,0,2.5756391740577977,Pro,0.9731848541436628,1
CUST_3646,1,24,104.147590203709,0,0,45.68745219910437,Enterprise,0.5312821954862166,0
CUST_3647,24,4,107.2500116060587,2,1,32.58797605550854,Basic,0.7317192885606828,1
CUST_3648,57,4,58.80265607858494,1,0,98.74495599132513,Basic,0.3505796542554439,1
CUST_3649,36,29,80.60609762540845,1,2,86.85041169568632,Basic,0.5995747430440926,1
CUST_3650,6,18,107.93267313766462,1,0,82.56708603431493,Pro,0.11532793216511983,0
CUST_3651,41,27,50.1893379740056,1,0,50.111654903124546,Enterprise,0.8149340834654138,1
CUST_3652,54,11,115.60268500972892,2,2,80.70874993507668,Enterprise,0.3443242291345576,1
CUST_3653,46,27,52.81539713795605,0,2,26.68696474627552,Enterprise,0.08004134754132786,0
CUST_3654,44,1,74.1245065202198,1,1,56.06494678465249,Enterprise,0.9905613827449942,1
CUST_3655,57,28,86.62754202632277,3,3,39.291806131941,Basic,0.9017882289711613,1
CUST_3656,31,10,114.31808150373291,1,3,17.13419115227297,Enterprise,0.1974333456756877,1
CUST_3657,20,9,33.1308715160106,2,3,7.261343136840404,Basic,0.36320185028235585,1
CUST_3658,24,23,90.80506249744386,1,3,55.821838297161484,Pro,0.9367176965476266,1
CUST_3659,25,4,64.89379240656945,0,0,9.763913488020615,Pro,0.7963287278252187,1
CUST_3660,36,28,35.88407117137372,3,1,71.80030966859825,Pro,0.9064122207752715,1
CUST_3661,21,6,94.30978657658491,1,1,92.14684787261558,Enterprise,0.5625497784433968,1
CUST_3662,30,16,68.50556221999236,7,2,16.210610971156093,Enterprise,0.24311622047009807,1
CUST_3663,24,2,81.01198937471271,3,1,47.093857851022825,Basic,0.22705352733774986,1
CUST_3664,44,23,42.13362288645862,0,3,73.87745930598251,Enterprise,0.5256701852375409,1
CUST_3665,42,18,60.34650446017458,3,2,28.683966103302684,Pro,0.9239999711373635,1
CUST_3666,30,10,75.99573886362771,3,4,92.07645196329372,Enterprise,0.6315869827026801,1
CUST_3667,22,24,51.56474364103206,3,1,88.84655588699108,Basic,0.03439052879171178,0
CUST_3668,28,24,27.812842082485652,0,0,10.375435572967795,Pro,0.5604757280002245,1
CUST_3669,7,17,115.58865661625997,0,1,2.7399771531840145,Pro,0.6084408786212615,1
CUST_3670,35,13,63.818767104901,1,0,97.64584829794019,Basic,0.5815550327972888,1
CUST_3671,55,24,89.40084258308556,2,2,95.64750247711311,Pro,0.691076173726618,1
CUST_3672,28,18,52.27042725894668,1,1,42.22856044659632,Basic,0.29351383994769953,1
CUST_3673,14,22,45.84015286295738,7,1,5.056332410597242,Basic,0.14376530863868364,1
CUST_3674,56,13,51.82389432371937,1,2,61.88755527460279,Enterprise,0.7500486289479548,1
CUST_3675,10,17,52.05761403534973,0,1,29.341010738865624,Pro,0.19635308793860629,1
CUST_3676,16,5,67.58071333332467,2,0,93.67229869005543,Enterprise,0.11415896041898266,1
CUST_3677,16,11,67.49903504785676,3,2,79.46619250543034,Enterprise,0.3593771876641628,1
CUST_3678,54,7,62.17268882653024,3,0,64.95937841334435,Basic,0.832754117016484,1
CUST_3679,31,29,20.50036526550538,2,0,28.450384751352853,Basic,0.08210830791485846,1
CUST_3680,42,10,62.04868002756108,2,1,70.12685794417175,Enterprise,0.19556135874150082,1
CUST_3681,25,17,24.44694854837492,1,0,28.916826675920404,Basic,0.4752593782527279,1
CUST_3682,13,15,19.505615424012994,1,1,3.7630984151876046,Pro,0.28764697127134287,1
CUST_3683,6,18,112.2542574942343,2,1,50.8434587620274,Pro,0.7216610089254542,1
CUST_3684,44,23,74.56925151198598,1,1,48.8684544788691,Enterprise,0.6749024267332824,1
CUST_3685,9,22,80.8413566843272,1,2,76.30059730262334,Pro,0.8425163630064477,1
CUST_3686,45,19,51.20627208833683,3,1,86.56738823544447,Enterprise,0.20384317524916495,1
CUST_3687,36,26,109.53280257020938,2,0,35.446848869426205,Pro,0.648918754506992,1
CUST_3688,56,2,78.36200630166152,2,2,44.94730102036709,Basic,0.7747345009319356,1
CUST_3689,43,26,93.45453499521255,1,2,47.04004196445282,Pro,0.06266712277887787,0
CUST_3690,20,4,47.38468393818709,2,1,32.422408437237934,Basic,0.0368229426693939,1
CUST_3691,18,3,115.40136629419943,3,1,74.33869236251903,Enterprise,0.5592583380607808,1
CUST_3692,58,7,99.35304836820623,1,1,52.21011852062995,Pro,0.5878547680661931,1
CUST_3693,43,24,103.20407324667252,3,1,91.39557743886398,Basic,0.3928087597059088,1
CUST_3694,57,18,24.80234075396174,3,0,65.0310771895586,Basic,0.036073314096250586,1
CUST_3695,21,10,36.160768905190245,2,2,21.18965588939724,Enterprise,0.40192182035792157,1
CUST_3696,4,7,37.84705896361136,3,0,16.480864874703638,Enterprise,0.642088541141218,1
CUST_3697,50,8,36.15456067339018,6,1,37.23843379162921,Pro,0.7018804190664878,1
CUST_3698,33,6,103.37193864199311,3,2,34.69265402569732,Pro,0.4927914739429454,1
CUST_3699,27,22,8.666751448988093,1,2,40.71318248625102,Pro,0.5250249774256949,1
CUST_3700,7,26,13.751498732789045,2,0,18.35910703044421,Basic,0.672674275892557,1
CUST_3701,6,1,36.50021012243893,2,1,97.82226700264893,Enterprise,0.4493023819418205,1
CUST_3702,15,4,27.98539208468602,2,1,14.570977286872889,Pro,0.26351494867868575,1
CUST_3703,18,14,31.66385559652756,3,3,65.2648774224321,Pro,0.222969888042847,1
CUST_3704,32,17,96.7634667641295,2,1,1.306923506458979,Basic,0.7527529106799715,1
CUST_3705,56,20,69.75955829758539,5,1,40.69610383190131,Pro,0.4875486366307702,1
CUST_3706,11,18,5.663626048691319,2,1,30.918339909503633,Basic,0.6240859953211865,1
CUST_3707,20,11,54.372118055982455,0,0,38.20246377394185,Basic,0.4711057922350025,1
CUST_3708,24,29,51.906766587791275,0,2,49.807734477311364,Enterprise,0.8188374164238214,1
CUST_3709,15,21,18.103705986122506,1,0,60.037500152431775,Basic,0.4968473477279023,1
CUST_3710,48,26,82.75630568916758,3,0,58.35113447943,Enterprise,0.9880546239232884,1
CUST_3711,7,14,85.74117666364147,1,0,63.0713670121113,Basic,0.24260461471957306,1
CUST_3712,21,9,87.90272019099123,1,1,84.45476825537905,Enterprise,0.13852668723556416,0
CUST_3713,42,27,88.77415873923809,2,1,88.67171556146513,Basic,0.3735965189136984,1
CUST_3714,26,15,5.006075097214132,1,2,73.72503005607976,Pro,0.9186566107377104,1
CUST_3715,44,12,114.70089244237305,2,2,7.894224292440399,Enterprise,0.8523125983688424,1
CUST_3716,56,10,98.63400821128626,3,1,96.12923915099344,Enterprise,0.24735296564315634,1
CUST_3717,14,19,108.95789510776781,5,0,94.73980863470463,Basic,0.5996975681959911,1
CUST_3718,57,24,6.798978960354925,3,1,71.17037945453536,Pro,0.5889397385232177,0
CUST_3719,37,19,112.39376151536003,1,0,51.74390714019238,Pro,0.2933968948627059,1
CUST_3720,58,6,98.12568079913204,3,1,25.061835833589218,Enterprise,0.2353816791856309,1
CUST_3721,21,20,101.28020144025034,0,0,75.6351139498876,Pro,0.3900494864023216,1
CUST_3722,18,24,15.72804924302638,5,0,87.78601787162891,Pro,0.7886188008054121,1
CUST_3723,5,27,89.95947332563873,3,3,66.51876008899379,Basic,0.1917150415525628,1
CUST_3724,3,6,115.39041930884046,1,0,62.90726328617707,Pro,0.4457234386234473,1
CUST_3725,23,8,83.03294426308847,3,0,19.300470457058616,Pro,0.48169854845319127,1
CUST_3726,26,1,70.61456153182975,0,1,35.77965228941896,Pro,0.939124723774373,1
CUST_3727,37,22,113.74741294113466,4,1,72.31362220325121,Pro,0.3035224612715237,1
CUST_3728,24,17,55.93776899946014,2,2,1.6898738851223394,Basic,0.019646572688131303,1
CUST_3729,49,17,73.91876012570505,0,0,64.1264277188886,Basic,0.6937312425425443,0
CUST_3730,19,24,59.77890375185211,0,0,76.6670301010248,Pro,0.755791502402307,0
CUST_3731,51,15,112.27731545643441,1,0,33.47044862707816,Basic,0.7030323914256986,1
CUST_3732,25,7,13.749743578033335,1,1,7.616776920078905,Enterprise,0.7007389811875201,1
CUST_3733,21,19,62.62876559491504,1,1,81.91193788839985,Basic,0.4832274150119079,1
CUST_3734,12,22,83.99953075932541,0,0,14.183682948502273,Basic,0.018660804480701954,1
CUST_3735,57,25,96.06925191855724,2,0,37.080110596977356,Basic,0.7299179753469166,1
CUST_3736,41,23,72.04714445607569,3,0,70.72541050677799,Enterprise,0.9365201890507868,1
CUST_3737,33,28,109.5255405739672,2,2,81.69859876514336,Enterprise,0.15738635553536562,1
CUST_3738,50,3,113.32901639164524,1,1,86.23819184885159,Enterprise,0.0679142590835673,1
CUST_3739,53,29,12.396710667262106,3,1,53.04171916111156,Basic,0.2652052885702336,1
CUST_3740,4,22,51.27261204725805,1,2,47.587169645586556,Enterprise,0.8497938528132036,1
CUST_3741,42,11,7.69778749793276,5,2,84.83172770180298,Enterprise,0.10614717788726769,1
CUST_3742,57,20,42.88291559806093,2,0,56.307709504747116,Basic,0.7151684006741772,1
CUST_3743,7,29,66.73984506661924,2,0,57.865072841523116,Pro,0.06294743418788418,1
CUST_3744,22,19,109.74141700864412,4,1,43.39733679938007,Basic,0.032789015079835115,1
CUST_3745,55,9,102.35374708352133,1,3,37.28139719210396,Basic,0.8913018760562241,1
CUST_3746,33,10,19.66246856727836,0,1,48.05408572898291,Basic,0.7705602329658388,1
CUST_3747,17,2,15.698493095203006,3,2,36.48474936961272,Pro,0.5985850489840182,1
CUST_3748,24,1,72.76574395701671,1,2,34.35464499692385,Basic,0.17199525377472402,0
CUST_3749,34,16,66.19356683276001,1,1,99.36643420078939,Basic,0.27884862433360424,1
CUST_3750,28,18,35.633428764452745,4,1,33.62134940718481,Pro,0.048604490828251246,1
CUST_3751,58,23,108.43710472369105,2,2,25.638374753266714,Basic,0.6453628528671568,1
CUST_3752,43,26,111.64713708807865,1,3,35.39240898426266,Basic,0.6860858205232889,1
CUST_3753,41,17,51.30031540911871,3,2,59.07813406361061,Basic,0.3268087617999982,1
CUST_3754,39,6,107.38479406805483,1,0,91.0990486623165,Pro,0.33841631695326624,1
CUST_3755,22,14,49.154122840241854,3,0,78.7864250197761,Basic,0.6289776464704037,1
CUST_3756,49,23,89.73393566041551,4,1,84.22411390757014,Pro,0.9456647634298634,1
CUST_3757,17,25,59.73335501798827,4,1,85.90086106838577,Pro,0.39470942625784144,1
CUST_3758,34,15,19.097062998326045,1,0,92.05283964468674,Enterprise,0.4935903854691277,1
CUST_3759,6,14,111.71243314225748,4,0,23.50712329088799,Basic,0.6982759707992756,1
CUST_3760,46,24,57.22110823841671,0,2,45.836603103743556,Basic,0.3423209554814286,1
CUST_3761,6,22,89.46600963707643,0,0,38.51976665764465,Enterprise,0.8688583207559661,1
CUST_3762,34,3,47.2249886595986,0,1,38.18769946135004,Enterprise,0.8461815508619819,1
CUST_3763,1,24,7.171301036266986,1,1,65.22836517021848,Basic,0.6742829825997256,1
CUST_3764,10,23,16.560991249561127,4,1,40.180306031774336,Basic,0.536923599408477,1
CUST_3765,21,19,62.065240141341306,1,2,61.63303059172037,Enterprise,0.983520926297079,1
CUST_3766,5,25,84.34590106953168,2,0,38.22793637278078,Basic,0.7023805198991457,1
CUST_3767,2,12,43.49456255661709,1,2,31.1128182724423,Basic,0.643226604545689,1
CUST_3768,22,2,84.9811728054298,5,2,35.30771784431808,Basic,0.8768179403222923,1
CUST_3769,48,3,85.34309278467494,1,0,80.37570560137598,Enterprise,0.5549906741392614,1
CUST_3770,57,18,85.95262934270055,1,1,60.105103622889104,Enterprise,0.2429235568268472,1
CUST_3771,2,29,61.64001321235847,2,1,97.39977330166145,Pro,0.137772283047217,1
CUST_3772,10,1,110.21190726397296,2,1,83.26562263797327,Pro,0.4710321476653475,1
CUST_3773,34,20,61.25759956777079,2,0,48.578060833404116,Basic,0.5156541560486496,0
CUST_3774,16,21,56.78049725211339,2,0,24.237633509407587,Basic,0.8276942370111463,1
CUST_3775,48,29,27.928794186222103,1,0,67.39091114551452,Pro,0.13947450778385084,1
CUST_3776,51,6,40.3803350459787,2,1,72.66460273119357,Pro,0.6812302239799051,1
CUST_3777,39,5,9.868466639604884,4,2,46.417597979195904,Pro,0.3041269348243616,1
CUST_3778,22,1,77.85655876585957,4,0,22.99221324106907,Basic,0.9390302448226384,1
CUST_3779,12,19,33.58161055161568,4,1,55.723831786326514,Basic,0.4704213501219393,1
CUST_3780,24,1,39.97785426582848,4,1,25.382925235944665,Pro,0.6223982196243619,1
CUST_3781,47,27,93.64366999139693,1,1,93.99983176304376,Enterprise,0.6501081899729798,1
CUST_3782,40,21,42.630436063567196,6,1,62.88842480337195,Pro,0.0910050752062952,1
CUST_3783,38,21,32.85252758151135,4,0,29.193096166921485,Enterprise,0.8521950624706888,1
CUST_3784,59,16,24.44164115037616,2,2,21.573068833452457,Enterprise,0.164236419923377,1
CUST_3785,10,12,94.10871625092493,1,0,71.67232833851209,Basic,0.39741912695734694,1
CUST_3786,35,27,19.916219668853092,1,2,70.77932802417529,Enterprise,0.6725636866064791,1
CUST_3787,51,29,57.18168242879066,2,0,59.71322315085749,Enterprise,0.05521990110867969,0
CUST_3788,49,22,63.296963348877355,4,4,61.43010251792214,Pro,0.5804238491850517,1
CUST_3789,32,8,84.04983995885718,2,2,60.38690028256231,Pro,0.4099161323500672,1
CUST_3790,7,26,77.82760046829448,1,2,36.01034468105172,Enterprise,0.06385260626473577,1
CUST_3791,21,16,98.2328773886951,4,0,93.74144100074734,Pro,0.7263911210520492,1
CUST_3792,20,28,10.146414901517387,1,0,47.92784642629178,Pro,0.5013333926142811,0
CUST_3793,26,1,39.09068334963068,3,1,2.032790014558983,Pro,0.3034401740936171,1
CUST_3794,4,4,37.21542365916867,6,1,34.83613423883254,Pro,0.0843277964229392,1
CUST_3795,46,10,21.791944143092447,0,0,13.02825786475995,Enterprise,0.5474742054685127,1
CUST_3796,52,11,38.25549919349096,3,2,36.338379104788345,Enterprise,0.3059626767418595,1
CUST_3797,22,17,40.623011126433894,3,1,60.82624850357327,Enterprise,0.9466842313982974,1
CUST_3798,15,25,65.01671312166,2,0,2.2664474521924105,Enterprise,0.5915161806703485,0
CUST_3799,56,27,81.32601507651944,0,0,87.02005312278685,Enterprise,0.2850651083525344,1
CUST_3800,40,23,48.826559065358616,4,1,61.030911846817546,Basic,0.5286180496889478,1
CUST_3801,21,7,87.73907660103883,6,2,29.537187625899474,Pro,0.5394953889785168,1
CUST_3802,15,12,43.6590139366517,3,0,31.12051739242816,Basic,0.7267616036853869,1
CUST_3803,22,21,38.38262289119744,3,0,46.566817651615075,Enterprise,0.9022023231668159,1
CUST_3804,52,7,67.2366264235578,1,1,24.80918060017935,Pro,0.9625936215517972,1
CUST_3805,28,12,7.72738143516592,1,1,0.4341927760946218,Enterprise,0.7178907702556367,1
CUST_3806,14,15,14.175749217910042,2,0,2.65574481792632,Basic,0.5459132408955482,1
CUST_3807,27,2,53.06649751245061,2,0,35.77406719720199,Enterprise,0.2249320864728882,1
CUST_3808,41,14,113.43496181005199,2,0,12.422167660860827,Pro,0.4030294166583981,1
CUST_3809,40,13,87.97385468199371,2,2,2.236367464708189,Enterprise,0.4887889908898755,1
CUST_3810,58,4,15.134555492564141,2,1,85.92692700348404,Enterprise,0.12837115309716118,1
CUST_3811,28,14,102.32657146980047,4,0,27.413731364285322,Pro,0.25640380648735583,1
CUST_3812,26,14,89.21458861994081,2,0,50.31225771668012,Basic,0.9844526062816878,1
CUST_3813,49,16,75.25885045580512,0,0,17.940908419162316,Basic,0.7566900519312574,1
CUST_3814,2,7,99.33369047005539,2,1,4.672497224376226,Pro,0.48200670296823267,1
CUST_3815,25,19,51.47263249044007,2,2,74.48662994885814,Pro,0.22603256474358202,1
CUST_3816,56,2,30.472620848193067,3,2,12.495685464678342,Basic,0.5734476640824744,1
CUST_3817,3,10,63.88268974750732,2,1,2.571690240365865,Pro,0.23187516957049725,1
CUST_3818,8,18,68.11680189324949,3,1,58.72303282634098,Basic,0.19310876582212855,1
CUST_3819,44,29,66.90753278113988,2,0,1.346757242144958,Enterprise,0.0937563818654884,1
CUST_3820,33,17,69.98348602021211,4,2,43.62859448103216,Basic,0.34585303763805764,1
CUST_3821,42,5,114.1010655975058,1,0,28.88360484778162,Pro,0.5417231881468219,1
CUST_3822,52,12,108.7582466560666,1,1,31.941798493775288,Enterprise,0.15932761793952654,1
CUST_3823,35,6,105.70745920427802,1,3,0.38990431140297765,Pro,0.20043547839317566,1
CUST_3824,6,22,97.16293325449212,1,3,96.43460803827953,Basic,0.3911392283293217,1
CUST_3825,39,9,113.49423233550782,2,2,51.6963102483538,Enterprise,0.4895316389710306,1
CUST_3826,52,20,16.326883793131373,3,1,57.25121330416838,Basic,0.7622831791651928,1
CUST_3827,23,1,35.489175066260046,7,2,66.61224849120279,Enterprise,0.5666281650446465,1
CUST_3828,25,22,61.931433750277264,3,0,79.75217910497669,Pro,0.6177010701841295,0
CUST_3829,59,15,102.3514667091916,2,0,60.79091163091758,Basic,0.6962104523290523,1
CUST_3830,50,21,63.09405682511424,2,3,76.21981054933089,Enterprise,0.4509829344616153,1
CUST_3831,43,26,91.0239950242827,2,2,44.87352943628756,Enterprise,0.3431333346434742,1
CUST_3832,19,6,20.980389103625363,1,0,37.12751404044883,Enterprise,0.8004207408774443,1
CUST_3833,5,19,34.02758849230442,1,1,82.31339074821851,Basic,0.8283204170495287,1
CUST_3834,51,18,89.15425092933232,3,0,86.5310524173463,Pro,0.1539820918806286,1
CUST_3835,11,6,23.944411022088264,3,0,13.780666978693379,Pro,0.953369525016399,1
CUST_3836,56,13,45.405932485316576,3,0,54.266018696006114,Enterprise,0.9299227358479129,1
CUST_3837,12,1,35.45961964856072,2,2,68.36424304861593,Pro,0.8708778127607131,1
CUST_3838,10,23,45.234094835585026,4,3,8.359873663196682,Basic,0.42265841868894627,1
CUST_3839,8,23,86.45726564396658,2,1,92.95968167427516,Pro,0.8421784105507059,1
CUST_3840,24,26,47.30242583142212,2,2,52.010977271713074,Pro,0.6280585590286065,1
CUST_3841,28,13,68.85528209991313,2,1,64.54574173167522,Basic,0.20539473931674057,1
CUST_3842,41,7,16.49216586125711,1,0,17.824274809035366,Basic,0.774883019552924,1
CUST_3843,36,15,97.5770347219822,2,2,26.44346899554273,Pro,0.40609499510307634,1
CUST_3844,37,12,47.53719194953436,0,1,12.100121668120234,Pro,0.2921645707322089,0
CUST_3845,21,27,79.58142828883437,3,0,26.399872185388883,Pro,0.8782922162893867,0
CUST_3846,8,26,88.41980419111076,3,3,49.239676529179874,Enterprise,0.8622772737142659,1
CUST_3847,55,1,29.111006042845545,3,1,83.36295994572963,Basic,0.8643732442239942,1
CUST_3848,9,15,106.73762326963525,3,3,53.37234150203635,Enterprise,0.8595235603972318,1
CUST_3849,47,4,75.86578893479958,1,1,24.44635982310961,Enterprise,0.5542290944043589,1
CUST_3850,15,13,54.30339130142037,1,2,4.462107489072798,Enterprise,0.6169203282775012,1
CUST_3851,48,23,25.968546111495247,2,0,62.19698359070045,Enterprise,0.9488655619922154,1
CUST_3852,46,27,113.36460785863878,2,0,42.01598973666481,Pro,0.1293411328470584,1
CUST_3853,40,25,91.83284347513688,0,1,98.435386681707,Basic,0.8062613866902641,1
CUST_3854,18,5,28.92282471432362,0,1,77.9759885411693,Pro,0.5262677386077467,1
CUST_3855,42,29,43.83673909328582,0,1,80.83628192733694,Basic,0.9784075279600571,1
CUST_3856,20,2,98.11253968012842,2,1,1.2235022880396795,Enterprise,0.6392237458667522,1
CUST_3857,6,23,85.00293126976398,1,1,77.77953329040571,Basic,0.1625441896625357,1
CUST_3858,12,26,93.0651936623083,3,2,19.46133106754928,Basic,0.8154909784791611,1
CUST_3859,2,1,55.738126754487226,1,2,58.57958722883059,Basic,0.6726715642758221,1
CUST_3860,7,16,87.39477020384919,2,1,44.742157231571866,Basic,0.1489277892548002,1
CUST_3861,16,23,49.44677812935008,3,0,57.160385057767996,Pro,0.008992161408818644,1
CUST_3862,3,6,29.29523544789259,1,0,13.34435294229962,Enterprise,0.5436472973656951,1
CUST_3863,45,23,77.75785900675639,4,3,45.689168141114635,Pro,0.24148911084897773,1
CUST_3864,3,16,117.24160144386133,1,0,3.6944685951663114,Enterprise,0.8672414890199175,1
CUST_3865,27,14,40.719111710462904,2,0,4.0999348159630795,Pro,0.2509299415778524,1
CUST_3866,50,29,58.011503104442056,1,2,65.77381307740698,Pro,0.6628561548999538,1
CUST_3867,43,26,82.51015767303316,4,3,95.16983734721799,Pro,0.34513010725902893,1
CUST_3868,40,3,67.2732224440861,4,0,77.73929187047831,Basic,0.35031804993208127,1
CUST_3869,38,15,101.99419650654066,0,2,46.915578057097704,Basic,0.1818148373694919,1
CUST_3870,33,3,92.60041124399433,3,1,5.587074009237291,Basic,0.5027217241338562,1
CUST_3871,28,23,11.70417844417106,1,0,4.502014945710419,Basic,0.579271697904571,1
CUST_3872,1,29,119.81844190123401,2,0,15.78922611080581,Pro,0.5810136793957835,1
CUST_3873,55,2,91.52628217773874,0,0,97.58105039340266,Pro,0.8566101550765934,1
CUST_3874,8,1,104.34888137382302,2,2,39.866106644116314,Enterprise,0.652347287453264,1
CUST_3875,37,9,79.88773689096483,3,2,84.3407291872645,Basic,0.7402378332121686,1
CUST_3876,32,9,103.47278972537767,0,2,70.5142438948597,Basic,0.3234481961856299,1
CUST_3877,48,23,17.92404211680158,4,1,60.54286592160663,Basic,0.42068563092776656,1
CUST_3878,43,7,44.98985108932129,0,0,94.78261116537416,Basic,0.01829260695070478,0
CUST_3879,37,3,105.78840851451666,6,2,23.041157061902197,Basic,0.07910933927024488,1
CUST_3880,4,26,28.190349295692606,4,0,45.48896624691536,Basic,0.38511963498649104,1
CUST_3881,30,18,13.997841336702614,7,1,86.47229656745954,Pro,0.2097337345674205,1
CUST_3882,6,11,95.63367809370018,0,0,55.176130764224375,Basic,0.8129593958977555,1
CUST_3883,46,7,101.08090789897906,2,0,24.644513962611104,Basic,0.6764864921276649,1
CUST_3884,54,9,23.70500509183857,0,1,20.89164168422768,Pro,0.9703054797352163,1
CUST_3885,19,1,103.24978802001228,1,1,75.28810010423011,Enterprise,0.8870339626937873,1
CUST_3886,32,29,83.9782964936745,2,5,1.2788894252088734,Pro,0.9776610235334307,1
CUST_3887,9,14,64.80950856990715,2,0,91.4192077402883,Basic,0.36527513258745914,1
CUST_3888,12,20,100.47877216985927,2,0,1.841798811520301,Pro,0.4843763135135254,1
CUST_3889,11,6,53.21366367168107,1,0,63.09890468807041,Basic,0.37262574534467274,1
CUST_3890,46,7,27.30930496569068,4,2,60.474796144200724,Pro,0.9643057265977697,1
CUST_3891,55,10,37.75805781022057,2,1,57.8411151054781,Enterprise,0.40270869401035014,1
CUST_3892,16,7,63.093862103731205,3,0,47.43430508667556,Basic,0.1167618995495543,1
CUST_3893,1,26,66.10304115741522,2,2,85.24303326886111,Pro,0.25050989355550346,0
CUST_3894,45,2,97.64179504074187,3,2,65.93328702904843,Pro,0.42482016009812873,1
CUST_3895,55,4,96.00556322001846,1,2,78.18622814993935,Pro,0.6029939939540809,1
CUST_3896,53,21,71.85715407852611,2,3,11.552180597918982,Basic,0.6180864772509775,1
CUST_3897,21,28,94.79033058702979,5,1,4.9898637457442385,Pro,0.7587836175316557,1
CUST_3898,30,17,27.053947703772163,3,2,2.852850892977865,Basic,0.6478668052563556,1
CUST_3899,13,1,10.757420615728849,2,1,14.720598547359277,Basic,0.49153400596232444,1
CUST_3900,34,10,105.46788960299051,0,0,66.70078902544158,Enterprise,0.03017155067544186,1
CUST_3901,4,19,13.688766782718501,1,2,49.40217557411708,Enterprise,0.6950283833590563,1
CUST_3902,28,15,33.369169420559686,2,0,75.2252256162071,Pro,0.08545809267800286,1
CUST_3903,38,10,84.96167920680422,4,3,19.17303367421075,Basic,0.468811372400742,1
CUST_3904,58,19,52.08651282714055,1,1,36.69630419704616,Pro,0.8963962191148233,1
CUST_3905,31,12,105.77610654028351,5,1,88.8497548549545,Basic,0.5968788933929527,1
CUST_3906,59,24,39.267676386161,3,0,93.57145460285334,Basic,0.19896475768460753,0
CUST_3907,55,16,6.365204866976319,2,0,92.17291549891718,Pro,0.8079582084481708,1
CUST_3908,27,9,39.575398664485576,5,1,81.83050442007625,Basic,0.30040912347690296,1
CUST_3909,5,15,71.47863065625565,3,0,68.8235878597892,Pro,0.5772708392113074,1
CUST_3910,25,27,48.23291317137873,1,0,91.36778940274637,Basic,0.6358488798117063,1
CUST_3911,3,28,66.51036691225686,2,2,71.41815918326391,Pro,0.7311214943922812,1
CUST_3912,33,17,105.80878366602715,3,1,95.39362487254938,Pro,0.0649825702094109,0
CUST_3913,4,14,109.93578123649237,0,0,2.478833203688846,Enterprise,0.854267132457655,1
CUST_3914,25,27,35.58701743522289,2,0,92.1642085894577,Enterprise,0.11385032429639041,1
CUST_3915,20,18,58.146154426038585,3,1,55.57405361393748,Basic,0.09453393012060496,1
CUST_3916,34,26,68.1515617527669,2,0,11.179775182045827,Pro,0.45688455572250486,1
CUST_3917,26,2,114.14793254214841,0,2,21.491126973729468,Pro,0.3721816012132959,1
CUST_3918,5,4,119.84099170390424,1,0,85.21592839149136,Pro,0.054613673824300046,1
CUST_3919,35,18,32.071833616775564,1,1,50.6116954846516,Pro,0.16600052065019566,1
CUST_3920,28,7,88.60268520476878,2,0,98.28177234952365,Pro,0.43921344473188595,1
CUST_3921,29,13,48.47357215681744,2,1,11.753110950497103,Basic,0.829072178588536,1
CUST_3922,9,15,5.932442641914521,3,1,41.250346390012915,Enterprise,0.12130437937214222,1
CUST_3923,52,25,6.064040080128771,4,0,33.18744430807601,Pro,0.10453037417734024,0
CUST_3924,38,23,57.96509086965941,2,0,51.61354360649217,Pro,0.8048294019470412,1
CUST_3925,50,28,61.15851499549848,0,0,63.343781886971854,Pro,0.4923155161682087,1
CUST_3926,6,22,7.595515105945905,0,2,66.16294693816545,Basic,0.3602492467095608,1
CUST_3927,19,26,83.99665292904479,3,1,0.12958799117780417,Enterprise,0.46135364223355946,1
CUST_3928,44,1,38.81038968841961,2,0,8.896043378156794,Enterprise,0.4108466891308944,1
CUST_3929,57,11,69.38770667663418,1,1,3.5063833655951893,Pro,0.7818941706375574,1
CUST_3930,11,10,39.60569341402316,5,0,86.45991463982773,Basic,0.009327362404854878,1
CUST_3931,2,25,24.220446209970326,1,0,31.32922531596556,Enterprise,0.43315857862352736,1
CUST_3932,47,5,51.824979938870655,3,2,36.70634418763643,Enterprise,0.15885466820817928,1
CUST_3933,44,16,31.711436950907586,4,1,45.03712489466927,Basic,0.30828584707951945,1
CUST_3934,44,11,66.50211234570432,4,2,84.93043972535757,Enterprise,0.11217119548074106,1
CUST_3935,9,21,27.865280982945194,6,2,1.4166260962134913,Basic,0.4269881017683439,1
CUST_3936,21,6,63.46668731413211,1,1,11.86182743798504,Enterprise,0.643295134851508,1
CUST_3937,24,9,23.098529209919768,4,1,68.51631221409004,Basic,0.6615932335258106,1
CUST_3938,34,13,82.16209159086527,4,0,96.38925227075971,Pro,0.7967437271105277,1
CUST_3939,22,24,91.70283371076377,1,0,64.27864212970076,Enterprise,0.8150114012767274,1
CUST_3940,3,8,17.695336938742386,1,1,26.11234684675232,Enterprise,0.5977334536411749,1
CUST_3941,12,14,58.797277384294006,3,0,51.986442878661734,Enterprise,0.3531499962553022,1
CUST_3942,28,24,13.150245575310462,7,2,97.49804755814343,Basic,0.051315484861135796,1
CUST_3943,30,1,73.79098123733027,7,0,52.80765465677909,Enterprise,0.03586998752577775,1
CUST_3944,26,17,35.40649426190922,1,2,37.35076297282024,Enterprise,0.1132631046253264,1
CUST_3945,48,24,65.6768125364514,2,1,38.34255548387203,Basic,0.9838314311808385,1
CUST_3946,21,5,64.50801607919348,3,1,96.70335085917307,Enterprise,0.7859774329039378,1
CUST_3947,28,25,111.30074981228705,2,2,71.89165267317058,Enterprise,0.4048722519499627,1
CUST_3948,56,2,68.14457059540314,4,2,68.71728556220472,Basic,0.46620116927636146,1
CUST_3949,26,25,72.0448251676063,3,1,23.20543216907468,Basic,0.7373813438870674,1
CUST_3950,33,28,51.190109462903735,0,0,55.948463776357436,Basic,0.514400641416545,1
CUST_3951,21,24,114.14415436602394,1,1,35.67451985223135,Enterprise,0.3604162426774973,1
CUST_3952,35,9,94.37637958555511,1,0,24.02015258539498,Pro,0.3495606594971936,0
CUST_3953,52,4,37.82160838482678,4,1,89.55522860141045,Basic,0.20964166385757987,1
CUST_3954,34,17,102.08410236426668,5,1,38.31558087626134,Enterprise,0.8856115980123354,1
CUST_3955,41,17,54.72558142128535,2,0,28.27871624713978,Pro,0.41415382899448006,1
CUST_3956,51,21,100.2967215063633,2,1,93.1720396608368,Pro,0.7523629368501714,1
CUST_3957,47,18,99.63212785375273,6,1,19.73463964561254,Basic,0.5737620964523165,1
CUST_3958,18,16,26.720071477728254,2,1,74.55047847165227,Basic,0.7540936521545726,1
CUST_3959,58,8,85.63123010911134,3,1,65.27471444642627,Basic,0.32090994591023037,1
CUST_3960,11,26,38.42394147025108,2,0,92.04844283722855,Basic,0.7520087535303261,0
CUST_3961,57,11,39.21165704915684,5,1,83.20471375672783,Basic,0.7899682932223479,1
CUST_3962,23,21,39.08002884126678,0,1,70.52952179396415,Enterprise,0.1042800828590188,1
CUST_3963,48,21,88.44034846939404,0,1,31.457166069709565,Enterprise,0.09146378010995282,1
CUST_3964,22,18,31.42999480614165,0,1,49.55690112705492,Basic,0.9854957188221397,1
CUST_3965,17,23,5.104171053300376,1,2,94.44957613471799,Enterprise,0.1179540032476949,1
CUST_3966,5,29,87.2522381505028,3,1,2.320263058149352,Basic,0.6848408703715443,0
CUST_3967,44,24,24.686245541039405,1,2,79.43318238200389,Basic,0.7478132317487834,1
CUST_3968,11,10,17.015475460400985,3,3,25.181035045387933,Pro,0.0635108160882144,1
CUST_3969,30,13,32.314353868316914,1,1,18.50169432937917,Basic,0.7465109329889849,0
CUST_3970,15,17,48.688560067110956,3,1,23.222461442231957,Pro,0.419514945854895,1
CUST_3971,27,18,59.729227659418086,1,2,5.975099149684715,Enterprise,0.2746740034450297,1
CUST_3972,35,10,10.125554681952543,4,1,99.19798242861678,Basic,0.665330643864542,1
CUST_3973,33,16,116.61593325214645,1,2,86.9869143225145,Pro,0.8331244890188889,1
CUST_3974,20,20,87.34725114324918,6,1,52.105596863222736,Pro,0.572794502388606,1
CUST_3975,16,5,42.16731751229866,6,0,71.51031785570919,Enterprise,0.870627599603582,1
CUST_3976,34,13,41.65018458782069,3,2,55.659536292350765,Pro,0.022355959345148446,1
CUST_3977,2,18,56.58239317737283,1,0,81.15789444508323,Basic,0.73860478857375,1
CUST_3978,35,17,77.01815461774879,1,1,84.47651915570114,Basic,0.16940247508143536,1
CUST_3979,40,9,21.832902657731292,2,0,23.27904281532013,Pro,0.2860739554349817,1
CUST_3980,56,14,26.726928582969517,2,0,45.974777065024576,Basic,0.5722523888883749,1
CUST_3981,28,17,103.83497702585835,0,1,63.4847734189571,Basic,0.2744451069643703,1
CUST_3982,47,29,34.46931624724334,2,0,97.8440830608275,Pro,0.16815385428317242,0
CUST_3983,39,4,48.72242476714541,1,5,68.26893790961647,Enterprise,0.8854982188414477,1
CUST_3984,6,18,105.19626285926346,5,0,89.76350107441573,Enterprise,0.9067234503062496,1
CUST_3985,9,27,81.26200038097959,1,1,84.61120509870877,Basic,0.036371417752842694,1
CUST_3986,20,20,44.29686612429416,1,1,58.206306367856406,Pro,0.5001211441849805,1
CUST_3987,1,24,83.62544775833139,2,1,89.36553600618889,Basic,0.20367883115443186,1
CUST_3988,8,24,7.263569768862577,0,1,37.74217278252344,Basic,0.8634087939467937,1
CUST_3989,55,15,89.598905901307,1,0,37.92835304483114,Pro,0.4625212570681456,1
CUST_3990,23,11,61.00684465936754,3,2,78.0965643242669,Enterprise,0.4784577427931307,1
CUST_3991,3,12,98.51594693771304,0,0,13.454366563501097,Basic,0.6274726631699769,1
CUST_3992,4,9,114.78332998074386,4,1,30.582521745841895,Enterprise,0.05562407688505944,1
CUST_3993,58,13,111.46568319187536,1,0,60.857245087334235,Basic,0.12729807431869578,0
CUST_3994,25,15,109.56547999736419,0,0,42.00655988669486,Pro,0.4983851618867119,1
CUST_3995,47,27,63.89954493239702,4,0,94.07237098882285,Pro,0.9667069159129191,1
CUST_3996,38,15,46.416343125977875,3,1,95.85060696191366,Enterprise,0.8436055696392095,1
CUST_3997,15,28,58.47906234402737,1,1,50.25813088137892,Basic,0.8893611551466305,1
CUST_3998,21,5,84.33804038103649,3,0,53.90618903656813,Pro,0.1371550266587761,1
CUST_3999,35,23,106.65974434018648,2,1,72.46270918237711,Basic,0.9586239144504125,1
CUST_4000,57,19,28.803424845013748,3,0,45.72649252341735,Basic,0.7299925317003472,1
CUST_4001,53,26,110.59221322309585,1,0,19.00984679404768,Enterprise,0.32568503995553566,1
CUST_4002,53,20,98.74572667653725,1,2,74.69691686229308,Basic,0.8644671613372593,1
CUST_4003,46,26,117.56844174549698,2,1,73.77858893529982,Basic,0.7473098518808954,1
CUST_4004,52,25,106.22895392739402,1,1,24.49811033917795,Enterprise,0.7365097653410505,1
CUST_4005,14,26,37.19279291456927,6,1,83.29165197810076,Pro,0.7346204829605651,1
CUST_4006,36,26,17.184929804565485,3,1,61.36491964201608,Basic,0.8008536332259305,1
CUST_4007,12,14,17.90772327903269,5,2,23.630161031536545,Basic,0.9485291604654135,1
CUST_4008,17,28,38.490681636501755,1,2,65.20391441687042,Pro,0.13687172057614638,1
CUST_4009,39,17,75.631128258222,1,0,23.360952629056076,Enterprise,0.99952242686301,0
CUST_4010,9,18,97.49683750117484,3,1,26.52329540800178,Pro,0.8723396173640441,1
CUST_4011,35,21,108.41378530287994,0,1,84.80093068031562,Basic,0.441627204692538,1
CUST_4012,13,3,76.73163920246176,1,2,92.94915692398189,Basic,0.15743787288875266,1
CUST_4013,15,2,5.647600966026179,0,1,25.688265835821113,Enterprise,0.4537883866465805,1
CUST_4014,18,1,26.426429299631355,2,1,92.80510370851857,Enterprise,0.7786117464169592,1
CUST_4015,51,10,16.46851344313731,2,3,23.87988465023535,Pro,0.602453467355111,1
CUST_4016,33,19,46.78231469043615,2,0,11.726736554258565,Enterprise,0.27955091602522275,1
CUST_4017,6,17,62.65536426788078,1,1,5.822387807126117,Pro,0.4067947136603649,1
CUST_4018,59,12,9.990675536534496,1,2,24.21132408326333,Pro,0.9542988498767065,1
CUST_4019,27,1,45.07496721650036,1,2,38.52465406772353,Basic,0.8038208556315849,1
CUST_4020,23,12,25.605662581912096,1,3,92.75483801093047,Pro,0.12406937574688226,1
CUST_4021,59,17,79.4130691197705,1,0,24.21579997060287,Pro,0.5453919617484793,1
CUST_4022,27,24,58.3913224722991,0,0,36.54653449508933,Enterprise,0.9309848765087553,0
CUST_4023,34,3,61.96152939739951,2,1,73.4155874743572,Enterprise,0.034308788260434486,1
CUST_4024,56,11,54.18455562384803,3,0,30.207408798728153,Basic,0.04254736947961413,1
CUST_4025,46,17,114.9422667059552,2,3,68.43681516795806,Basic,0.7167327311405849,1
CUST_4026,38,23,29.69453938897977,6,0,43.20778192485024,Basic,0.5755456290998998,1
CUST_4027,14,26,64.41638988204555,2,5,19.64449526591723,Pro,0.045999464309886884,1
CUST_4028,36,3,89.64199736201363,7,0,73.40589009691361,Enterprise,0.9960164852278621,1
CUST_4029,53,8,69.0371075104747,0,1,2.703883335668411,Pro,0.5800952957092703,1
CUST_4030,8,20,111.83740185743213,2,0,29.233482507297893,Basic,0.49192974358334407,1
CUST_4031,35,4,48.46636089874768,2,1,35.61815391683787,Enterprise,0.4476970390674134,1
CUST_4032,19,21,58.32271766391547,4,1,45.8218254987636,Pro,0.7006839368098108,1
CUST_4033,30,22,15.180066249693768,2,2,67.98692319761393,Enterprise,0.45835702766245534,1
CUST_4034,14,7,75.03489777097178,1,1,45.940499418603686,Pro,0.6590767790789945,1
CUST_4035,59,14,38.144376371532196,1,5,59.43241122862163,Basic,0.4883342131528803,1
CUST_4036,20,14,23.435539544290418,6,0,59.57790784178173,Pro,0.6107177605322324,1
CUST_4037,49,4,67.62109868401842,3,1,37.32716498960077,Pro,0.8051861303160417,1
CUST_4038,25,16,66.21568028868973,0,1,93.39712657546984,Basic,0.817168086777842,1
CUST_4039,40,24,13.725238740765468,2,0,95.58538308764427,Basic,0.8490482201643839,1
CUST_4040,24,29,85.29477715186437,5,1,58.185088409446585,Pro,0.20296971768056093,0
CUST_4041,14,22,76.73380192484808,1,2,7.169088029543191,Pro,0.06111990055736849,1
CUST_4042,26,1,26.73698751584718,2,0,49.112756425593574,Pro,0.836138473935858,1
CUST_4043,38,17,58.98500914771504,0,1,18.44193267940072,Basic,0.04229784533128422,1
CUST_4044,23,25,87.8371353950344,3,0,48.32145218729037,Basic,0.21349074661098244,1
CUST_4045,22,10,65.8851101622468,1,1,18.84831544985418,Basic,0.5261987984685289,1
CUST_4046,48,22,50.481243761110576,2,0,70.38552456488844,Enterprise,0.8554334302667076,0
CUST_4047,57,16,42.06892267930852,2,0,8.04291200663425,Enterprise,0.896781280573304,1
CUST_4048,19,16,75.19529466406617,3,2,95.33040763959241,Basic,0.6280506546175062,1
CUST_4049,46,26,112.99750030567766,3,1,19.537588943335273,Enterprise,0.9667586933994017,1
CUST_4050,51,8,82.25065665491059,1,0,66.06563360492454,Enterprise,0.7299429351068216,1
CUST_4051,3,29,13.595778918176283,1,0,91.69623507294894,Pro,0.5277244019670086,1
CUST_4052,42,7,57.978771950445385,1,1,24.788631398406245,Pro,0.13437058147343128,1
CUST_4053,19,28,107.44477512372217,0,1,93.429689903713,Pro,0.42878551378884966,1
CUST_4054,9,6,15.863178967124991,5,2,38.86746656602726,Enterprise,0.8223408486032524,1
CUST_4055,28,16,118.72070689581749,2,1,96.053081725259,Enterprise,0.2836472000542103,1
CUST_4056,20,20,114.14298026922346,2,0,97.13638581345255,Pro,0.5782711449032015,1
CUST_4057,45,16,14.001565283935724,2,0,18.80799050692398,Pro,0.9834345037961918,1
CUST_4058,7,7,112.34253185169882,2,1,83.10873369310544,Basic,0.17442393517603416,1
CUST_4059,14,9,46.760247879838154,1,0,19.342101283355028,Enterprise,0.10145725751466139,1
CUST_4060,9,14,102.14155421372419,1,1,22.64406203310816,Pro,0.7955966788413382,1
CUST_4061,59,11,53.11408383702622,1,2,8.412650402339828,Pro,0.02492181712226138,1
CUST_4062,55,26,55.698337960789324,0,0,15.653694649817796,Pro,0.6432559354256018,0
CUST_4063,57,26,77.9379554624174,4,1,63.22189682471079,Enterprise,0.33574499400490043,1
CUST_4064,19,14,94.06490321673809,3,0,44.925273005178646,Pro,0.7238138112881458,1
CUST_4065,47,7,8.885752359048594,2,1,79.09442371688351,Pro,0.12025317233920396,1
CUST_4066,52,1,73.21293948562044,5,0,33.199681482662214,Pro,0.330043942300576,1
CUST_4067,14,26,26.474294321197664,4,1,96.86245673010589,Pro,0.01703690378558964,1
CUST_4068,56,25,44.78419455426834,3,0,4.987254081937465,Pro,0.23509099399646405,1
CUST_4069,38,13,45.0163966078499,3,1,6.2935954402441485,Basic,0.48325865221810327,1
CUST_4070,53,20,58.94193912543267,2,1,70.13748988181361,Pro,0.17761341248978735,1
CUST_4071,36,3,43.42568736575994,1,0,88.75388849728597,Basic,0.5996555344206397,1
CUST_4072,40,20,17.346528621826792,4,0,79.55001916341494,Enterprise,0.11814662277953203,1
CUST_4073,17,4,21.747304930426914,3,0,48.98170878669137,Enterprise,0.7452235491265146,1
CUST_4074,30,29,8.845368339526232,2,0,26.964136130502002,Enterprise,0.9216647650321507,1
CUST_4075,9,26,59.07864481280674,5,2,1.3451529304714938,Enterprise,0.3859254662289092,1
CUST_4076,33,11,114.76148490809368,3,2,50.94514539197756,Enterprise,0.5282060675278298,1
CUST_4077,56,2,18.302650719533403,1,1,47.563619730927655,Pro,0.48851336270789736,1
CUST_4078,52,14,113.82041669535444,1,0,34.42458994702399,Pro,0.7853954729826991,1
CUST_4079,25,12,89.33657419419076,3,2,57.80727879724849,Enterprise,0.9941910297712052,1
CUST_4080,14,17,78.31236233742877,0,1,72.88146973812732,Pro,0.735685979234037,1
CUST_4081,11,12,79.20694186220973,4,0,70.08882362282425,Basic,0.2145302288725215,1
CUST_4082,53,26,100.07367956557245,1,1,26.325284178421548,Basic,0.6960801516619828,1
CUST_4083,35,12,17.295784403679455,1,1,58.530368861459316,Pro,0.6157639944318252,1
CUST_4084,41,1,63.046747210037296,2,1,14.87744785839984,Enterprise,0.21011988570445073,1
CUST_4085,59,13,85.16548089998723,3,1,12.16018438883546,Enterprise,0.24096183502250756,1
CUST_4086,14,14,72.48435118345982,2,0,78.5855836259118,Basic,0.6527868089091818,1
CUST_4087,30,24,100.76959316767888,2,0,69.37459020955359,Pro,0.8078186605719776,1
CUST_4088,41,2,13.311246536305422,2,1,76.79289006316287,Basic,0.7624040635274477,1
CUST_4089,4,12,84.43061954240409,1,1,15.246227420422088,Pro,0.606411890534753,1
CUST_4090,59,26,66.41318899424255,1,1,91.46185893704599,Enterprise,0.937542287536437,1
CUST_4091,4,21,48.603499357693494,3,1,13.311161322235876,Basic,0.7310455363623782,1
CUST_4092,28,28,44.131622956913546,0,1,87.00369681977288,Pro,0.5419159560260969,1
CUST_4093,8,16,76.39575276903219,2,2,35.23792913059312,Enterprise,0.816204995282764,1
CUST_4094,2,4,107.46446808409046,3,2,10.543409303413931,Pro,0.2904839792766557,1
CUST_4095,41,8,62.06023150162826,4,1,28.676896056552593,Enterprise,0.2634927447006429,1
CUST_4096,46,2,99.84316386884582,5,1,18.1448014213883,Pro,0.9714550951394781,1
CUST_4097,22,10,51.24798391205626,0,2,49.06697186917142,Basic,0.9498217005126488,1
CUST_4098,41,9,16.7753632212153,2,0,94.97453480397687,Pro,0.8805161707508264,1
CUST_4099,56,23,12.073159692743433,2,0,32.78711615825185,Basic,0.21436909690827266,1
CUST_4100,55,15,10.903452702222921,1,1,61.20989856821137,Basic,0.5876889837470788,1
CUST_4101,16,13,48.717266325132044,0,1,89.17208757399636,Basic,0.5350500892219634,1
CUST_4102,29,23,43.78234134612184,1,0,63.0073929696232,Enterprise,0.20310848572394857,0
CUST_4103,49,17,87.5627577165955,3,1,36.21991408697644,Basic,0.44778817091668977,1
CUST_4104,48,16,90.42447268225956,1,0,99.08391271758792,Basic,0.46514585544887355,1
CUST_4105,30,28,10.84820641588008,2,1,18.741360144053367,Basic,0.24062263870143974,1
CUST_4106,12,2,30.42917523223672,0,0,52.3256014895508,Enterprise,0.954880820382587,1
CUST_4107,35,20,36.54011276827347,2,0,79.67054987367973,Pro,0.4927149916416136,1
CUST_4108,11,20,67.97537817642308,4,2,0.06488695772243203,Enterprise,0.5248918636403362,1
CUST_4109,46,27,21.61925074929928,1,0,70.2043252142437,Enterprise,0.5985788921354929,0
CUST_4110,50,14,20.40324023100004,2,2,26.64988967059386,Pro,0.886952439058839,1
CUST_4111,21,3,113.53572225891517,2,1,16.972672269187715,Pro,0.5333096842561509,1
CUST_4112,21,23,97.48333433924482,1,0,27.419446336829147,Basic,0.5409657645403234,1
CUST_4113,5,12,25.775313740484584,4,4,96.68164258397842,Basic,0.24019333509286933,1
CUST_4114,48,8,51.755297909131464,1,1,89.19352592396855,Pro,0.6028171913431709,1
CUST_4115,20,2,45.89652991462004,1,0,21.37544564637025,Pro,0.3811495315875365,1
CUST_4116,37,4,95.96546851752184,1,1,11.702677311844456,Enterprise,0.6467814958452633,1
CUST_4117,3,14,63.67448539498404,3,0,36.41526045144676,Enterprise,0.30074635652914905,1
CUST_4118,44,16,19.702719754248708,3,1,59.23364801000734,Enterprise,0.7157283697393596,1
CUST_4119,33,19,89.98408726296805,3,1,86.71446285811206,Pro,0.6189027844561924,1
CUST_4120,53,2,50.642117495865676,4,1,96.60901250400778,Basic,0.4744839725261665,1
CUST_4121,9,12,35.23628847769692,2,1,75.11533681730988,Enterprise,0.09667243373102175,0
CUST_4122,9,29,48.182341532382814,3,2,59.90072127016558,Enterprise,0.6269681612612399,1
CUST_4123,4,14,62.24200481479308,0,0,14.233202613101692,Pro,0.8592789585833613,1
CUST_4124,35,6,44.458284387956084,2,0,7.402837637331105,Enterprise,0.17107439598517082,1
CUST_4125,17,13,32.81916384805215,1,1,59.60268785292011,Pro,0.08471946532761643,1
CUST_4126,34,4,50.82773331245774,1,0,53.90641057669271,Basic,0.03956878352180615,0
CUST_4127,24,22,7.204884736238298,0,2,84.60881077341021,Enterprise,0.03181873780895483,1
CUST_4128,32,18,93.83725230107609,1,1,32.260585085510385,Enterprise,0.8420691733781317,1
CUST_4129,1,12,24.658662760272367,2,1,3.969085734981015,Enterprise,0.7276149404789571,1
CUST_4130,8,20,10.049030567523284,4,0,42.37082690910332,Pro,0.20229833490693616,1
CUST_4131,45,27,80.17534968408411,5,0,96.91823039377392,Pro,0.9171175298161458,1
CUST_4132,23,22,94.0026548147223,1,1,79.55749049365231,Basic,0.13533981400838924,0
CUST_4133,47,21,98.59035013317697,2,0,3.377217364227314,Pro,0.3741627367468945,1
CUST_4134,40,19,61.753556005968996,2,0,87.46789038981754,Enterprise,0.45210830476984365,1
CUST_4135,12,8,28.61734123934831,2,0,47.16894896213174,Enterprise,0.07589575172446605,1
CUST_4136,54,7,89.78118288373008,0,1,36.47680318179558,Pro,0.3474742018620558,1
CUST_4137,12,16,85.46700387274878,3,2,34.67395408027916,Basic,0.10188069685269308,1
CUST_4138,46,19,33.321134421864926,2,1,59.51442530388644,Pro,0.7897743907533187,1
CUST_4139,47,6,108.8918919242212,1,3,53.05994184407625,Pro,0.04682810871094256,1
CUST_4140,15,20,17.002717679525333,4,0,65.66272441682631,Enterprise,0.017136570088211345,1
CUST_4141,41,27,118.00914755300245,0,4,57.364146504004665,Enterprise,0.7324986832861841,1
CUST_4142,19,21,103.92849826240843,4,0,14.394457484171852,Enterprise,0.7808483163017246,1
CUST_4143,26,11,84.10834423009365,4,2,25.72360087583182,Pro,0.4956300126262707,1
CUST_4144,52,5,112.95623715218078,1,1,84.10295721018342,Pro,0.31787258906358895,1
CUST_4145,29,16,88.06578435722639,1,0,66.32585146956299,Basic,0.2364531291851606,0
CUST_4146,22,7,26.90255465845528,1,1,44.84006254147411,Enterprise,0.11702789982693651,1
CUST_4147,40,27,55.84795588297335,4,2,18.260143183386536,Basic,0.48423016939790775,1
CUST_4148,21,5,13.222847798138066,0,1,0.7691035977311911,Enterprise,0.49108913195649584,1
CUST_4149,51,11,49.81060356313327,2,1,31.188740318861807,Basic,0.4559607512032565,1
CUST_4150,38,15,90.28434726977899,2,2,5.484695692666874,Enterprise,0.7782625988482859,1
CUST_4151,20,3,49.440985357044,2,4,48.22841330874551,Pro,0.09977686022558452,1
CUST_4152,57,26,42.983830178835426,4,1,82.18014527582085,Enterprise,0.6700100239998776,1
CUST_4153,29,5,73.46590808868586,4,1,28.53986613822973,Basic,0.4015673228999893,1
CUST_4154,51,23,105.30352083487293,4,0,84.77541615550496,Basic,0.2409498865244526,1
CUST_4155,4,21,10.47206714280293,2,0,70.45643960865894,Enterprise,0.6815941118784741,1
CUST_4156,55,5,49.32909999046957,4,1,12.526232935486536,Pro,0.1976778988620178,1
CUST_4157,7,9,23.19768530875521,3,1,64.45618912695834,Enterprise,0.23091699358259576,1
CUST_4158,28,15,84.96573883416501,2,1,15.16798073055432,Pro,0.9985456537471847,1
CUST_4159,28,3,17.158324449580512,4,1,65.47909202749187,Enterprise,0.8886687260967616,1
CUST_4160,4,29,81.45289223672812,2,1,14.271448472810611,Pro,0.6971391184065707,1
CUST_4161,22,6,37.910800141759346,2,0,39.2511366015566,Enterprise,0.3157627578702643,1
CUST_4162,12,17,27.87543357978084,1,0,56.65942702381936,Enterprise,0.536718349111983,1
CUST_4163,45,26,112.68054414987331,2,0,5.037417142394174,Pro,0.12661579518114674,1
CUST_4164,3,21,7.1303263257849245,0,0,15.330834485452737,Pro,0.3339515191495839,1
CUST_4165,22,8,55.34438626730043,2,1,32.040882505224644,Enterprise,0.06797053618955284,1
CUST_4166,44,21,7.487104133106285,1,2,46.232008577186136,Basic,0.6103183314259706,1
CUST_4167,2,25,60.61320053199783,1,1,85.84872939214344,Pro,0.857495741702698,1
CUST_4168,24,11,62.6204484463581,3,1,18.727308835398215,Basic,0.8095513010969342,1
CUST_4169,34,6,41.99118421039591,3,0,34.74709505025256,Basic,0.856081269047497,1
CUST_4170,27,8,20.198604415377723,2,0,47.57762362801806,Basic,0.17459971858024292,1
CUST_4171,55,10,48.28456683946466,3,1,29.577855598936875,Basic,0.6500846114481559,1
CUST_4172,41,24,82.31023809224509,2,3,62.57477787208708,Enterprise,0.9567420381914412,1
CUST_4173,1,29,94.9755179941128,2,0,25.66024347759701,Pro,0.7832511645716713,0
CUST_4174,8,3,66.03631927463637,1,1,77.23504211132433,Enterprise,0.003390378797691551,1
CUST_4175,23,23,72.83095536057189,2,1,50.51540948511833,Enterprise,0.8823066115545114,1
CUST_4176,38,14,28.07088267933506,0,0,8.63048834611102,Enterprise,0.7057798499952942,0
CUST_4177,6,23,38.042988321179685,1,0,62.699889523195765,Enterprise,0.12206205592013708,1
CUST_4178,22,14,23.61799515602122,2,2,56.92435037987573,Enterprise,0.31382258271004304,1
CUST_4179,25,10,33.668965250530306,1,0,33.85973542066727,Pro,0.11751481233190453,0
CUST_4180,18,12,30.861979725936152,1,0,1.1157078389021358,Enterprise,0.7298104977972278,1
CUST_4181,17,6,64.73661043499231,3,2,20.070154217437253,Enterprise,0.003523886410120469,1
CUST_4182,12,12,69.70920691593388,3,0,40.570952888235254,Enterprise,0.46452218140791834,1
CUST_4183,6,23,113.66895339447302,3,0,19.991403379329743,Basic,0.999808973445324,1
CUST_4184,26,14,27.49062441667515,2,1,57.74911209396778,Enterprise,0.8511305333336037,1
CUST_4185,27,2,78.79270666857204,4,2,71.23248939262568,Pro,0.5872217145178821,1
CUST_4186,8,9,98.98481593356513,2,1,85.60176567508357,Pro,0.6939341440379934,1
CUST_4187,19,10,69.42776833505104,2,1,64.69826186837487,Pro,0.6036387909123216,1
CUST_4188,42,26,34.32542003762371,1,4,68.90092212548127,Basic,0.8108459468586963,1
CUST_4189,1,17,35.193276452300026,1,2,60.84418652305244,Pro,0.8859848236570289,1
CUST_4190,57,17,9.51410110316499,1,2,98.54860576127037,Basic,0.7665923829724611,1
CUST_4191,29,3,40.1260860530754,1,0,26.10005690799082,Pro,0.1819625295456011,1
CUST_4192,45,19,90.62942308538871,1,2,26.625868051275837,Basic,0.37252139891866076,1
CUST_4193,49,1,10.464542078817693,3,1,12.633364142185965,Pro,0.7844082121527391,1
CUST_4194,35,12,30.218957488055526,2,0,48.568432586953236,Enterprise,0.823177580060651,1
CUST_4195,40,7,86.21673733115492,0,2,9.616170363092191,Pro,0.6288027342341805,1
CUST_4196,14,4,95.00492972463081,2,2,27.014659689810372,Pro,0.714145221039661,1
CUST_4197,35,10,57.36161715712177,1,4,48.26809287713915,Pro,0.17449856293051946,1
CUST_4198,48,13,85.27854892504462,2,0,95.75956159300173,Enterprise,0.3726658071813189,1
CUST_4199,45,2,49.614499395312585,2,0,96.38129938401674,Basic,0.5346362815108355,1
CUST_4200,20,10,23.390023177774665,4,1,74.37402341365558,Basic,0.9837084060194858,1
CUST_4201,56,21,50.78719175513425,5,0,38.92501615756849,Enterprise,0.7992155902356337,1
CUST_4202,49,22,71.69629932336143,1,3,86.51612733765461,Enterprise,0.19261976980606998,1
CUST_4203,13,25,114.02612741308238,0,1,87.54558019076403,Basic,0.35240654044433806,1
CUST_4204,38,4,12.906359490197891,1,0,91.01973807965523,Basic,0.21689829282996642,1
CUST_4205,49,18,63.35032079217047,4,0,64.0025048215213,Basic,0.15225908911706054,1
CUST_4206,46,5,42.8257744942333,2,1,20.179279560788043,Basic,0.11998009096984874,1
CUST_4207,49,19,63.455844841819875,1,1,9.108077277068173,Basic,0.9657030408927596,1
CUST_4208,8,2,7.757176448301143,1,0,91.477550404013,Enterprise,0.9066335660173154,1
CUST_4209,43,12,40.99791579068185,4,3,5.554610812160298,Basic,0.48324426591490033,1
CUST_4210,20,17,99.28483696560558,2,3,29.589005943799485,Basic,0.548544633983998,1
CUST_4211,33,10,68.70329939328332,1,0,48.69617670377371,Pro,0.8386227499122121,1
CUST_4212,26,2,56.8169866738535,2,3,2.197669287347581,Enterprise,0.648838359594256,1
CUST_4213,39,6,37.835383247264055,2,3,90.69122586782439,Enterprise,0.7326579169113311,1
CUST_4214,21,8,39.27489012100593,5,0,28.712099487223497,Basic,0.7911418694214604,1
CUST_4215,53,29,49.056664862917216,3,2,2.8504798920575225,Pro,0.48302875734184714,1
CUST_4216,49,19,101.09063164592445,4,2,99.35899972265184,Pro,0.9747928911324707,1
CUST_4217,42,11,116.22951878295086,1,2,31.139318081751533,Basic,0.6283649713844403,1
CUST_4218,43,25,55.44536885529307,2,1,87.67649074853729,Pro,0.6334852516741484,1
CUST_4219,54,12,50.235576455992614,2,2,45.34744539208809,Basic,0.14104513641364647,1
CUST_4220,41,9,102.35333921928422,0,0,66.31259010549991,Enterprise,0.9877372121355908,1
CUST_4221,9,2,54.09411187317492,1,2,24.109014953735475,Pro,0.0707755348067215,1
CUST_4222,24,8,68.48208981399989,0,1,50.2875326977022,Basic,0.9856363508492285,1
CUST_4223,37,26,31.55829142885561,3,1,25.7651192425027,Basic,0.9105655852278896,1
CUST_4224,49,11,90.50279161459365,3,2,95.10838812651036,Basic,0.8564202716854165,1
CUST_4225,41,28,66.17865660113992,1,1,6.094541241624629,Enterprise,0.6735986942562721,1
CUST_4226,17,21,98.03897327763929,0,2,27.46739275048474,Pro,0.6088580892743356,1
CUST_4227,24,4,94.78426395329701,1,0,89.31088765498787,Enterprise,0.9966200175131916,1
CUST_4228,21,10,29.725548351053284,2,1,48.00359575072838,Enterprise,0.9739974862105185,1
CUST_4229,51,21,87.29808831414267,1,0,60.008411190417,Pro,0.8118330836348608,1
CUST_4230,59,20,97.00625691440771,0,3,65.16933714956426,Enterprise,0.08686147599745608,1
CUST_4231,39,16,44.80233268997544,2,3,7.092751177356337,Basic,0.37216661255424766,1
CUST_4232,55,8,24.850047983761574,5,1,1.7738740908585071,Pro,0.8659278098391866,1
CUST_4233,41,4,5.302697891652641,0,2,93.78410517113066,Enterprise,0.7025203250767825,1
CUST_4234,39,29,56.85392010571204,2,3,27.150284529688072,Pro,0.12200420353927754,1
CUST_4235,13,10,45.52976412696678,3,2,38.03131104355288,Enterprise,0.3482485412903583,1
CUST_4236,11,12,68.81463088992203,2,1,68.20931707235496,Basic,0.019425504177490782,1
CUST_4237,46,29,26.624725647710363,2,1,23.630387707272128,Enterprise,0.8928032675426119,1
CUST_4238,19,14,103.86153798164464,2,1,73.30713701675182,Pro,0.7470052856214844,1
CUST_4239,11,16,34.64184979723261,2,0,45.824218216327,Enterprise,0.4358608606362464,1
CUST_4240,13,22,31.039404585079748,3,1,85.6609805287391,Basic,0.7603881025198961,1
CUST_4241,46,18,60.28211649570093,1,1,27.85406357654824,Basic,0.9334221937113886,1
CUST_4242,45,21,62.36786773059154,6,1,20.382248046329853,Basic,0.27989169265086866,1
CUST_4243,1,22,29.734801310285675,2,2,83.1688353874872,Enterprise,0.2858168410648333,0
CUST_4244,40,21,36.26398357348032,4,1,32.63260649928337,Pro,0.4826514814551971,1
CUST_4245,44,12,24.51610250285317,1,1,41.1868646000505,Enterprise,0.7068996274585497,1
CUST_4246,19,18,87.62292050716418,2,0,79.3707832687993,Enterprise,0.9930374353367277,1
CUST_4247,12,7,93.56023859421941,1,2,63.5576537374575,Enterprise,0.16293145540362142,1
CUST_4248,8,20,58.1677772078175,2,1,44.17258904322691,Pro,0.34213556490978736,1
CUST_4249,8,24,87.120007608777,1,0,24.9890508904558,Basic,0.3634399776509346,1
CUST_4250,53,23,89.63257007280623,7,0,76.42009688517642,Basic,0.7258239727786167,1
CUST_4251,45,7,20.90168568294799,2,0,18.043103449005706,Basic,0.8865977959490746,1
CUST_4252,12,9,116.11047285597172,0,0,92.82796005864282,Pro,0.18379513843700224,1
CUST_4253,48,1,99.41867391608956,1,1,15.031606912299722,Enterprise,0.7136503573224291,1
CUST_4254,33,26,28.515598037519702,4,1,80.49336919472961,Enterprise,0.9096220157595893,1
CUST_4255,45,6,26.40897911079808,3,3,42.42488667281338,Enterprise,0.12129566900068323,1
CUST_4256,26,6,19.451031741652017,0,1,18.600623293351205,Pro,0.6350599800633107,1
CUST_4257,39,22,20.913534692320614,1,1,40.23789382367712,Enterprise,0.2023840642007948,1
CUST_4258,28,29,91.03860688830007,0,0,22.155181619993357,Pro,0.44114091876121175,1
CUST_4259,58,12,59.01023954943671,3,1,13.599365083584736,Basic,0.1268087372565352,1
CUST_4260,5,22,95.03742986508473,3,1,23.915539893055847,Basic,0.6836191926813018,1
CUST_4261,8,12,90.81931285027362,2,2,86.73984725382526,Pro,0.40137537990996985,1
CUST_4262,25,10,74.53046205310048,0,1,10.59423874798242,Basic,0.5672526938598034,1
CUST_4263,27,23,83.93215975654815,2,0,97.25395877678908,Pro,0.5235423244111623,1
CUST_4264,46,26,7.110908303601306,3,0,0.4998453687676818,Enterprise,0.6939848028351275,1
CUST_4265,23,6,40.85442938257753,1,0,65.82381543912432,Basic,0.8955783398405192,1
CUST_4266,30,17,78.34955061483217,3,1,85.6511984838086,Basic,0.2797493383871893,1
CUST_4267,45,19,6.074669650918083,4,1,93.39576481267643,Enterprise,0.5951668138335596,1
CUST_4268,47,18,8.79234852349824,4,1,14.398559345675455,Enterprise,0.5737663787251883,1
CUST_4269,23,6,102.96711798409407,3,1,69.820849645234,Pro,0.3151453191709217,1
CUST_4270,49,24,83.66285909458826,3,1,10.73492161556473,Basic,0.4995861547262743,1
CUST_4271,47,19,35.51751930883955,1,0,35.26114938744336,Enterprise,0.04045317364249679,0
CUST_4272,20,10,84.11572661365153,2,0,73.19263575069937,Basic,0.4269330717847474,1
CUST_4273,18,24,96.13251695101528,1,1,34.59732261630669,Basic,0.2705268861205815,1
CUST_4274,18,8,40.281342557661645,2,2,31.337472828106783,Basic,0.8639756500964437,1
CUST_4275,2,21,9.144298412406556,4,2,11.605461880240819,Basic,0.3577916881393369,1
CUST_4276,4,24,112.26959933908947,0,1,6.6438094328088,Pro,0.19220972670609915,1
CUST_4277,30,6,44.695681403997504,2,3,11.527799128175708,Enterprise,0.5296712254365523,1
CUST_4278,33,21,17.245402777741234,2,0,87.54747749452244,Basic,0.8109644476096168,1
CUST_4279,36,25,61.56354021021195,3,0,1.119852538092525,Enterprise,0.3540457588677518,1
CUST_4280,18,7,93.3737965013754,1,2,69.28658695352891,Enterprise,0.8468304108357335,1
CUST_4281,37,24,30.489441181019302,1,0,76.86242298882978,Pro,0.3261295575959695,1
CUST_4282,19,1,35.991355765336785,4,0,56.78883041274288,Pro,0.7355980330657654,1
CUST_4283,47,27,32.91222348183706,5,0,73.07753611831485,Basic,0.11525117750005909,1
CUST_4284,28,18,119.04240107564299,2,2,65.22696690251003,Basic,0.06220055164521687,1
CUST_4285,40,24,27.701429379012392,1,1,45.55584890946926,Pro,0.7375759057229109,1
CUST_4286,20,28,71.18482495110426,2,2,38.271042787626705,Enterprise,0.3683982139723879,1
CUST_4287,49,25,111.4054337905509,3,0,94.13319884051735,Enterprise,0.3929952741525615,1
CUST_4288,33,20,21.893105420944615,2,0,97.19379925704679,Pro,0.574152647060846,1
CUST_4289,12,12,116.64823275478552,4,0,65.12714036250297,Basic,0.9868701598897752,1
CUST_4290,58,16,113.95988195549683,3,4,19.729883989847174,Basic,0.17150980177453623,1
CUST_4291,51,10,106.7257785117002,3,0,44.78991624377875,Basic,0.2998540785625107,1
CUST_4292,15,27,29.673999952950258,2,2,49.653749008260704,Pro,0.6487036516466834,1
CUST_4293,41,10,77.91633144126308,4,1,75.79700524606616,Pro,0.7009633056373453,1
CUST_4294,39,14,92.50251939054262,4,0,66.77771313223192,Enterprise,0.7061452590322966,1
CUST_4295,2,25,118.39321174258941,2,1,51.48144294278951,Pro,0.5954052681329248,1
CUST_4296,29,20,25.748739539357597,2,1,68.0364557787157,Basic,0.5882838643864481,1
CUST_4297,41,10,93.0929784447191,0,0,2.405684673377395,Enterprise,0.1481069495585422,1
CUST_4298,10,10,43.96213454161799,1,0,77.66353218843638,Basic,0.8346253729307812,1
CUST_4299,2,26,25.197043540320266,2,2,21.16322340069443,Basic,0.008895811218131877,1
CUST_4300,51,25,53.45834823959332,1,1,65.64091395611491,Enterprise,0.41757726068317036,1
CUST_4301,11,11,96.29112989709088,4,0,11.397325213700915,Basic,0.2154092517859303,1
CUST_4302,13,23,58.457727425966,0,1,11.446083592470146,Enterprise,0.10433991296544953,1
CUST_4303,10,2,66.81515652335058,2,1,3.5657643836702,Basic,0.319490804914736,1
CUST_4304,14,25,119.44333217301394,2,0,91.02328101535117,Basic,0.6571872928538,1
CUST_4305,18,20,50.89756944910399,4,1,60.4558757691812,Enterprise,0.4970829103145161,1
CUST_4306,51,8,75.77108679156258,1,0,36.19619362291483,Basic,0.8735258618738173,1
CUST_4307,54,23,47.003083185767764,4,1,78.77777410193087,Basic,0.5996854545787882,1
CUST_4308,9,29,50.17034932780107,2,1,62.60822006246654,Enterprise,0.2531340360151795,1
CUST_4309,57,7,84.99868664622193,3,2,62.00805179129404,Enterprise,0.5152209452909287,1
CUST_4310,39,8,112.8570022509116,2,1,48.70427943630068,Enterprise,0.22738580379537343,1
CUST_4311,28,1,67.37127930661697,1,0,0.7926778668208678,Pro,0.17865647511981209,1
CUST_4312,3,21,93.36599182910969,1,0,25.846250642493985,Basic,0.9550205254213602,0
CUST_4313,20,2,15.25875426395084,4,0,10.907669460008297,Enterprise,0.46803283234759674,1
CUST_4314,6,18,29.2831743046716,2,1,66.2409852352776,Basic,0.6512080907360505,1
CUST_4315,27,15,62.74513870574623,1,1,24.862082178699772,Enterprise,0.8734322771895898,1
CUST_4316,53,1,7.301348217309101,3,0,45.016666405120695,Basic,0.3221776520378089,1
CUST_4317,2,5,34.078322557694264,3,0,35.34302982898829,Basic,0.7890252401118069,1
CUST_4318,29,2,64.50114832987111,0,1,14.319873792536397,Enterprise,0.7888269344021952,1
CUST_4319,38,20,6.720537799474582,5,0,95.83702328827192,Enterprise,0.824011902311354,1
CUST_4320,3,3,35.4228229159948,0,0,93.3419311627216,Pro,0.18946454427042392,0
CUST_4321,16,19,64.11354423972499,5,1,8.460818603664055,Enterprise,0.9628402342460175,1
CUST_4322,30,18,70.91216351784325,1,1,82.73653535279965,Enterprise,0.2747812945868229,1
CUST_4323,40,29,111.46144470136012,2,0,48.83736827163732,Enterprise,0.7768147737056363,1
CUST_4324,2,22,79.2147466738199,4,2,77.37358845808512,Pro,0.16230589962033193,1
CUST_4325,17,18,52.69461729094928,1,0,15.115713091376692,Basic,0.9242270585636133,1
CUST_4326,41,14,111.9903853703028,1,0,13.227413777754371,Pro,0.4278452977090548,1
CUST_4327,12,24,95.26154308959634,2,1,89.07575008952041,Basic,0.6686534518898447,1
CUST_4328,35,8,28.001025927965973,5,2,89.78194918410608,Enterprise,0.8501918212687214,1
CUST_4329,43,29,20.046871555114272,3,0,46.59121627536088,Enterprise,0.2823865161238145,1
CUST_4330,1,12,82.7183381104143,4,3,87.0157797614898,Enterprise,0.38899601251303473,1
CUST_4331,55,21,69.38656404135314,1,1,66.74589515036303,Pro,0.3133892076392789,1
CUST_4332,45,10,95.81246558616691,1,0,18.500974261099202,Pro,0.282870514033552,1
CUST_4333,15,23,89.96258075904895,6,2,32.89542646821487,Enterprise,0.510301449796504,1
CUST_4334,26,20,76.89932639361423,1,2,13.606065050866988,Pro,0.5467449937083112,1
CUST_4335,37,17,118.4339497373226,1,2,77.39486689309331,Enterprise,0.07682275519002146,1
CUST_4336,21,11,66.36281896269699,2,1,98.52507246957497,Pro,0.6732928604403458,1
CUST_4337,49,2,18.00716199769778,2,1,54.63783265660116,Enterprise,0.42000131200935076,1
CUST_4338,31,26,100.25145995383866,2,0,65.58644141148928,Pro,0.8895293401136996,1
CUST_4339,25,26,33.96313666975654,1,2,74.60925681336367,Basic,0.885522416889137,1
CUST_4340,23,4,94.3897470365506,6,0,22.425910243049042,Enterprise,0.7200927833744798,1
CUST_4341,24,1,115.0673160400059,2,1,33.600124763343416,Pro,0.8537831880051661,1
CUST_4342,57,15,85.13148410589925,1,1,41.23212113242347,Pro,0.9225140868680995,1
CUST_4343,38,13,73.54346850922713,1,1,59.45883121454722,Enterprise,0.5773288703059316,1
CUST_4344,28,8,57.94441020262967,4,2,85.04925781487756,Pro,0.9719063591691615,1
CUST_4345,21,25,46.907134589471376,2,0,25.420354458990612,Basic,0.9553988613899181,1
CUST_4346,54,4,45.59554636176117,1,0,47.08888007277889,Basic,0.10988266455152274,1
CUST_4347,43,10,78.18286115660291,0,0,75.15339112047117,Pro,0.5227550364437841,1
CUST_4348,18,19,91.39640844784078,1,1,8.73849995046243,Enterprise,0.11446746433075783,1
CUST_4349,36,18,83.02946299070766,1,0,51.28934583261785,Pro,0.684133564956521,1
CUST_4350,35,5,27.817161637259712,2,2,14.437970336572503,Pro,0.7652757858794331,1
CUST_4351,45,19,61.808525716501485,4,0,53.91488967273494,Basic,0.8846779662402882,1
CUST_4352,55,26,96.03860830105225,1,3,76.78227613154368,Pro,0.6500095384968161,1
CUST_4353,9,23,59.70596899174147,3,1,23.69474110449398,Enterprise,0.4539927755320734,1
CUST_4354,53,27,66.71167716958179,2,1,84.94784454847048,Basic,0.155936988658831,1
CUST_4355,38,22,93.68064553964454,2,1,33.480411008175004,Pro,0.12510398170243187,1
CUST_4356,58,16,81.04551022048553,4,0,19.078486355777013,Enterprise,0.48566728864711706,1
CUST_4357,30,1,52.07466590147515,1,3,46.532339507085204,Basic,0.8325477017783316,1
CUST_4358,44,12,107.97246178733518,1,1,87.60750821052052,Enterprise,0.7507187303842728,1
CUST_4359,34,24,23.69521289630004,2,2,6.893306117410292,Enterprise,0.8808017613032345,1
CUST_4360,32,2,119.48439158788734,2,0,32.75714662166453,Enterprise,0.8109902105612193,1
CUST_4361,3,21,18.668046524767277,3,1,65.31631689691132,Pro,0.20546655574172223,1
CUST_4362,3,25,6.719246676987474,1,0,35.75808686955855,Basic,0.2003244104452433,1
CUST_4363,28,8,107.35217363210793,3,1,7.0823994732615585,Pro,0.45801330071974167,1
CUST_4364,44,18,33.16965346208495,1,1,33.199896878047376,Basic,0.19115573223567306,1
CUST_4365,15,25,88.91545715637291,1,1,82.09593861365303,Enterprise,0.18747426948691115,1
CUST_4366,41,16,98.26676811718797,3,2,96.8037522505026,Enterprise,0.26777893593483637,1
CUST_4367,23,5,103.78343496869344,2,0,3.97791973977184,Pro,0.022567186746964563,1
CUST_4368,40,26,119.03333710137917,5,0,56.92838176350693,Enterprise,0.5713426643642829,1
CUST_4369,11,22,38.81456665459989,0,0,10.530343302684809,Enterprise,0.39660677738726824,1
CUST_4370,48,13,86.6779843216348,6,0,68.03965291560058,Enterprise,0.23739581616087657,1
CUST_4371,32,19,18.270983702295247,1,2,0.7892226008050951,Basic,0.13422390353798086,0
CUST_4372,58,29,51.78306850603768,2,0,1.4741625707373252,Basic,0.45585026768966463,1
CUST_4373,59,3,102.51674473094789,4,0,77.6879826430574,Pro,0.6019583898640402,1
CUST_4374,57,26,47.28067529679746,3,2,7.44353226972978,Basic,0.9732773333663948,1
CUST_4375,54,8,72.97596876159561,3,1,30.518167428706423,Enterprise,0.2538238661824439,1
CUST_4376,36,27,62.93394602833292,1,0,95.8040424103831,Enterprise,0.026334908818883562,0
CUST_4377,33,26,79.28442607788519,2,0,98.52471174474712,Enterprise,0.7360151068371887,0
CUST_4378,24,26,116.88285477958492,4,1,16.14028618860668,Pro,0.23516957597153743,1
CUST_4379,39,12,11.409585547661244,0,0,56.090192143585014,Enterprise,0.484263662859154,1
CUST_4380,34,2,71.00557451268742,2,0,55.91488284902999,Enterprise,0.8082251993307126,1
CUST_4381,56,11,104.24830961378275,2,0,45.238069053261334,Pro,0.03697685290457842,1
CUST_4382,28,12,60.35901185106916,1,1,92.47001582639956,Basic,0.14151925645067676,1
CUST_4383,37,28,14.030626383280874,1,1,75.40339091241603,Basic,0.09817604917705935,1
CUST_4384,7,18,69.46202552792865,4,0,76.45269356819439,Basic,0.23372637788146977,1
CUST_4385,4,13,43.18849744473935,3,0,26.95694317693431,Pro,0.17303188373288825,1
CUST_4386,37,5,22.818305313862627,4,0,43.43197722016387,Pro,0.3166018265091606,1
CUST_4387,56,22,102.6389690275994,2,0,48.742369847545305,Enterprise,0.7463045976536548,1
CUST_4388,1,12,64.98394399397898,3,0,29.89120412044165,Enterprise,0.04234374497926141,1
CUST_4389,1,2,112.32678742359266,2,3,9.481777516205803,Pro,0.07376388423293123,1
CUST_4390,47,5,97.69189802935294,3,1,12.635922497221596,Pro,0.5643238285561115,1
CUST_4391,20,7,84.69175628397174,3,3,18.06711281809218,Enterprise,0.5202597537853676,1
CUST_4392,19,26,5.577932887010872,0,0,20.365333436494836,Enterprise,0.4740750733411674,1
CUST_4393,29,26,54.199697513398746,1,0,24.226180921054407,Enterprise,0.515908934747965,1
CUST_4394,10,24,27.710922389983715,3,0,25.54600289634944,Basic,0.742038888869082,1
CUST_4395,18,12,109.7417597706198,2,0,45.57163454875359,Basic,0.5761140384734483,1
CUST_4396,28,16,25.077158237781433,1,0,50.95731908260412,Enterprise,0.4569731409090607,1
CUST_4397,35,23,37.89690594081783,1,0,30.887920812635596,Pro,0.08175099464310298,1
CUST_4398,43,8,64.43622828946741,1,1,90.72964199207281,Basic,0.9747711139732491,1
CUST_4399,47,28,35.28681618477911,2,1,55.31397233389546,Enterprise,0.23933364837142546,0
CUST_4400,31,9,29.134437887098933,3,0,78.74769280334067,Basic,0.8691579142182482,1
CUST_4401,27,15,73.89642238681652,1,1,92.42378324208434,Pro,0.3789777075600952,1
CUST_4402,11,5,15.226895116827745,0,0,16.31351145758052,Pro,0.6839364917995844,1
CUST_4403,49,13,11.689292252906343,1,1,42.78744837156345,Pro,0.45412971315384165,1
CUST_4404,49,5,47.80820894639821,1,0,43.32104017146088,Enterprise,0.354162751752804,1
CUST_4405,38,11,87.87641226840417,1,1,35.44722504383542,Enterprise,0.614305050945306,1
CUST_4406,5,10,68.80277720150403,2,1,0.890586655163994,Basic,0.5361064161127804,1
CUST_4407,8,20,53.630793873679565,1,0,81.59721077780951,Enterprise,0.2324324069629542,1
CUST_4408,34,13,70.06142988582698,3,1,11.15593215539028,Enterprise,0.33624179889169903,1
CUST_4409,48,9,47.02692073512647,0,1,99.54805979217589,Enterprise,0.03437678864072624,1
CUST_4410,52,21,112.65682857469298,7,1,77.29584919111817,Basic,0.1935836286843774,1
CUST_4411,56,14,11.314062454739048,2,2,58.00100176065145,Enterprise,0.33583300948662287,1
CUST_4412,12,18,82.44002008843106,1,0,15.460641774159745,Pro,0.9721213096073998,1
CUST_4413,38,15,107.49750645519131,3,3,51.5392971393247,Enterprise,0.527088934765627,1
CUST_4414,1,10,97.44674150455414,1,1,26.11087408578089,Enterprise,0.7007962226336119,1
CUST_4415,31,24,26.164719004466374,2,1,25.23225245430695,Pro,0.6736003662632004,1
CUST_4416,4,7,39.03153013273316,0,1,82.95292493824854,Basic,0.9808879288592972,1
CUST_4417,49,8,87.46051295131704,3,1,38.064442395943466,Enterprise,0.5556652793288567,1
CUST_4418,45,28,14.691114305788037,2,4,45.07238033908041,Enterprise,0.5854944272982194,1
CUST_4419,50,3,98.36409548074717,4,0,84.29647377801183,Enterprise,0.30007017670361547,1
CUST_4420,5,15,87.67429862955089,0,2,8.779062571884255,Enterprise,0.6261178359654517,1
CUST_4421,30,16,88.9047646620644,3,1,59.461785309104954,Pro,0.7577244219512661,1
CUST_4422,56,4,16.52775758077301,1,0,57.82156813730378,Enterprise,0.10325338066840561,1
CUST_4423,24,21,87.54246265386655,2,2,42.521456926667526,Basic,0.4801247294313947,1
CUST_4424,59,6,83.17908440029655,1,1,82.9774641424093,Pro,0.421900203845913,1
CUST_4425,3,1,100.55608644451281,2,0,94.28900613356926,Pro,0.11358449973967188,1
CUST_4426,11,4,9.783534969493992,3,2,46.533586191361074,Basic,0.341287787692379,1
CUST_4427,45,11,7.657726873796102,3,3,45.614705099839966,Enterprise,0.5351786401596007,1
CUST_4428,4,12,47.895816486034484,4,0,50.20637296707447,Enterprise,0.649869376253857,1
CUST_4429,26,26,22.110652642652582,1,0,72.31240308330615,Enterprise,0.2888943854194146,1
CUST_4430,27,29,69.21421492057551,2,2,66.80602906989623,Basic,0.47629959146645307,1
CUST_4431,46,5,110.49512367327611,2,1,22.283494920688707,Pro,0.7340794689060303,1
CUST_4432,54,23,50.02016898841181,2,0,6.389534859934331,Enterprise,0.4222477481457021,1
CUST_4433,43,29,102.16929338634948,1,1,94.92541298167893,Basic,0.9407731166137574,1
CUST_4434,27,21,5.027700569554645,3,0,26.106975973370428,Basic,0.030706159696329616,1
CUST_4435,42,16,24.379183997806184,2,1,63.85966846905917,Enterprise,0.2602272584885075,0
CUST_4436,51,13,8.498707060219846,3,0,82.84380027437224,Basic,0.13339123717581403,1
CUST_4437,50,13,42.736925759232896,1,2,30.027675054718628,Enterprise,0.5412906722020029,1
CUST_4438,6,17,109.44180350509782,0,0,63.543341365692875,Enterprise,0.17737350796938833,1
CUST_4439,59,27,16.149494213883592,1,0,10.790024114922492,Enterprise,0.7418404263883185,1
CUST_4440,15,7,74.73712432553704,0,1,96.99314443756607,Pro,0.9183500185908993,1
CUST_4441,53,8,56.92203299873608,3,1,5.815827505062588,Basic,0.20719965560306197,1
CUST_4442,30,13,112.92384442206843,3,1,43.81746738409763,Pro,0.9067631076441609,1
CUST_4443,42,23,19.089701391765793,1,0,53.68192420600233,Enterprise,0.6317552270227748,1
CUST_4444,37,27,29.38320280775633,1,3,79.0481778663364,Basic,0.1961706469047778,1
CUST_4445,58,16,8.397326390321727,1,1,12.112851707242122,Enterprise,0.7365454784499811,1
CUST_4446,37,29,54.90255370760798,1,0,44.080797385517656,Basic,0.0908736758819122,1
CUST_4447,42,4,36.950783449935244,2,0,29.971156954345236,Enterprise,0.6921482253005424,1
CUST_4448,37,8,105.03918239738691,0,1,31.201071569334005,Basic,0.8612613217742083,1
CUST_4449,35,16,74.56819351774183,1,5,77.87879160652508,Enterprise,0.9503760200945808,1
CUST_4450,23,21,75.62043486720569,4,0,0.5460945031833142,Enterprise,0.05453111736719718,1
CUST_4451,6,10,66.16973014134979,1,2,74.90836413359662,Pro,0.061935588205833,1
CUST_4452,4,25,15.562788781358115,4,3,81.03984301231063,Pro,0.9304048883334615,1
CUST_4453,18,12,56.17714862841585,1,1,90.1362243842069,Basic,0.7895925722045105,1
CUST_4454,9,12,119.9430968164794,1,0,62.68818032304835,Basic,0.774267166702143,1
CUST_4455,49,26,101.05136844729171,1,2,33.34553282722412,Pro,0.7426217293051912,1
CUST_4456,29,5,107.74779122921834,1,1,42.72347325488707,Enterprise,0.7173296159182727,1
CUST_4457,13,16,99.67103131334744,1,2,96.97360822874292,Enterprise,0.6132228783054074,0
CUST_4458,59,1,16.849794744563006,0,0,88.11868264358522,Basic,0.8127400445271854,0
CUST_4459,47,28,31.156549217451957,2,1,46.352590909944205,Basic,0.03417240077907102,1
CUST_4460,52,9,5.358989905987107,0,0,94.30630071109223,Enterprise,0.7403021085483273,1
CUST_4461,17,12,39.903664360982816,3,1,82.2954875406459,Pro,0.5829174999257406,1
CUST_4462,45,5,17.489851269846646,1,1,90.10898616597947,Basic,0.9074590917553509,1
CUST_4463,32,22,59.37123470968205,4,1,68.2977234575921,Enterprise,0.9363738407712493,1
CUST_4464,48,20,82.86966118599872,1,2,85.7654043461995,Basic,0.24133050829561775,1
CUST_4465,22,22,105.56810892937887,2,1,89.17661413343258,Pro,0.789460085239851,1
CUST_4466,4,28,91.15997398545329,4,3,9.201658454067141,Basic,0.9569987272985397,1
CUST_4467,5,24,112.9373435145281,0,0,96.52169766606585,Enterprise,0.2666495167348062,0
CUST_4468,37,3,11.198303395285711,2,0,33.36130987640633,Pro,0.851084743078627,1
CUST_4469,41,5,6.400681072902266,2,0,43.98995095833554,Enterprise,0.5865296572469995,1
CUST_4470,49,2,81.05388309116445,1,2,79.19037591928154,Pro,0.39499518580413606,1
CUST_4471,13,14,38.27552717555832,3,0,66.48963055724977,Enterprise,0.823609398036258,1
CUST_4472,34,2,34.15261685216391,3,0,89.30599124360573,Basic,0.8702990614724203,1
CUST_4473,45,13,43.05201508478634,2,0,40.057375077677214,Pro,0.28264680669523456,1
CUST_4474,22,7,36.02654665762188,4,1,37.32881636761586,Pro,0.7944629620678398,1
CUST_4475,53,10,63.81518672468253,1,3,3.1688849541319675,Pro,0.04966148222356903,1
CUST_4476,59,13,55.61707143077523,2,1,46.27253766696581,Basic,0.41766258273891077,1
CUST_4477,23,16,63.92928340831548,4,0,72.40707703291088,Pro,0.06978526298267096,1
CUST_4478,51,26,82.36206532255017,1,0,30.117871762621608,Basic,0.29383563875792706,1
CUST_4479,3,14,49.52000853168206,2,3,46.27265136738414,Basic,0.9503649445486515,1
CUST_4480,42,11,33.90038402134803,0,0,21.939776848527803,Pro,0.734737448225902,1
CUST_4481,34,10,24.11306173300573,0,4,77.27878058714607,Enterprise,0.7555995191836562,1
CUST_4482,32,6,45.189523746251936,2,0,6.05115613411471,Pro,0.13448638266103952,1
CUST_4483,45,4,90.30774465330978,3,0,70.53830550004983,Enterprise,0.5786859040324835,1
CUST_4484,51,21,92.021064662819,0,2,37.89400117449835,Enterprise,0.3888354264561813,1
CUST_4485,58,1,81.69411946868418,5,2,4.159606938712079,Pro,0.7341801545777447,1
CUST_4486,49,7,31.913240160290577,1,0,85.34695872917858,Pro,0.1570857094175624,1
CUST_4487,21,24,72.62991827329023,5,0,48.77218631811652,Enterprise,0.2819212504519919,1
CUST_4488,46,9,70.62931108133752,2,0,59.93189696161291,Pro,0.8985727744984365,1
CUST_4489,44,8,60.69061278261843,5,0,73.20306915244569,Pro,0.169779616574377,1
CUST_4490,21,5,68.24758343414439,2,0,65.50744330011888,Basic,0.6324120110618977,1
CUST_4491,44,19,61.55592275172183,2,0,73.08568708146116,Enterprise,0.3151518791886855,1
CUST_4492,11,10,70.02748209852244,5,2,76.22816845778577,Basic,0.08188528617560353,1
CUST_4493,39,11,87.28318478142981,0,4,58.91515305646109,Pro,0.22368239118076783,1
CUST_4494,4,25,17.60724235639557,4,2,36.56378309077567,Pro,0.8694093307982751,1
CUST_4495,51,15,91.20696149713773,2,0,24.314214971634264,Basic,0.9105495776259834,1
CUST_4496,1,6,20.626907264673335,4,1,90.29032366527872,Basic,0.419833593216718,1
CUST_4497,28,15,12.66221981719309,1,0,96.99248446382202,Pro,0.6209009359778455,1
CUST_4498,24,5,117.24916391546877,4,1,35.766275509820886,Enterprise,0.520498096693121,1
CUST_4499,35,29,115.05405342010077,3,3,11.231072907230022,Basic,0.2796940528203088,1
CUST_4500,13,19,11.950202668164867,6,1,22.253732711643124,Enterprise,0.34479531839634947,1
CUST_4501,47,22,55.97414576962065,1,1,67.06673459871895,Pro,0.5268204890519768,1
CUST_4502,34,19,26.418167904474092,2,1,17.293336995833076,Enterprise,0.6953620456525603,1
CUST_4503,11,10,60.81466317045808,1,2,78.01222730609881,Enterprise,0.34985617240416944,0
CUST_4504,36,12,100.47038294495255,1,1,92.30302398747135,Pro,0.6989148751655587,1
CUST_4505,51,22,114.32035409543238,3,2,96.36515150788472,Pro,0.9609808168996606,1
CUST_4506,17,4,77.93905514692679,3,1,0.932550597489068,Pro,0.024557157686254327,1
CUST_4507,35,18,45.69915172935896,1,1,95.81541649544167,Enterprise,0.16383702925102162,1
CUST_4508,18,16,74.38244004912882,2,0,74.01944191296177,Basic,0.9162712080288049,1
CUST_4509,40,8,40.88015020247179,3,4,8.405023226380226,Pro,0.07156971005530066,1
CUST_4510,22,4,109.62971869568695,5,0,41.52404687787264,Pro,0.7650467520652011,1
CUST_4511,57,25,105.09605325717125,0,1,70.0045474579509,Basic,0.6239782524752978,1
CUST_4512,24,23,69.19665128216101,1,3,95.66854926610493,Pro,0.04770090411149874,1
CUST_4513,58,12,42.35187526874146,2,2,16.414139361139256,Pro,0.0007274650717691289,1
CUST_4514,19,2,38.73981269204251,5,1,12.773328192695399,Basic,0.5019991425440418,1
CUST_4515,37,4,8.843069391081837,2,1,47.23470532618785,Enterprise,0.11734542579985785,1
CUST_4516,39,5,98.81939786790895,1,0,96.80988937384892,Enterprise,0.8722155592376817,1
CUST_4517,21,3,56.794069499485914,3,1,97.13792152580105,Enterprise,0.48077465862854496,1
CUST_4518,8,9,42.39028676603041,1,0,22.79147410529093,Pro,0.23444396128175937,1
CUST_4519,28,29,59.177690824741696,0,2,31.934714797145737,Basic,0.1682048823540182,0
CUST_4520,5,21,99.15486890228497,2,3,90.80319856446545,Enterprise,0.8357726179629139,1
CUST_4521,17,18,19.330633886364936,2,0,73.48414908520641,Basic,0.7187387593179755,1
CUST_4522,37,11,103.63043864781014,2,0,97.23164286576183,Enterprise,0.7179627727919279,1
CUST_4523,36,3,108.2135160374607,1,0,89.31483630155543,Enterprise,0.085306747690024,1
CUST_4524,54,25,113.87141022889715,2,0,21.509605031374335,Pro,0.6245178002079071,1
CUST_4525,19,23,50.71111912860219,3,1,75.97268594126834,Enterprise,0.8694825831308642,1
CUST_4526,27,2,29.971146464332264,4,3,4.856523156011661,Enterprise,0.7659006289859444,1
CUST_4527,53,9,47.968694123670325,1,0,81.7832778741474,Basic,0.11815668593245954,1
CUST_4528,34,14,43.28489106661138,0,1,60.15567624446081,Pro,0.9492793695559921,1
CUST_4529,11,4,25.257699937828907,3,2,95.61009626364617,Pro,0.06973437271751448,1
CUST_4530,54,29,74.83566706167112,2,0,96.00324554690785,Enterprise,0.5569043154756066,1
CUST_4531,45,9,59.81177845849232,1,1,5.081510902435527,Pro,0.945012332242919,1
CUST_4532,47,13,104.55561411726042,1,0,16.052148555576785,Basic,0.8222567285905222,1
CUST_4533,12,18,8.6926017554367,0,0,48.42070473186916,Pro,0.6808289946912031,1
CUST_4534,54,15,79.04481166883953,3,1,87.94935249461491,Enterprise,0.8563436648393078,1
CUST_4535,21,28,92.73912102882953,4,1,81.44451422960563,Pro,0.6732813153053462,1
CUST_4536,54,10,92.34095545665531,2,0,96.43700263517788,Pro,0.0549488147601459,1
CUST_4537,11,16,106.89850621598539,2,0,61.808411711134084,Enterprise,0.3508719453944754,1
CUST_4538,39,12,88.83888042539182,2,0,25.65635195616206,Pro,0.427122528489702,1
CUST_4539,28,20,111.69815708948508,4,0,2.510663950517733,Pro,0.5463772609802583,1
CUST_4540,5,5,43.25550897940252,3,0,22.292649072054893,Enterprise,0.22964043897312547,1
CUST_4541,17,2,62.86908292642745,2,0,67.52731979536246,Enterprise,0.8811724198591965,1
CUST_4542,56,10,6.619161277532427,1,0,92.62748233430132,Basic,0.22870066262149036,1
CUST_4543,20,1,5.8001225398784895,0,2,32.09036673082648,Enterprise,0.6575936644308454,1
CUST_4544,41,7,32.61456135192479,1,0,87.57043302892954,Enterprise,0.8766074342386487,1
CUST_4545,46,26,16.592827670994804,2,3,39.48982483411565,Pro,0.7328130581282799,1
CUST_4546,58,17,34.92430731261167,2,1,30.827124936855032,Enterprise,0.13601263168200628,1
CUST_4547,12,16,25.3599788707657,3,1,50.88442428058181,Pro,0.9513941850481353,1
CUST_4548,6,27,8.279802856444547,1,1,44.22734924096152,Enterprise,0.09191658072077435,0
CUST_4549,17,27,109.56997683669569,0,0,91.37998685170182,Basic,0.20006723972470097,0
CUST_4550,51,24,5.9456601097225255,1,1,46.82569474081265,Basic,0.13924309402311674,1
CUST_4551,19,3,89.64944659876483,3,3,27.73353872230755,Pro,0.6669170546438885,1
CUST_4552,26,14,22.4970069957444,4,0,84.25655775019037,Pro,0.807410074774025,0
CUST_4553,48,10,109.906406529954,0,0,99.87495116595667,Pro,0.23801586227688476,1
CUST_4554,44,22,107.67153305283686,3,1,64.81714191813239,Basic,0.9792484895660233,1
CUST_4555,44,7,80.1986318324646,8,1,25.04613689363586,Basic,0.13924379238618656,1
CUST_4556,52,26,82.3069272270696,1,1,23.88150770131793,Enterprise,0.31586851468967936,1
CUST_4557,32,17,5.614001326514183,1,1,5.770669621525981,Enterprise,0.49030923329937137,1
CUST_4558,6,6,118.26023010306423,1,2,7.729303851408487,Pro,0.8088475894387647,1
CUST_4559,55,23,105.95074941121865,1,1,91.49830951827624,Basic,0.3765425310449618,1
CUST_4560,58,22,107.93721595896058,1,0,9.648710704955054,Enterprise,0.17989634941178723,1
CUST_4561,36,4,80.81312176085028,6,1,48.43438482767788,Basic,0.46493625746382217,1
CUST_4562,38,17,44.6504967952717,2,2,69.81217796931783,Basic,0.47649528927184126,1
CUST_4563,11,27,107.76959464540529,3,1,85.03547827736031,Pro,0.016205201126327062,1
CUST_4564,33,9,38.52444673738712,3,0,17.12709502537273,Basic,0.020888393835373886,1
CUST_4565,24,4,69.71182748435334,5,1,43.77786791253568,Pro,0.2776388002143939,1
CUST_4566,23,7,16.469061819546475,2,0,25.14801950137775,Enterprise,0.7412208208040778,1
CUST_4567,15,23,111.02489746526626,1,1,25.582308996660164,Basic,0.3659902985317395,0
CUST_4568,27,2,21.18860264368953,1,1,30.383930748667588,Pro,0.2112043859747832,1
CUST_4569,11,17,30.863132658996836,2,1,58.71162144184673,Basic,0.1129746367566542,1
CUST_4570,57,24,69.18542818474472,2,0,1.6577471685588208,Basic,0.28052222798144766,1
CUST_4571,51,8,92.87069502449287,1,2,40.87662863155279,Enterprise,0.4814392204982513,1
CUST_4572,50,23,76.22540018267438,0,1,18.683013523279257,Pro,0.09337947106665745,0
CUST_4573,17,15,31.69539997201796,0,2,96.71185085126348,Basic,0.014933934791668269,1
CUST_4574,51,15,5.108449890661388,1,2,58.27291592503103,Basic,0.12730704192268794,1
CUST_4575,53,8,92.07231673535551,2,1,86.80954688303227,Enterprise,0.7379795277958849,1
CUST_4576,14,16,118.29884247977577,0,1,19.5689986769612,Basic,0.4663097373816718,1
CUST_4577,27,19,98.1400088352004,2,0,81.00156993237879,Pro,0.4451672450677381,1
CUST_4578,18,11,57.923761088010764,1,0,41.47824613052333,Pro,0.01975262501226016,1
CUST_4579,28,2,108.93323506089726,1,0,17.769468884940242,Pro,0.7109444806251245,1
CUST_4580,51,23,52.13248240861025,2,0,76.12452023882328,Basic,0.2019088893599773,1
CUST_4581,47,24,65.36741968799876,3,1,76.2011097615281,Basic,0.09086550929160775,0
CUST_4582,47,17,59.869923250503575,3,1,99.5887906864061,Pro,0.8420329044557737,1
CUST_4583,4,28,56.47674535653537,0,0,78.0937261798164,Basic,0.4856079557135299,0
CUST_4584,7,26,94.14693846879916,4,1,14.526724792712786,Enterprise,0.7489330813183265,1
CUST_4585,45,16,65.57842433599157,2,0,32.25447417857282,Pro,0.8218848961027702,1
CUST_4586,35,25,41.42246903289985,3,1,45.172691729114604,Enterprise,0.9646169748793257,1
CUST_4587,48,15,34.688189280725005,2,1,12.665280570979508,Enterprise,0.6236994980607433,1
CUST_4588,9,13,9.340941451254839,3,1,78.8038974447814,Basic,0.06827803451603742,1
CUST_4589,8,15,72.06744361655029,3,1,52.669853791258646,Basic,0.5576882054129162,1
CUST_4590,52,27,31.445562771118933,0,0,94.44495690957535,Pro,0.5095226382142943,1
CUST_4591,45,4,22.035401031884057,0,1,58.93081445258203,Basic,0.057563798155697454,1
CUST_4592,17,16,80.19044584018293,1,0,52.28990837382539,Enterprise,0.30630206036079477,1
CUST_4593,17,12,83.33906464947812,3,0,7.142515293286433,Basic,0.41217800018668815,1
CUST_4594,49,4,91.49781260963158,2,1,14.934590494457778,Pro,0.160975330664612,1
CUST_4595,33,3,62.91134307893802,3,1,84.95260767641511,Basic,0.008761643191947277,1
CUST_4596,32,22,107.81627959844695,0,1,99.06759778258083,Enterprise,0.7569782374834259,0
CUST_4597,8,17,112.6794166407962,4,1,41.51791358982695,Enterprise,0.8516344115084367,1
CUST_4598,19,22,97.84765807613628,1,0,81.0086083724929,Pro,0.22910165161986462,1
CUST_4599,38,18,78.09325043094152,1,2,62.758576633065175,Pro,0.0038003380729147995,1
CUST_4600,3,25,39.9279096629867,5,0,95.90592736717136,Basic,0.8899369474362431,1
CUST_4601,59,18,118.03866598632544,4,1,23.813723544409328,Basic,0.13395998164139167,1
CUST_4602,5,23,36.52565922707291,0,3,54.4835743007943,Pro,0.4032294090354154,0
CUST_4603,13,28,28.30554602889957,2,2,40.87958183425956,Enterprise,0.3659662475490204,1
CUST_4604,47,17,55.84772308545702,3,1,54.171597594301524,Basic,0.16426140058424155,1
CUST_4605,46,12,11.536665631924674,1,0,26.88580834188552,Pro,0.5988105618035469,1
CUST_4606,31,23,117.52686343725594,1,2,49.7746162715744,Pro,0.9185420901064933,1
CUST_4607,55,21,72.66985898788886,3,2,62.48041467247651,Enterprise,0.5137233337530444,1
CUST_4608,16,24,69.04949054138015,3,0,8.121588399949209,Pro,0.9729123867645753,1
CUST_4609,50,4,80.41657218846778,2,0,74.29872548076231,Basic,0.19077175936872492,0
CUST_4610,32,12,62.15771949437877,0,0,70.65229631604173,Basic,0.8485023539011394,1
CUST_4611,22,26,8.687304465872282,3,1,88.04576014514852,Pro,0.2569080788268624,1
CUST_4612,29,23,75.41579821664563,0,0,42.58565518099255,Pro,0.25054150752229176,1
CUST_4613,22,22,87.35999584998953,1,5,6.166913261471773,Enterprise,0.11769145597509623,1
CUST_4614,43,21,52.926141971766114,4,2,46.14611290216869,Enterprise,0.8636330066848936,1
CUST_4615,3,20,92.08899078818719,2,0,13.760917206196144,Pro,0.7250587312738439,1
CUST_4616,54,15,31.10514942391837,3,0,64.74468135218177,Basic,0.3416568336000837,1
CUST_4617,10,23,30.44680797261116,0,2,4.713152413130583,Enterprise,0.34941680956582843,1
CUST_4618,42,28,23.562953584071003,1,2,37.39964062276952,Pro,0.8447946117930456,1
CUST_4619,21,16,47.77939737575361,3,1,8.284289848749538,Enterprise,0.9275817379060489,1
CUST_4620,16,5,102.4063840697446,1,1,0.3366434071603308,Enterprise,0.6024259108853152,1
CUST_4621,12,21,100.2098871471424,0,2,96.05572239015918,Enterprise,0.40683935455758324,1
CUST_4622,2,15,49.024783915802935,1,1,99.61273480262803,Enterprise,0.05314362067519263,1
CUST_4623,41,17,72.7486546377272,2,1,55.55029515318131,Enterprise,0.12656501479354687,1
CUST_4624,24,18,87.89387639461529,2,1,23.89558499454839,Enterprise,0.14178782259721145,1
CUST_4625,35,5,32.73877908222264,3,0,91.10990368086574,Basic,0.276803344534693,0
CUST_4626,56,13,24.336224877895916,3,2,92.30365970761066,Enterprise,0.25703182287474646,1
CUST_4627,30,19,116.79103921941577,3,3,85.45088911707059,Pro,0.5428816478410936,1
CUST_4628,57,13,76.01909101910613,3,0,54.43699845673821,Pro,0.9440998804919605,1
CUST_4629,30,18,117.86280801087135,3,1,7.470216089602744,Enterprise,0.8616610218664936,1
CUST_4630,47,14,43.84193852020635,3,0,8.843892753679782,Enterprise,0.509163003739503,1
CUST_4631,35,4,85.84864549702512,3,0,89.66197877126551,Pro,0.017298259787638215,1
CUST_4632,19,4,30.599418202242337,1,0,87.58268474572294,Enterprise,0.06839890324402098,1
CUST_4633,50,20,35.03801969649999,2,1,43.43972491812177,Pro,0.8603509071153727,1
CUST_4634,8,20,63.86874394600676,3,0,32.81546194764253,Pro,0.2836300265914605,0
CUST_4635,26,19,41.75608443342819,0,3,64.41239201441022,Basic,0.3180904177038125,0
CUST_4636,49,13,24.276479841667214,1,0,80.69879482555248,Basic,0.13977745618250736,1
CUST_4637,40,12,35.23128072877249,1,0,73.1684942051821,Pro,0.2231134153857196,1
CUST_4638,7,7,9.111065363574433,3,0,61.56029380507063,Enterprise,0.2471881685145879,1
CUST_4639,30,25,86.00871646991096,2,0,23.15110444448314,Pro,0.41209346527303115,1
CUST_4640,7,12,61.593415564874086,3,4,26.250486922071513,Pro,0.6231455114799206,1
CUST_4641,3,21,15.837952636520447,1,3,72.40674813977017,Enterprise,0.35315608370396334,1
CUST_4642,1,4,24.744809209776488,3,0,80.2619852451031,Basic,0.4498632669512952,1
CUST_4643,36,27,16.791471882954063,0,1,11.61351880995899,Pro,0.18190009693714326,0
CUST_4644,25,2,75.4481729517258,1,3,18.729704771130606,Basic,0.05638970700687229,1
CUST_4645,37,2,15.834191815436787,1,1,68.04702621773714,Enterprise,0.3482403767294523,1
CUST_4646,1,5,91.74246829904985,1,1,38.89865874714011,Basic,0.062491463766366384,1
CUST_4647,15,23,7.358755721844985,1,5,56.32928672710307,Enterprise,0.2997201378127534,1
CUST_4648,37,10,33.67821561952759,2,1,61.48149526556361,Enterprise,0.8375987884212133,1
CUST_4649,13,10,107.42666772756932,0,1,77.62034672673319,Basic,0.36693084320202907,0
CUST_4650,40,9,87.63110158405829,5,1,80.57169507169075,Pro,0.1932617655599601,1
CUST_4651,8,13,13.391358286454087,2,2,28.00962452614565,Pro,0.9020675434209038,1
CUST_4652,5,7,99.42950201579568,1,0,54.12967289221713,Enterprise,0.6393493423425579,1
CUST_4653,9,5,61.69903897712355,3,2,12.352393862188027,Basic,0.988251801543263,1
CUST_4654,1,26,102.38004812441537,3,1,84.20151686975487,Basic,0.30025141945147094,1
CUST_4655,36,10,74.08507406179524,4,1,84.54479383331956,Basic,0.20036907375906143,1
CUST_4656,35,10,83.41079868377875,1,0,29.950571899945643,Basic,0.29794028312771415,1
CUST_4657,2,6,119.25267944550643,4,0,16.062020742204254,Enterprise,0.8124923592305138,1
CUST_4658,40,27,31.71858778126209,2,1,7.0091778200266575,Basic,0.15152852899228852,1
CUST_4659,23,28,76.75374109755965,1,1,57.49764419115859,Basic,0.2410783056204142,0
CUST_4660,9,19,57.93695985660081,3,3,9.142810039987982,Pro,0.7016329589632311,1
CUST_4661,34,21,9.536974586109515,6,2,68.05948446206,Enterprise,0.7380004313777001,1
CUST_4662,46,8,6.664123772829479,4,2,67.81264010341464,Basic,0.9588413391454708,1
CUST_4663,14,1,18.711286449053745,2,2,61.39874071316246,Basic,0.9801516768342642,1
CUST_4664,4,28,79.64555016193303,0,3,87.65605018630944,Enterprise,0.66353111901764,1
CUST_4665,30,17,70.2237551100401,3,1,37.828069272913176,Enterprise,0.36279462092356296,1
CUST_4666,31,7,68.64439953382865,2,2,90.22695826245776,Pro,0.4530141664557549,1
CUST_4667,38,14,8.663527690749909,2,0,3.6925368846130846,Enterprise,0.43926771082471827,1
CUST_4668,11,21,58.969844581400814,3,1,11.275698792140753,Basic,0.3873779768318636,1
CUST_4669,35,21,111.33162405189078,1,1,41.22055625184433,Pro,0.33824522561432735,0
CUST_4670,8,17,50.72306497072436,1,0,59.39930186885734,Basic,0.16790032739419924,1
CUST_4671,3,9,76.86608402567248,1,0,3.23756366393656,Enterprise,0.3661590374631314,1
CUST_4672,14,17,94.6791476966615,4,0,56.743447142426405,Enterprise,0.9692297343298115,1
CUST_4673,13,5,95.15140710131708,1,1,30.739831648303138,Enterprise,0.8821563430745782,1
CUST_4674,45,26,64.7172094754562,3,1,88.71468078118292,Pro,0.6173266366947183,1
CUST_4675,32,25,103.66447372126868,4,6,53.32845916687309,Basic,0.1928059806501603,1
CUST_4676,34,20,50.0084807368309,1,2,58.78939082174337,Basic,0.8786647424112171,0
CUST_4677,45,29,107.1997197002518,2,1,94.56218111148833,Pro,0.3118659996331984,1
CUST_4678,19,8,32.626124135487714,1,2,76.41710266545935,Enterprise,0.5457148704730019,1
CUST_4679,59,6,37.22488680391567,2,0,43.827326614676565,Basic,0.9117947877803214,1
CUST_4680,38,11,11.108871782885126,1,1,47.68796149560194,Enterprise,0.3346901055708109,1
CUST_4681,16,19,96.49191120236253,2,0,64.79238685593988,Enterprise,0.9133427337646761,1
CUST_4682,2,4,52.96135216676114,3,1,20.01992166505131,Basic,0.2351283579083201,1
CUST_4683,40,18,31.34841059981089,0,1,8.865084049412264,Enterprise,0.9287031038302764,1
CUST_4684,17,1,31.655881925906662,1,0,31.123651594561842,Basic,0.3586654722469149,1
CUST_4685,55,13,108.66099324136181,0,1,77.83827979362303,Basic,0.37460120881744297,1
CUST_4686,34,14,100.90040905301925,4,1,25.732379876995104,Pro,0.5530079216457128,1
CUST_4687,42,24,68.65605181607609,3,1,13.07592003359197,Basic,0.34702647299373823,1
CUST_4688,16,1,75.85274204780792,1,0,21.902259846226023,Pro,0.4499824119218444,1
CUST_4689,38,29,59.54744061328346,2,0,67.89729120057063,Enterprise,0.5013239751436608,1
CUST_4690,2,11,50.04165243106302,1,1,61.39480566935188,Pro,0.4910195485799501,1
CUST_4691,2,17,110.27984134010812,2,3,68.83149972964362,Enterprise,0.9611094554136181,1
CUST_4692,26,4,19.44546090483474,6,0,32.1958122680382,Pro,0.2817884528002379,1
CUST_4693,13,26,53.121380817366216,6,1,90.08561269332716,Enterprise,0.2845795798358698,1
CUST_4694,56,12,44.62461941860566,2,1,45.17703573281454,Basic,0.8379216899253457,1
CUST_4695,47,10,62.287332828882064,2,2,51.37130319269436,Pro,0.3920088418494072,1
CUST_4696,31,6,57.627665572695136,3,1,94.88079760021272,Basic,0.07319714391050902,1
CUST_4697,34,25,64.67229613987436,2,0,97.92772679449756,Basic,0.4812539790961142,0
CUST_4698,39,1,21.09068238110432,0,2,66.15427259165517,Enterprise,0.5502289144464916,1
CUST_4699,3,7,64.01127267402686,2,1,94.48131925757912,Enterprise,0.6176927346525111,1
CUST_4700,8,26,32.87816359702925,2,0,54.15073863404432,Enterprise,0.2350932587373591,1
CUST_4701,23,27,26.198105133641995,2,2,30.72829455667717,Enterprise,0.973259438821466,1
CUST_4702,14,21,12.45593516041199,4,1,31.509285596654134,Pro,0.737018271696466,1
CUST_4703,56,28,92.7050442569562,4,1,55.894058988234555,Basic,0.7201406992704477,1
CUST_4704,55,16,54.155820898504395,2,1,60.50361206551984,Enterprise,0.8728724638255291,1
CUST_4705,27,24,77.06402358085221,0,0,43.96170699197489,Basic,0.026127564565097683,1
CUST_4706,54,14,88.67323448004548,2,3,88.37714835118439,Pro,0.6131422287700009,1
CUST_4707,29,23,83.12141651105865,0,1,42.66961187135505,Enterprise,0.8178369088943284,1
CUST_4708,39,20,59.10758269531346,3,1,27.342364699766787,Pro,0.034373745037179715,1
CUST_4709,53,20,49.60833082944893,2,0,0.7981878343539806,Pro,0.7561457141564878,1
CUST_4710,39,6,48.23538960867633,1,1,97.05692781576369,Basic,0.9896972501388173,1
CUST_4711,1,22,78.60561164695648,2,3,82.43132831429443,Basic,0.5934103496414983,1
CUST_4712,17,25,61.90135081831544,3,1,61.5559584685329,Pro,0.42469238988854785,1
CUST_4713,41,28,102.65020851867872,3,0,83.05422539034613,Pro,0.45360836507431657,1
CUST_4714,30,5,105.59072819757189,3,1,81.02892302509439,Enterprise,0.6794807765332243,0
CUST_4715,53,24,24.614443470749624,1,0,93.18507802258252,Basic,0.5699557614762008,0
CUST_4716,13,21,20.666869927758448,2,2,38.60676833603749,Pro,0.7875702365254175,1
CUST_4717,21,18,77.49610649413994,1,1,55.485224208594076,Pro,0.4216375620530143,1
CUST_4718,19,15,39.640961027162135,2,0,9.862802372024593,Basic,0.4173246512347992,1
CUST_4719,53,6,7.135632657986369,2,1,96.5315425718973,Pro,0.745965376524088,1
CUST_4720,19,25,107.19390697673984,1,0,98.51270692824998,Enterprise,0.6455186712406628,1
CUST_4721,57,29,31.09358823303795,4,2,78.90842479312016,Pro,0.7780980330536021,1
CUST_4722,25,19,111.86727494386804,1,2,45.412098314833685,Pro,0.887163724411781,1
CUST_4723,22,1,87.50496185099917,2,0,49.656675091435766,Basic,0.2634058445078903,1
CUST_4724,31,1,92.70515133982069,0,2,43.5366932987857,Basic,0.31503587126388266,1
CUST_4725,17,13,28.168072016213447,0,1,29.331063652223044,Enterprise,0.5269507416384711,0
CUST_4726,55,3,31.932358945933487,2,1,52.779140554876655,Pro,0.9304527908079876,1
CUST_4727,23,10,64.94579168976756,0,1,5.344506950056682,Enterprise,0.8346878998137655,1
CUST_4728,32,21,24.791483054734147,4,1,99.18870619371684,Pro,0.46844571925734724,1
CUST_4729,10,3,40.12464465854871,2,0,42.40501351641408,Pro,0.573118887765754,1
CUST_4730,10,9,41.968184963997516,0,0,92.73665840371062,Basic,0.712310123631173,1
CUST_4731,36,8,23.357442324067872,0,1,72.42714606600036,Enterprise,0.5226800851945507,1
CUST_4732,8,3,28.596025840443485,5,1,28.994291686393403,Pro,0.09844872092902146,1
CUST_4733,54,25,95.68346183094951,2,2,22.205261817460244,Pro,0.35273678743499914,1
CUST_4734,52,13,24.227523272935862,1,2,99.56754337623562,Basic,0.047612273858685716,1
CUST_4735,20,6,8.272600062051087,2,2,77.21263550540357,Basic,0.6698653563302638,1
CUST_4736,32,13,77.37581840232792,1,0,24.966147414934092,Basic,0.33712378430713363,1
CUST_4737,50,23,117.23805873013174,2,1,6.74450481772606,Enterprise,0.7383626937842142,1
CUST_4738,14,20,43.08958868165896,1,2,69.69165453013787,Enterprise,0.42971016411778307,1
CUST_4739,50,20,18.645405867569014,3,0,30.301645681107637,Pro,0.04558832730586859,1
CUST_4740,28,12,70.59454241726604,0,0,22.133081262771736,Enterprise,0.3796160362499622,1
CUST_4741,46,13,109.23073427599931,0,0,73.4937415149336,Basic,0.21869455910089708,1
CUST_4742,52,2,95.16710468027506,1,1,67.92613226543476,Basic,0.21429075079524473,1
CUST_4743,53,21,76.58932486746234,3,1,48.14126747601911,Enterprise,0.377609835883574,1
CUST_4744,24,24,41.23149710987393,3,3,94.26559327703731,Pro,0.9783263103315148,1
CUST_4745,15,23,67.31621992676529,2,1,67.96383660574911,Pro,0.9600692554287527,1
CUST_4746,22,16,15.493156749989367,2,0,89.34195606199093,Pro,0.8034542287325565,1
CUST_4747,30,23,83.07872379227705,3,0,19.05529423497191,Pro,0.2454672502918186,1
CUST_4748,4,6,88.38604217322985,3,1,29.66459100808887,Basic,0.7639291034983515,1
CUST_4749,13,19,115.97863663464067,2,0,10.452013369372825,Enterprise,0.015363448535070878,1
CUST_4750,59,21,34.94569625568324,1,0,30.457999787203537,Basic,0.0563490566047109,1
CUST_4751,23,13,7.122488189947604,1,1,97.17783292063804,Pro,0.8357327659896103,1
CUST_4752,8,17,67.74497340912232,1,1,96.28562460923007,Pro,0.5642366015593194,1
CUST_4753,18,23,86.28090800563366,1,2,76.0386354550991,Basic,0.37330767503005,1
CUST_4754,12,9,95.89685972654362,0,0,52.104826278295725,Pro,0.7404583598666351,1
CUST_4755,55,17,27.27997729785322,3,0,78.0779798792245,Basic,0.11436298373454934,1
CUST_4756,31,29,35.10157993925772,2,2,55.348695121371996,Basic,0.28668646124261044,1
CUST_4757,14,2,63.94795640573908,3,1,0.3508504671443369,Basic,0.727608562227965,1
CUST_4758,34,19,43.01909314655021,3,3,50.15470739436155,Basic,0.20716882293378203,1
CUST_4759,18,19,103.95882095755618,2,0,59.89234460110525,Pro,0.6006426308789864,1
CUST_4760,56,24,59.48241767995283,4,2,26.57483575030042,Pro,0.447663250478312,1
CUST_4761,34,7,96.95154407173034,0,0,20.329356424166157,Pro,0.2023638241223934,1
CUST_4762,11,22,71.77127245547068,0,1,27.38090948056513,Enterprise,0.8883827098070421,1
CUST_4763,41,10,93.90536628596787,3,1,62.36277495178657,Basic,0.4355275592673499,1
CUST_4764,12,10,43.257393450987244,1,1,14.60641149355525,Enterprise,0.5988399756074366,1
CUST_4765,49,27,100.61291152198578,1,0,72.03283013294994,Basic,0.25303763538527135,1
CUST_4766,15,20,36.57581628836748,3,2,42.26748209616095,Basic,0.34680495502435005,1
CUST_4767,57,9,67.80136292037844,0,0,35.33478592053255,Pro,0.048983838546527436,0
CUST_4768,31,17,29.610818014995534,5,3,80.72312916803529,Basic,0.4832143326150454,1
CUST_4769,49,27,59.68554998701224,1,0,50.60632494365266,Enterprise,0.3448460738215232,0
CUST_4770,58,15,41.59014909350086,1,2,37.840056119092814,Pro,0.3294037710708032,1
CUST_4771,29,2,35.67089452327964,3,1,87.81547155606046,Pro,0.8899432908591449,1
CUST_4772,26,4,116.20327707322431,2,3,36.82516321994758,Basic,0.7038698982153427,1
CUST_4773,18,19,23.40852213097402,4,2,85.90002829433705,Pro,0.45728952649802634,1
CUST_4774,32,17,95.54247130760045,5,1,50.41986984625583,Enterprise,0.19535120726570843,1
CUST_4775,22,5,118.17897034056972,0,1,20.800709745500722,Basic,0.9732514044561892,1
CUST_4776,38,7,7.2886706301089506,0,0,61.28181881110838,Enterprise,0.07476529062418558,0
CUST_4777,17,18,85.38815261484092,1,0,28.532352626996126,Pro,0.13610603518478648,1
CUST_4778,23,21,34.08485763897302,1,0,14.715513217619513,Enterprise,0.2703215392603807,1
CUST_4779,24,22,9.656099797755012,3,0,8.65293713977795,Enterprise,0.9545283553255931,1
CUST_4780,50,27,51.33230158001254,2,2,24.1697335797442,Pro,0.2788821052972593,1
CUST_4781,8,7,112.55004816965062,3,0,73.65546420021913,Basic,0.49142632198354386,1
CUST_4782,41,17,6.352985852204734,0,2,83.79992223757426,Basic,0.7611647290806153,1
CUST_4783,6,7,72.6068545719249,2,0,86.17208459819216,Pro,0.9291856337161614,1
CUST_4784,5,4,62.6605950384623,2,2,27.014827370994364,Basic,0.6050900092692076,1
CUST_4785,44,8,105.43917890267046,3,0,66.09729329453418,Enterprise,0.3842774027529535,1
CUST_4786,57,13,14.660197169871951,2,1,23.03540599149295,Pro,0.9855086500603568,1
CUST_4787,29,4,83.37549343696479,3,2,62.27621139682403,Pro,0.026162625144107166,1
CUST_4788,28,6,83.21261531982688,5,0,88.72109930416968,Basic,0.8321731664465254,1
CUST_4789,11,25,81.94420193916257,4,0,4.089368260208137,Basic,0.2774298193546537,1
CUST_4790,57,5,113.36846691752925,3,0,98.52256677254061,Pro,0.8174518126738354,1
CUST_4791,1,12,99.65506583579125,1,0,82.7087877458445,Pro,0.1621668782666319,1
CUST_4792,43,4,9.82686351800319,1,2,76.16621162936984,Pro,0.34681841503719335,1
CUST_4793,19,24,59.17452783101901,3,3,69.1362893711791,Pro,0.0559713268618407,1
CUST_4794,9,29,50.76460146315335,2,1,77.02738889138784,Enterprise,0.19962225608436512,1
CUST_4795,27,9,40.66693042544224,2,0,99.4595356040546,Enterprise,0.6027923363881934,1
CUST_4796,34,4,56.90372339272119,2,1,77.01912971125407,Pro,0.7615020563520749,1
CUST_4797,44,19,49.18233126648741,2,1,35.1600784668327,Pro,0.9112267942765339,1
CUST_4798,4,24,54.71839848604651,1,0,61.39218529335032,Pro,0.11968553675881033,0
CUST_4799,36,14,117.61511454499389,1,1,33.69230161598358,Enterprise,0.14057285229267702,1
CUST_4800,18,5,15.192792096201787,2,0,97.00654432566708,Basic,0.9387755512861177,1
CUST_4801,15,18,111.05655003145392,4,0,90.01397328257003,Enterprise,0.7659746593229758,1
CUST_4802,51,10,60.22722204916807,3,2,56.762022746282845,Pro,0.5397514560148039,1
CUST_4803,13,25,76.73035823244723,0,3,78.12737544934491,Pro,0.47672556519220644,1
CUST_4804,19,19,100.47104116103479,4,2,90.96869429717638,Pro,0.15771592028800485,1
CUST_4805,49,12,46.45324835216439,1,1,24.36002636565593,Pro,0.3793013383826591,0
CUST_4806,6,18,54.49851943011619,3,2,57.94818569288046,Enterprise,0.37260477098177636,1
CUST_4807,48,17,52.0946252320521,3,1,48.17163192525483,Basic,0.6483464948529718,1
CUST_4808,56,24,48.09406759161238,1,0,77.15913548429414,Pro,0.5989049582602607,0
CUST_4809,12,11,111.43587198939292,2,1,37.90825213338287,Pro,0.05971102987031163,1
CUST_4810,51,3,100.32693748719639,4,1,70.89796397081916,Pro,0.8484801395164083,1
CUST_4811,37,23,17.534998834242252,4,0,40.29930890117378,Basic,0.9375477300608563,1
CUST_4812,17,17,17.434185534866046,2,0,11.107486464450423,Enterprise,0.7802083816230577,1
CUST_4813,58,1,54.204994208093986,0,2,10.712143160831722,Basic,0.17838437977481292,1
CUST_4814,23,15,16.34559832427304,3,2,11.905632455318738,Enterprise,0.17216832941137628,1
CUST_4815,26,28,76.19570595617876,1,1,3.251987593216177,Pro,0.7261121651569413,1
CUST_4816,29,9,21.5245348350994,1,2,53.297317159677206,Basic,0.44086761593539736,1
CUST_4817,33,15,65.07292535618213,0,1,67.19026819837349,Basic,0.7788038554302316,1
CUST_4818,27,28,5.830293905427542,5,0,12.672840182568956,Pro,0.07547901123652334,1
CUST_4819,25,24,41.40858006745437,4,0,61.185800022161196,Basic,0.716436490310582,1
CUST_4820,56,28,82.87693322235538,3,0,59.774007825791195,Pro,0.42409595694571145,1
CUST_4821,55,29,60.66447812620257,4,2,14.709405139686238,Pro,0.030984891583156537,1
CUST_4822,10,3,117.50099088988364,1,0,40.408259996126326,Enterprise,0.5451579561435339,1
CUST_4823,47,22,105.52193654761425,1,0,75.5135709770984,Enterprise,0.6990358504781887,0
CUST_4824,23,27,46.29313958996239,3,3,1.67560255520115,Pro,0.5282395444714415,1
CUST_4825,21,19,10.23095226931158,2,1,14.69478838983882,Pro,0.1228799419389992,1
CUST_4826,21,13,102.24702451322716,1,3,99.58283743247446,Basic,0.8159091207073339,1
CUST_4827,43,12,109.7919456861872,2,1,73.35448971490595,Pro,0.3170848304850089,1
CUST_4828,13,20,99.37215024318922,2,0,46.413027921925575,Pro,0.9214598684638459,1
CUST_4829,37,1,19.71424320577296,2,1,62.98014120916252,Basic,0.9068754563429419,1
CUST_4830,33,21,119.76024045741309,0,0,84.62209705984745,Pro,0.20036244553664895,1
CUST_4831,24,17,34.73718547856899,3,3,84.23045855536367,Pro,0.4763653833306911,1
CUST_4832,44,13,88.28356497296255,4,0,32.47014354612071,Enterprise,0.1373655239069499,1
CUST_4833,11,1,109.42401077860798,5,4,49.12914225452241,Pro,0.677746989470935,1
CUST_4834,17,10,32.104018148031585,1,0,63.80550964986437,Pro,0.8519169450251163,1
CUST_4835,4,15,109.4497337878626,3,0,7.1896916514604055,Basic,0.648373294040954,1
CUST_4836,47,27,40.590381607409704,1,0,94.57965993907523,Enterprise,0.260474848845503,1
CUST_4837,25,27,117.28752057416645,3,1,43.27418256623729,Enterprise,0.07631474479168532,1
CUST_4838,30,7,37.344902343754576,1,2,37.08623272579269,Pro,0.0692604763302529,1
CUST_4839,9,28,114.64511984715105,1,4,90.71003614498258,Enterprise,0.6109280808712562,1
CUST_4840,21,22,11.157634852657614,1,1,11.82866487531047,Enterprise,0.9533286033087945,1
CUST_4841,20,18,86.5662813420285,3,2,3.9260797387108526,Enterprise,0.6952781777497804,1
CUST_4842,19,16,66.19278039125543,3,0,68.5002412300274,Basic,0.7306261671204661,1
CUST_4843,19,14,59.955863869114026,1,3,38.50029681051041,Basic,0.3293003356520461,1
CUST_4844,12,27,30.701846139421598,2,1,76.44758088301057,Enterprise,0.5860385563112291,0
CUST_4845,37,28,86.14351582429657,2,0,6.854461152675551,Enterprise,0.3165999863478548,1
CUST_4846,42,18,26.943091516325318,0,0,38.37571435353864,Pro,0.9016657470555998,1
CUST_4847,17,27,68.57680653824835,1,0,23.53252120461122,Enterprise,0.13251398168658224,1
CUST_4848,37,7,34.12321674962884,1,1,73.96065329465972,Basic,0.6320244976740466,1
CUST_4849,54,17,114.89645867485595,2,1,22.717011042737145,Pro,0.7308448356484452,1
CUST_4850,48,29,8.292587291100075,3,0,45.794533477435486,Basic,0.6984901058389938,1
CUST_4851,39,18,27.968752212792204,2,0,81.88775511367119,Basic,0.2573166701890598,1
CUST_4852,28,12,32.86571973455649,2,0,91.53905354644695,Basic,0.48603173358654184,1
CUST_4853,41,8,52.617799963298886,1,1,72.26057936657777,Basic,0.6633468314423038,1
CUST_4854,35,22,31.763977815056155,2,1,42.922841153295366,Basic,0.930943132237593,1
CUST_4855,47,2,61.50514538091031,1,0,57.19858747427331,Pro,0.4996599853601891,1
CUST_4856,48,7,105.33353517473198,0,0,68.9689947152494,Basic,0.300508821428943,1
CUST_4857,18,4,86.88729346205464,2,3,87.4932626574118,Enterprise,0.38652093374619023,1
CUST_4858,14,18,71.69562776153776,1,0,88.85739847602918,Pro,0.5413190281025164,1
CUST_4859,35,28,15.23536546800816,2,0,93.09694914883471,Enterprise,0.9763588057077518,1
CUST_4860,44,6,84.80909246476669,4,1,81.07110989073823,Pro,0.6283316066264526,1
CUST_4861,41,27,24.137642695758082,1,1,14.679793594166679,Enterprise,0.15473616100622778,1
CUST_4862,7,9,95.43224938559527,5,1,74.7639533386243,Basic,0.8431440882350286,1
CUST_4863,41,27,33.756527228667615,3,1,81.45923735632176,Enterprise,0.18144719724946545,1
CUST_4864,13,9,52.9606037569036,0,1,87.78714276763837,Basic,0.03874619896236664,1
CUST_4865,18,14,45.30407326656171,1,0,92.4816894617826,Pro,0.10020995411009392,1
CUST_4866,37,8,103.76360018760853,1,0,50.91598135184474,Basic,0.7861217676528708,1
CUST_4867,13,19,19.552612752041938,1,1,65.50926951243105,Enterprise,0.9018956750881237,1
CUST_4868,36,3,70.0491614742507,3,1,0.9552776616969072,Basic,0.2682032535749804,1
CUST_4869,31,18,21.337085085952157,0,0,57.2783567692434,Basic,0.49810977077215524,1
CUST_4870,2,5,86.05152115520147,0,1,47.31983810739396,Pro,0.5972230158498179,1
CUST_4871,16,14,109.08398469636533,1,3,96.23060446947994,Basic,0.41869041607195334,1
CUST_4872,9,28,54.97988019473414,3,2,90.17092986027271,Pro,0.06532401865103521,1
CUST_4873,9,4,61.130609930472225,5,0,79.76039294333856,Enterprise,0.05665273867848086,1
CUST_4874,38,7,111.65362619551766,3,2,5.699418452026672,Pro,0.44034936406019676,1
CUST_4875,11,20,64.91400969467607,2,2,40.202884228333325,Enterprise,0.7978676511457249,1
CUST_4876,54,25,61.073820375699505,1,0,69.60422221945602,Enterprise,0.08462973600528978,0
CUST_4877,56,28,71.50784681099498,5,0,2.9660743564281056,Basic,0.20567571383196426,1
CUST_4878,22,12,84.26141968173947,0,0,23.581379175280116,Pro,0.2697678726007565,1
CUST_4879,33,2,17.29158813500861,2,3,88.75071901181288,Enterprise,0.5591260187245937,1
CUST_4880,36,11,99.42771069027435,2,1,12.978076729942423,Basic,0.04319602562373981,1
CUST_4881,45,14,55.08307815712482,4,2,5.137350433864418,Basic,0.8600428078549003,1
CUST_4882,23,22,13.320078638210836,4,2,58.058575628466926,Enterprise,0.47072669857045,1
CUST_4883,45,23,95.41100695779451,1,1,94.64646154277803,Basic,0.48523251380732935,1
CUST_4884,45,16,48.34924674392129,4,0,83.46247399086386,Pro,0.3265190057225428,1
CUST_4885,34,20,16.5422619359312,0,2,97.47725047209556,Enterprise,0.21200259665877375,1
CUST_4886,9,29,77.88458954747381,2,1,75.35231536962493,Enterprise,0.36366909842306083,1
CUST_4887,24,6,106.2151056448688,3,4,43.73697740845716,Basic,0.913400212356982,1
CUST_4888,8,23,107.09165358260843,2,1,94.66164395898741,Enterprise,0.09423082972701902,0
CUST_4889,7,4,115.13129960303192,3,0,42.66332784533118,Enterprise,0.06072858911774459,1
CUST_4890,36,15,104.78612787316912,2,1,35.00946163442443,Enterprise,0.1144514139375532,1
CUST_4891,18,24,5.24620572472965,4,1,44.81959177674339,Pro,0.7769775349473482,1
CUST_4892,3,25,48.727734137539876,3,1,81.39739543824645,Pro,0.04841644882968765,0
CUST_4893,28,1,99.13239668913285,3,0,91.76935498488884,Pro,0.3331652375485915,1
CUST_4894,6,7,47.11909568982453,2,1,35.76821099596755,Pro,0.42485903516088064,1
CUST_4895,44,25,74.17807823366621,1,2,46.22474565322625,Basic,0.5071110972625117,1
CUST_4896,44,12,74.72644894807118,7,0,89.8327323304383,Enterprise,0.0031992513615193285,1
CUST_4897,21,10,46.97790996446465,1,0,4.704366452866893,Pro,0.48676532741211254,1
CUST_4898,28,5,109.01450163734808,0,1,78.38686941138513,Basic,0.1949243644102826,1
CUST_4899,40,12,62.871259719403525,0,1,45.421775823433904,Pro,0.09787700292004786,1
CUST_4900,54,18,58.45018368281259,2,1,37.65183510496713,Basic,0.5332962835820788,1
CUST_4901,54,10,119.71408075111803,0,1,44.6921291836839,Pro,0.7441491966102435,1
CUST_4902,1,6,61.75254186835092,3,0,41.86906755015798,Pro,0.9347495399662745,1
CUST_4903,36,28,25.515798971786822,1,2,75.6618618187806,Enterprise,0.9126595034907086,1
CUST_4904,21,12,64.00298362929537,2,2,92.79475222441556,Pro,0.3989966262399338,1
CUST_4905,43,7,98.61192458479195,1,1,49.14558254465786,Pro,0.7040577508768934,1
CUST_4906,35,18,94.33893759330236,2,0,83.27337857825114,Basic,0.6956202187658982,1
CUST_4907,13,2,95.68690298747417,2,0,73.19445357122386,Enterprise,0.41210566067351184,1
CUST_4908,57,10,86.42273515975985,4,2,33.06807855564769,Enterprise,0.0982104032044514,1
CUST_4909,49,15,34.23505034266914,1,0,58.731381452654766,Basic,0.38200891528419734,1
CUST_4910,54,12,104.13966987162661,2,2,66.68156750156945,Pro,0.9923578824437747,1
CUST_4911,54,26,107.74599851827048,2,5,2.3499371890463028,Basic,0.5550346802792576,1
CUST_4912,10,17,27.327560111133142,3,0,39.59555512242403,Pro,0.34139100621015805,1
CUST_4913,53,4,20.0023982034103,0,3,99.26381758474568,Pro,0.7438147768639253,1
CUST_4914,44,7,117.19457138774789,3,2,63.72564270700936,Enterprise,0.6863257920085216,1
CUST_4915,47,9,104.85725581979231,3,2,33.42440692917761,Pro,0.5787999120840829,1
CUST_4916,53,19,107.72215692914388,1,0,25.00240394007278,Enterprise,0.6374326055466465,1
CUST_4917,10,28,106.93328423180544,2,0,20.948160210075628,Enterprise,0.5849379101177132,1
CUST_4918,46,27,67.29398476387877,1,1,40.16414089652075,Basic,0.9562770317859361,1
CUST_4919,13,23,79.33619971656697,0,0,19.326569060760956,Pro,0.5091339323869268,1
CUST_4920,37,7,67.71672799536879,3,0,13.518618205352817,Basic,0.590190912971432,1
CUST_4921,38,23,10.888730156887842,3,0,36.40632844269589,Basic,0.47165494784919626,1
CUST_4922,24,2,90.73285481556886,0,2,60.69996926457934,Basic,0.6002222414552641,1
CUST_4923,2,6,63.11318383362623,2,2,14.639918208612833,Basic,0.8908269070976288,1
CUST_4924,22,18,79.48654360087642,2,0,4.434327386286007,Enterprise,0.3397545672232549,1
CUST_4925,17,6,62.803577572186555,5,1,3.463281806369156,Enterprise,0.4959028691425996,1
CUST_4926,36,13,61.55830206708244,2,1,26.73842524359683,Enterprise,0.4486109555090324,1
CUST_4927,14,26,24.755747589943184,0,0,19.013229051630166,Enterprise,0.3979772816131708,0
CUST_4928,10,19,37.052077241232126,0,0,53.925536029015234,Pro,0.8210372385239322,1
CUST_4929,35,2,23.268059573554915,2,1,45.572018705089945,Enterprise,0.23194516136859578,1
CUST_4930,25,12,27.50162399691438,2,0,32.47666143390187,Pro,0.4999180005626518,1
CUST_4931,3,15,116.89239874833507,2,2,83.35428341509608,Basic,0.9246344134789473,1
CUST_4932,47,14,22.60804626380282,3,0,50.494699299652645,Pro,0.16125482348351272,1
CUST_4933,38,6,35.96609879509888,1,0,9.152999208409918,Enterprise,0.004644486504650658,1
CUST_4934,17,18,72.91781063993727,1,2,29.576435407369527,Enterprise,0.2652235659425074,1
CUST_4935,12,5,75.1705362672138,2,1,97.33392661965915,Enterprise,0.922311359915408,1
CUST_4936,54,18,22.70702492054034,1,0,97.69773207580144,Basic,0.08762447360350534,1
CUST_4937,52,3,96.27750396529942,2,1,25.467163554711924,Basic,0.13707442124550562,1
CUST_4938,24,3,95.29832980997487,4,2,16.72361287949139,Enterprise,0.3203397219583496,1
CUST_4939,29,22,32.291535983447474,4,1,49.568814621724435,Basic,0.7697036314015859,1
CUST_4940,43,22,38.19662480767795,1,2,48.14649181668466,Pro,0.7512807593102787,1
CUST_4941,25,10,112.86860452784215,3,0,41.01376872690171,Pro,0.08707028558899577,0
CUST_4942,36,19,99.95221628763997,1,1,52.935722749395296,Pro,0.9338422940365233,1
CUST_4943,58,3,85.24665880219024,2,0,23.219537851820082,Pro,0.23881880989698545,1
CUST_4944,26,29,14.45682047371906,2,1,11.492934154368717,Enterprise,0.2806367853443372,0
CUST_4945,38,12,53.10036930379621,3,0,57.0461458476435,Enterprise,0.38641771192495455,1
CUST_4946,1,29,69.31971528883511,1,2,93.2597996782375,Pro,0.6344927622863828,1
CUST_4947,20,16,26.552298118134345,2,0,13.77492766202979,Pro,0.5213094518811457,1
CUST_4948,55,17,56.54605694244582,2,0,70.48147242314624,Enterprise,0.928614900882684,1
CUST_4949,28,7,74.11797591119935,2,0,43.7896687380385,Basic,0.5646206556873159,1
CUST_4950,16,13,42.64831821327091,1,2,29.397658972880404,Pro,0.8570370322423077,1
CUST_4951,47,24,94.80865417930603,0,2,85.31092183924258,Basic,0.07820379987726345,1
CUST_4952,17,2,101.65170188846263,1,2,45.649169453718194,Enterprise,0.8559019634203935,1
CUST_4953,40,4,42.21508898491814,2,1,58.33120140679902,Pro,0.19771315176965787,1
CUST_4954,28,10,101.44557276663257,1,1,44.30562869399294,Pro,0.3625546956901209,1
CUST_4955,58,7,16.91130510184673,3,2,8.124958166955288,Basic,0.3198866347588556,1
CUST_4956,12,24,101.33884634160547,1,1,59.490468690018595,Basic,0.33728152771288133,1
CUST_4957,27,17,22.56629964177591,4,0,41.88409750381212,Basic,0.9186811018571913,1
CUST_4958,54,20,14.536622538618495,2,1,8.67566060676297,Basic,0.4415937225136912,1
CUST_4959,53,6,78.80417151071629,2,1,59.5811734418975,Pro,0.2679682302063827,1
CUST_4960,42,19,59.272797061858846,0,0,0.9870932039227509,Enterprise,0.2944020031965934,1
CUST_4961,59,5,109.40741904747577,2,0,20.85203882545923,Basic,0.803336453887567,1
CUST_4962,47,10,46.76675755044766,6,1,78.10695369052124,Basic,0.5391143022269406,1
CUST_4963,30,9,38.0225102953273,2,0,3.792742485873446,Enterprise,0.4494971190765671,1
CUST_4964,41,27,62.58451420658281,2,0,64.66820980551388,Pro,0.9268138856801197,0
CUST_4965,34,13,57.43381136339605,0,0,94.9706946207324,Enterprise,0.9300077006242325,1
CUST_4966,37,19,44.60922531497665,4,0,17.119245817300676,Enterprise,0.7561182433652236,1
CUST_4967,6,21,84.78024935030778,1,0,41.711186020957456,Basic,0.5180065139745642,1
CUST_4968,7,24,92.34961090009945,1,1,57.54976973709982,Enterprise,0.11661164006408375,0
CUST_4969,32,6,103.09315643846571,3,2,45.041583873384425,Enterprise,0.7079498349463903,1
CUST_4970,32,4,116.87850954168943,2,1,62.03776861817673,Pro,0.8151123311575937,1
CUST_4971,53,24,35.66546209523801,4,1,40.40975251669982,Basic,0.8520416673564427,1
CUST_4972,25,27,87.35075048634558,1,1,14.850412902192044,Basic,0.581865275019353,1
CUST_4973,33,3,50.3396970820107,1,0,8.90443598244557,Basic,0.6168390909165925,1
CUST_4974,55,3,82.86442677437743,4,2,74.44431561771444,Pro,0.7092909415905158,1
CUST_4975,58,4,59.737894390160335,4,2,23.86239495219048,Pro,0.873928874731844,1
CUST_4976,7,25,119.28390681831213,5,0,84.74503127667235,Pro,0.045423908280262215,1
CUST_4977,52,5,88.82374561593625,1,2,74.30272438218404,Pro,0.563221945606878,1
CUST_4978,57,8,114.53649954994732,0,1,4.945318434236167,Basic,0.3690961975724799,1
CUST_4979,12,16,101.02149819033636,4,4,20.12111170637352,Basic,0.8331592276068315,1
CUST_4980,16,22,108.83361628378768,2,0,29.19926565595382,Enterprise,0.1338111416135651,1
CUST_4981,16,3,98.65820767968762,1,1,59.448224882604016,Pro,0.9097013553862526,1
CUST_4982,43,24,57.80329999322981,4,2,80.9827000315139,Enterprise,0.12400661172144845,1
CUST_4983,53,12,33.9556721348917,0,1,6.033325515842314,Pro,0.08932670662044451,1
CUST_4984,36,25,47.58682017681005,3,1,24.96089518798109,Enterprise,0.34649919452265143,1
CUST_4985,13,8,7.327166753594302,1,0,37.620976237972094,Basic,0.9947242126874279,1
CUST_4986,7,13,65.25921425843673,2,4,18.33771545881663,Basic,0.6338027215519471,1
CUST_4987,36,4,63.081647031097,1,1,54.52920975063491,Pro,0.026438569106668752,1
CUST_4988,47,14,65.40380345550614,4,0,47.80024793583103,Basic,0.24926443951813648,1
CUST_4989,51,14,117.01359087178734,1,1,31.649564205115986,Pro,0.14916538572918592,0
CUST_4990,9,13,109.81721039730652,4,1,51.688688692035676,Enterprise,0.0010042410870407803,1
CUST_4991,32,27,23.59696950796242,0,1,35.582156435111386,Pro,0.514940771013357,1
CUST_4992,11,6,47.421489978927255,3,1,34.31940674672907,Enterprise,0.3811076709159331,1
CUST_4993,8,17,53.75496063827512,1,1,26.53955253569925,Enterprise,0.6132802423389265,1
CUST_4994,33,4,46.46128555293949,2,3,54.04379343143882,Pro,0.21636423099064017,1
CUST_4995,23,8,96.82703581445,0,0,44.411539445232684,Basic,0.8310530865841903,1
CUST_4996,25,17,65.2643320347725,1,0,19.632478412722378,Enterprise,0.3831631561790625,1
CUST_4997,56,3,70.79147895173688,2,0,1.296626089819919,Basic,0.48290469671969816,1
CUST_4998,8,17,103.09655928361144,1,2,15.092954061291941,Enterprise,0.7324859389561588,1
CUST_4999,45,9,97.68173764276624,1,0,4.283460149853924,Enterprise,0.16616512284628204,1
CUST_5000,22,2,20.204325124334463,1,0,43.15988336384321,Enterprise,0.26234338094868115,0
